Dataset,Model,15 Building use diversity,Predicted Value
All,XGBoost,0.0023788313878776,645.6968383789062
All,XGBoost,0.004519847849078072,645.6968383789062
All,XGBoost,0.006660864310278543,659.4234619140625
All,XGBoost,0.008801880771479016,658.267822265625
All,XGBoost,0.010942897232679487,638.1781005859375
All,XGBoost,0.01308391369387996,633.2315063476562
All,XGBoost,0.01522493015508043,649.7052001953125
All,XGBoost,0.0173659466162809,627.1685180664062
All,XGBoost,0.019506963077481374,605.2891845703125
All,XGBoost,0.021647979538681847,591.7214965820312
All,XGBoost,0.02378899599988232,593.9781494140625
All,XGBoost,0.02593001246108279,576.646728515625
All,XGBoost,0.02807102892228326,564.50830078125
All,XGBoost,0.030212045383483734,576.8331909179688
All,XGBoost,0.03235306184468421,577.6957397460938
All,XGBoost,0.03449407830588468,579.5206909179688
All,XGBoost,0.03663509476708515,593.1934204101562
All,XGBoost,0.03877611122828562,592.3363037109375
All,XGBoost,0.0409171276894861,593.1193237304688
All,XGBoost,0.04305814415068657,593.4374389648438
All,XGBoost,0.04519916061188704,593.429931640625
All,XGBoost,0.04734017707308751,593.4714965820312
All,XGBoost,0.04948119353428798,578.5547485351562
All,XGBoost,0.05162220999548846,578.5547485351562
All,XGBoost,0.05376322645668893,580.041748046875
All,XGBoost,0.055904242917889396,579.9624633789062
All,XGBoost,0.05804525937908987,579.9624633789062
All,XGBoost,0.06018627584029034,579.9624633789062
All,XGBoost,0.06232729230149081,579.9697265625
All,XGBoost,0.06446830876269129,579.9697265625
All,XGBoost,0.06660932522389176,579.9697265625
All,XGBoost,0.06875034168509223,579.9697265625
All,XGBoost,0.0708913581462927,579.9697265625
All,XGBoost,0.07303237460749318,580.0939331054688
All,XGBoost,0.07517339106869364,580.050537109375
All,XGBoost,0.07731440752989412,580.050537109375
All,XGBoost,0.07945542399109459,580.050537109375
All,XGBoost,0.08159644045229505,580.050537109375
All,XGBoost,0.08373745691349553,580.050537109375
All,XGBoost,0.08587847337469601,580.050537109375
All,XGBoost,0.08801948983589648,580.3189697265625
All,XGBoost,0.09016050629709695,580.3189697265625
All,XGBoost,0.09230152275829742,580.3189697265625
All,XGBoost,0.0944425392194979,580.3189697265625
All,XGBoost,0.09658355568069836,580.3189697265625
All,XGBoost,0.09872457214189884,580.1546630859375
All,XGBoost,0.10086558860309931,580.1546630859375
All,XGBoost,0.10300660506429977,580.1546630859375
All,XGBoost,0.10514762152550025,580.1557006835938
All,XGBoost,0.10728863798670073,580.1557006835938
All,XGBoost,0.10942965444790119,587.1764526367188
All,XGBoost,0.11157067090910167,587.17724609375
All,XGBoost,0.11371168737030214,584.8889770507812
All,XGBoost,0.1158527038315026,584.3941650390625
All,XGBoost,0.11799372029270308,584.3941650390625
All,XGBoost,0.12013473675390356,584.3941650390625
All,XGBoost,0.12227575321510402,584.3941650390625
All,XGBoost,0.1244167696763045,584.3941650390625
All,XGBoost,0.12655778613750496,584.3941650390625
All,XGBoost,0.12869880259870542,584.3941650390625
All,XGBoost,0.1308398190599059,584.3941650390625
All,XGBoost,0.13298083552110637,584.3941650390625
All,XGBoost,0.13512185198230683,584.3941650390625
All,XGBoost,0.13726286844350732,584.3941650390625
All,XGBoost,0.1394038849047078,584.3941650390625
All,XGBoost,0.14154490136590825,584.3941650390625
All,XGBoost,0.14368591782710874,584.3941650390625
All,XGBoost,0.1458269342883092,584.3941650390625
All,XGBoost,0.14796795074950966,584.3941650390625
All,XGBoost,0.15010896721071015,584.3941650390625
All,XGBoost,0.15224998367191062,584.3941650390625
All,XGBoost,0.15439100013311108,585.6248168945312
All,XGBoost,0.15653201659431157,585.5562133789062
All,XGBoost,0.15867303305551203,585.5562133789062
All,XGBoost,0.1608140495167125,585.4525756835938
All,XGBoost,0.16295506597791298,585.4525756835938
All,XGBoost,0.16509608243911345,585.4525756835938
All,XGBoost,0.1672370989003139,585.4525756835938
All,XGBoost,0.1693781153615144,585.4525756835938
All,XGBoost,0.17151913182271486,585.4525756835938
All,XGBoost,0.17366014828391535,585.4525756835938
All,XGBoost,0.1758011647451158,585.4525756835938
All,XGBoost,0.17794218120631627,585.4525756835938
All,XGBoost,0.18008319766751676,586.4520874023438
All,XGBoost,0.18222421412871723,586.4520874023438
All,XGBoost,0.1843652305899177,586.4520874023438
All,XGBoost,0.18650624705111818,586.4520874023438
All,XGBoost,0.18864726351231864,586.4520874023438
All,XGBoost,0.1907882799735191,586.4851684570312
All,XGBoost,0.1929292964347196,586.4851684570312
All,XGBoost,0.19507031289592006,586.0120239257812
All,XGBoost,0.19721132935712052,586.0120239257812
All,XGBoost,0.199352345818321,586.0526123046875
All,XGBoost,0.20149336227952147,586.0526123046875
All,XGBoost,0.20363437874072193,586.0526123046875
All,XGBoost,0.20577539520192242,586.0526123046875
All,XGBoost,0.20791641166312289,586.0526123046875
All,XGBoost,0.21005742812432335,586.0526123046875
All,XGBoost,0.21219844458552384,586.0526123046875
All,XGBoost,0.2143394610467243,587.537841796875
Mornings,CatBoost,0.0023788313878776,757.3688319080142
Mornings,CatBoost,0.004519847849078072,761.1151651870086
Mornings,CatBoost,0.006660864310278543,777.8282726103351
Mornings,CatBoost,0.008801880771479016,765.7561912832329
Mornings,CatBoost,0.010942897232679487,754.7330274320784
Mornings,CatBoost,0.01308391369387996,754.7330274320784
Mornings,CatBoost,0.01522493015508043,789.5741589643103
Mornings,CatBoost,0.0173659466162809,753.3956969821015
Mornings,CatBoost,0.019506963077481374,740.1477847321675
Mornings,CatBoost,0.021647979538681847,728.2741181324758
Mornings,CatBoost,0.02378899599988232,727.790554386695
Mornings,CatBoost,0.02593001246108279,727.790554386695
Mornings,CatBoost,0.02807102892228326,697.7940063108058
Mornings,CatBoost,0.030212045383483734,698.1099433154368
Mornings,CatBoost,0.03235306184468421,685.3803975727056
Mornings,CatBoost,0.03449407830588468,685.3803975727056
Mornings,CatBoost,0.03663509476708515,698.1588116563607
Mornings,CatBoost,0.03877611122828562,692.8128334220318
Mornings,CatBoost,0.0409171276894861,692.8128334220318
Mornings,CatBoost,0.04305814415068657,692.8128334220318
Mornings,CatBoost,0.04519916061188704,693.7098161847545
Mornings,CatBoost,0.04734017707308751,693.7098161847545
Mornings,CatBoost,0.04948119353428798,693.7098161847545
Mornings,CatBoost,0.05162220999548846,693.7098161847545
Mornings,CatBoost,0.05376322645668893,693.7098161847545
Mornings,CatBoost,0.055904242917889396,693.7098161847545
Mornings,CatBoost,0.05804525937908987,693.7098161847545
Mornings,CatBoost,0.06018627584029034,693.7098161847545
Mornings,CatBoost,0.06232729230149081,693.7098161847545
Mornings,CatBoost,0.06446830876269129,693.7098161847545
Mornings,CatBoost,0.06660932522389176,693.7098161847545
Mornings,CatBoost,0.06875034168509223,693.7098161847545
Mornings,CatBoost,0.0708913581462927,693.7098161847545
Mornings,CatBoost,0.07303237460749318,693.7098161847545
Mornings,CatBoost,0.07517339106869364,693.7098161847545
Mornings,CatBoost,0.07731440752989412,693.7098161847545
Mornings,CatBoost,0.07945542399109459,693.7098161847545
Mornings,CatBoost,0.08159644045229505,693.7098161847545
Mornings,CatBoost,0.08373745691349553,693.7098161847545
Mornings,CatBoost,0.08587847337469601,693.7098161847545
Mornings,CatBoost,0.08801948983589648,693.7098161847545
Mornings,CatBoost,0.09016050629709695,693.7098161847545
Mornings,CatBoost,0.09230152275829742,693.7098161847545
Mornings,CatBoost,0.0944425392194979,693.7098161847545
Mornings,CatBoost,0.09658355568069836,693.7098161847545
Mornings,CatBoost,0.09872457214189884,693.7098161847545
Mornings,CatBoost,0.10086558860309931,693.7098161847545
Mornings,CatBoost,0.10300660506429977,693.7098161847545
Mornings,CatBoost,0.10514762152550025,693.7098161847545
Mornings,CatBoost,0.10728863798670073,693.7098161847545
Mornings,CatBoost,0.10942965444790119,693.7098161847545
Mornings,CatBoost,0.11157067090910167,693.7098161847545
Mornings,CatBoost,0.11371168737030214,693.7098161847545
Mornings,CatBoost,0.1158527038315026,693.8661506625779
Mornings,CatBoost,0.11799372029270308,693.8661506625779
Mornings,CatBoost,0.12013473675390356,693.8952187862916
Mornings,CatBoost,0.12227575321510402,694.9254968192953
Mornings,CatBoost,0.1244167696763045,694.9254968192953
Mornings,CatBoost,0.12655778613750496,694.9254968192953
Mornings,CatBoost,0.12869880259870542,694.9254968192953
Mornings,CatBoost,0.1308398190599059,694.9254968192953
Mornings,CatBoost,0.13298083552110637,694.9254968192953
Mornings,CatBoost,0.13512185198230683,694.9254968192953
Mornings,CatBoost,0.13726286844350732,694.9254968192953
Mornings,CatBoost,0.1394038849047078,694.6894511405472
Mornings,CatBoost,0.14154490136590825,694.6894511405472
Mornings,CatBoost,0.14368591782710874,694.6894511405472
Mornings,CatBoost,0.1458269342883092,694.6894511405472
Mornings,CatBoost,0.14796795074950966,694.6894511405472
Mornings,CatBoost,0.15010896721071015,694.6894511405472
Mornings,CatBoost,0.15224998367191062,694.6894511405472
Mornings,CatBoost,0.15439100013311108,693.4372809596972
Mornings,CatBoost,0.15653201659431157,691.5934531287157
Mornings,CatBoost,0.15867303305551203,691.5934531287157
Mornings,CatBoost,0.1608140495167125,691.5934531287157
Mornings,CatBoost,0.16295506597791298,687.6103749156529
Mornings,CatBoost,0.16509608243911345,687.6103749156529
Mornings,CatBoost,0.1672370989003139,687.6103749156529
Mornings,CatBoost,0.1693781153615144,687.6103749156529
Mornings,CatBoost,0.17151913182271486,687.6103749156529
Mornings,CatBoost,0.17366014828391535,687.6103749156529
Mornings,CatBoost,0.1758011647451158,687.6103749156529
Mornings,CatBoost,0.17794218120631627,687.6103749156529
Mornings,CatBoost,0.18008319766751676,694.7370249822599
Mornings,CatBoost,0.18222421412871723,695.1514868320951
Mornings,CatBoost,0.1843652305899177,695.1514868320951
Mornings,CatBoost,0.18650624705111818,695.1514868320951
Mornings,CatBoost,0.18864726351231864,695.1514868320951
Mornings,CatBoost,0.1907882799735191,695.1514868320951
Mornings,CatBoost,0.1929292964347196,695.0085145280616
Mornings,CatBoost,0.19507031289592006,694.4621572230408
Mornings,CatBoost,0.19721132935712052,692.8230187617826
Mornings,CatBoost,0.199352345818321,692.8230187617826
Mornings,CatBoost,0.20149336227952147,692.8230187617826
Mornings,CatBoost,0.20363437874072193,692.8230187617826
Mornings,CatBoost,0.20577539520192242,692.8230187617826
Mornings,CatBoost,0.20791641166312289,692.8230187617826
Mornings,CatBoost,0.21005742812432335,692.8230187617826
Mornings,CatBoost,0.21219844458552384,692.8230187617826
Mornings,CatBoost,0.2143394610467243,692.8230187617826
Mornings,LightGBM,0.0023788313878776,755.3185203613983
Mornings,LightGBM,0.004519847849078072,758.6743441650756
Mornings,LightGBM,0.006660864310278543,784.4699085032752
Mornings,LightGBM,0.008801880771479016,784.6149607187446
Mornings,LightGBM,0.010942897232679487,759.598588535976
Mornings,LightGBM,0.01308391369387996,758.4895384594028
Mornings,LightGBM,0.01522493015508043,757.9865242531766
Mornings,LightGBM,0.0173659466162809,732.2420625192655
Mornings,LightGBM,0.019506963077481374,725.9711685319754
Mornings,LightGBM,0.021647979538681847,719.0024540869025
Mornings,LightGBM,0.02378899599988232,719.8177913276984
Mornings,LightGBM,0.02593001246108279,719.6235422937011
Mornings,LightGBM,0.02807102892228326,716.3351587560159
Mornings,LightGBM,0.030212045383483734,710.2074343727664
Mornings,LightGBM,0.03235306184468421,709.6855847093248
Mornings,LightGBM,0.03449407830588468,633.101002161646
Mornings,LightGBM,0.03663509476708515,653.5273811366803
Mornings,LightGBM,0.03877611122828562,653.3924045428065
Mornings,LightGBM,0.0409171276894861,653.3924045428065
Mornings,LightGBM,0.04305814415068657,653.4131470952923
Mornings,LightGBM,0.04519916061188704,652.1619852402923
Mornings,LightGBM,0.04734017707308751,652.8512176655998
Mornings,LightGBM,0.04948119353428798,652.8512176655998
Mornings,LightGBM,0.05162220999548846,652.8512176655998
Mornings,LightGBM,0.05376322645668893,652.8512176655998
Mornings,LightGBM,0.055904242917889396,652.9402806089531
Mornings,LightGBM,0.05804525937908987,652.9402806089531
Mornings,LightGBM,0.06018627584029034,652.9402806089531
Mornings,LightGBM,0.06232729230149081,652.9402806089531
Mornings,LightGBM,0.06446830876269129,652.9402806089531
Mornings,LightGBM,0.06660932522389176,652.9402806089531
Mornings,LightGBM,0.06875034168509223,652.9402806089531
Mornings,LightGBM,0.0708913581462927,652.9402806089531
Mornings,LightGBM,0.07303237460749318,652.9202119877688
Mornings,LightGBM,0.07517339106869364,652.9202119877688
Mornings,LightGBM,0.07731440752989412,652.9202119877688
Mornings,LightGBM,0.07945542399109459,652.9202119877688
Mornings,LightGBM,0.08159644045229505,652.9202119877688
Mornings,LightGBM,0.08373745691349553,652.9202119877688
Mornings,LightGBM,0.08587847337469601,652.9202119877688
Mornings,LightGBM,0.08801948983589648,652.9202119877688
Mornings,LightGBM,0.09016050629709695,652.9202119877688
Mornings,LightGBM,0.09230152275829742,652.9202119877688
Mornings,LightGBM,0.0944425392194979,652.9202119877688
Mornings,LightGBM,0.09658355568069836,652.9202119877688
Mornings,LightGBM,0.09872457214189884,652.9202119877688
Mornings,LightGBM,0.10086558860309931,652.9202119877688
Mornings,LightGBM,0.10300660506429977,652.9202119877688
Mornings,LightGBM,0.10514762152550025,652.9202119877688
Mornings,LightGBM,0.10728863798670073,652.9202119877688
Mornings,LightGBM,0.10942965444790119,652.9202119877688
Mornings,LightGBM,0.11157067090910167,652.9305651070729
Mornings,LightGBM,0.11371168737030214,652.9305651070729
Mornings,LightGBM,0.1158527038315026,653.1446859505936
Mornings,LightGBM,0.11799372029270308,653.1446859505936
Mornings,LightGBM,0.12013473675390356,653.1446859505936
Mornings,LightGBM,0.12227575321510402,653.1446859505936
Mornings,LightGBM,0.1244167696763045,653.1446859505936
Mornings,LightGBM,0.12655778613750496,653.1446859505936
Mornings,LightGBM,0.12869880259870542,653.1446859505936
Mornings,LightGBM,0.1308398190599059,653.1446859505936
Mornings,LightGBM,0.13298083552110637,653.1446859505936
Mornings,LightGBM,0.13512185198230683,653.1446859505936
Mornings,LightGBM,0.13726286844350732,653.1446859505936
Mornings,LightGBM,0.1394038849047078,663.8447447948654
Mornings,LightGBM,0.14154490136590825,663.8447447948654
Mornings,LightGBM,0.14368591782710874,663.8447447948654
Mornings,LightGBM,0.1458269342883092,663.8447447948654
Mornings,LightGBM,0.14796795074950966,663.8447447948654
Mornings,LightGBM,0.15010896721071015,663.8447447948654
Mornings,LightGBM,0.15224998367191062,663.8447447948654
Mornings,LightGBM,0.15439100013311108,663.631894915127
Mornings,LightGBM,0.15653201659431157,645.3413147871248
Mornings,LightGBM,0.15867303305551203,643.5484266984364
Mornings,LightGBM,0.1608140495167125,643.5484266984364
Mornings,LightGBM,0.16295506597791298,643.5527450318481
Mornings,LightGBM,0.16509608243911345,643.5527450318481
Mornings,LightGBM,0.1672370989003139,643.5527450318481
Mornings,LightGBM,0.1693781153615144,643.5527450318481
Mornings,LightGBM,0.17151913182271486,643.5527450318481
Mornings,LightGBM,0.17366014828391535,643.5527450318481
Mornings,LightGBM,0.1758011647451158,643.5527450318481
Mornings,LightGBM,0.17794218120631627,643.5527450318481
Mornings,LightGBM,0.18008319766751676,655.5711672417356
Mornings,LightGBM,0.18222421412871723,655.5711672417356
Mornings,LightGBM,0.1843652305899177,655.5711672417356
Mornings,LightGBM,0.18650624705111818,655.5450590125347
Mornings,LightGBM,0.18864726351231864,655.7901572386307
Mornings,LightGBM,0.1907882799735191,655.7901572386307
Mornings,LightGBM,0.1929292964347196,655.7901572386307
Mornings,LightGBM,0.19507031289592006,660.1650713127731
Mornings,LightGBM,0.19721132935712052,659.1142534861742
Mornings,LightGBM,0.199352345818321,659.1142534861742
Mornings,LightGBM,0.20149336227952147,659.1142534861742
Mornings,LightGBM,0.20363437874072193,659.1142534861742
Mornings,LightGBM,0.20577539520192242,659.1142534861742
Mornings,LightGBM,0.20791641166312289,659.1142534861742
Mornings,LightGBM,0.21005742812432335,659.1142534861742
Mornings,LightGBM,0.21219844458552384,659.1142534861742
Mornings,LightGBM,0.2143394610467243,659.1142534861742
Mornings,XGBoost,0.0023788313878776,790.9656372070312
Mornings,XGBoost,0.004519847849078072,790.9656372070312
Mornings,XGBoost,0.006660864310278543,791.3209228515625
Mornings,XGBoost,0.008801880771479016,791.4609375
Mornings,XGBoost,0.010942897232679487,782.037353515625
Mornings,XGBoost,0.01308391369387996,782.037353515625
Mornings,XGBoost,0.01522493015508043,786.3843994140625
Mornings,XGBoost,0.0173659466162809,755.1129150390625
Mornings,XGBoost,0.019506963077481374,766.5956420898438
Mornings,XGBoost,0.021647979538681847,738.0537719726562
Mornings,XGBoost,0.02378899599988232,730.3623657226562
Mornings,XGBoost,0.02593001246108279,706.9976806640625
Mornings,XGBoost,0.02807102892228326,701.3494873046875
Mornings,XGBoost,0.030212045383483734,692.8931884765625
Mornings,XGBoost,0.03235306184468421,688.594970703125
Mornings,XGBoost,0.03449407830588468,690.0036010742188
Mornings,XGBoost,0.03663509476708515,692.4708862304688
Mornings,XGBoost,0.03877611122828562,692.424560546875
Mornings,XGBoost,0.0409171276894861,692.251953125
Mornings,XGBoost,0.04305814415068657,692.251953125
Mornings,XGBoost,0.04519916061188704,691.953857421875
Mornings,XGBoost,0.04734017707308751,691.953857421875
Mornings,XGBoost,0.04948119353428798,691.953857421875
Mornings,XGBoost,0.05162220999548846,691.953857421875
Mornings,XGBoost,0.05376322645668893,692.0172119140625
Mornings,XGBoost,0.055904242917889396,690.9573364257812
Mornings,XGBoost,0.05804525937908987,690.9573364257812
Mornings,XGBoost,0.06018627584029034,690.9573364257812
Mornings,XGBoost,0.06232729230149081,690.9573364257812
Mornings,XGBoost,0.06446830876269129,691.4342651367188
Mornings,XGBoost,0.06660932522389176,691.4342651367188
Mornings,XGBoost,0.06875034168509223,691.4342651367188
Mornings,XGBoost,0.0708913581462927,691.4342651367188
Mornings,XGBoost,0.07303237460749318,691.557861328125
Mornings,XGBoost,0.07517339106869364,690.8274536132812
Mornings,XGBoost,0.07731440752989412,690.8274536132812
Mornings,XGBoost,0.07945542399109459,690.8274536132812
Mornings,XGBoost,0.08159644045229505,690.8274536132812
Mornings,XGBoost,0.08373745691349553,690.8274536132812
Mornings,XGBoost,0.08587847337469601,690.8274536132812
Mornings,XGBoost,0.08801948983589648,690.78662109375
Mornings,XGBoost,0.09016050629709695,690.78662109375
Mornings,XGBoost,0.09230152275829742,690.78662109375
Mornings,XGBoost,0.0944425392194979,690.78662109375
Mornings,XGBoost,0.09658355568069836,690.78662109375
Mornings,XGBoost,0.09872457214189884,691.3897705078125
Mornings,XGBoost,0.10086558860309931,691.388916015625
Mornings,XGBoost,0.10300660506429977,691.388916015625
Mornings,XGBoost,0.10514762152550025,691.39404296875
Mornings,XGBoost,0.10728863798670073,691.3875732421875
Mornings,XGBoost,0.10942965444790119,691.3875732421875
Mornings,XGBoost,0.11157067090910167,691.452880859375
Mornings,XGBoost,0.11371168737030214,691.4766845703125
Mornings,XGBoost,0.1158527038315026,691.9219360351562
Mornings,XGBoost,0.11799372029270308,691.9005126953125
Mornings,XGBoost,0.12013473675390356,691.9497680664062
Mornings,XGBoost,0.12227575321510402,691.9497680664062
Mornings,XGBoost,0.1244167696763045,691.9451293945312
Mornings,XGBoost,0.12655778613750496,691.9451293945312
Mornings,XGBoost,0.12869880259870542,691.9451293945312
Mornings,XGBoost,0.1308398190599059,691.9451293945312
Mornings,XGBoost,0.13298083552110637,691.9451293945312
Mornings,XGBoost,0.13512185198230683,691.9451293945312
Mornings,XGBoost,0.13726286844350732,691.9451293945312
Mornings,XGBoost,0.1394038849047078,691.9451293945312
Mornings,XGBoost,0.14154490136590825,691.9451293945312
Mornings,XGBoost,0.14368591782710874,691.9451293945312
Mornings,XGBoost,0.1458269342883092,691.9451293945312
Mornings,XGBoost,0.14796795074950966,691.9451293945312
Mornings,XGBoost,0.15010896721071015,691.9451293945312
Mornings,XGBoost,0.15224998367191062,691.9451293945312
Mornings,XGBoost,0.15439100013311108,690.14990234375
Mornings,XGBoost,0.15653201659431157,690.14990234375
Mornings,XGBoost,0.15867303305551203,690.14990234375
Mornings,XGBoost,0.1608140495167125,688.3567504882812
Mornings,XGBoost,0.16295506597791298,688.3567504882812
Mornings,XGBoost,0.16509608243911345,688.3567504882812
Mornings,XGBoost,0.1672370989003139,688.7100219726562
Mornings,XGBoost,0.1693781153615144,688.7100219726562
Mornings,XGBoost,0.17151913182271486,688.7100219726562
Mornings,XGBoost,0.17366014828391535,688.7100219726562
Mornings,XGBoost,0.1758011647451158,688.7100219726562
Mornings,XGBoost,0.17794218120631627,688.7100219726562
Mornings,XGBoost,0.18008319766751676,692.6989135742188
Mornings,XGBoost,0.18222421412871723,692.6989135742188
Mornings,XGBoost,0.1843652305899177,692.6989135742188
Mornings,XGBoost,0.18650624705111818,692.6989135742188
Mornings,XGBoost,0.18864726351231864,692.7142944335938
Mornings,XGBoost,0.1907882799735191,692.7089233398438
Mornings,XGBoost,0.1929292964347196,692.7089233398438
Mornings,XGBoost,0.19507031289592006,693.4578247070312
Mornings,XGBoost,0.19721132935712052,693.447998046875
Mornings,XGBoost,0.199352345818321,692.6612548828125
Mornings,XGBoost,0.20149336227952147,692.6612548828125
Mornings,XGBoost,0.20363437874072193,692.6612548828125
Mornings,XGBoost,0.20577539520192242,692.6612548828125
Mornings,XGBoost,0.20791641166312289,692.6612548828125
Mornings,XGBoost,0.21005742812432335,692.6612548828125
Mornings,XGBoost,0.21219844458552384,692.6612548828125
Mornings,XGBoost,0.2143394610467243,691.4197387695312
Lunches,CatBoost,0.0023788313878776,1155.3651385914884
Lunches,CatBoost,0.004519847849078072,1157.569250133342
Lunches,CatBoost,0.006660864310278543,1156.5412386659345
Lunches,CatBoost,0.008801880771479016,1156.5412386659345
Lunches,CatBoost,0.010942897232679487,1127.1432949386767
Lunches,CatBoost,0.01308391369387996,1129.5677424352389
Lunches,CatBoost,0.01522493015508043,1147.2324685034093
Lunches,CatBoost,0.0173659466162809,1125.8294619957237
Lunches,CatBoost,0.019506963077481374,1126.78674005662
Lunches,CatBoost,0.021647979538681847,1128.0899086412726
Lunches,CatBoost,0.02378899599988232,1128.4162031605115
Lunches,CatBoost,0.02593001246108279,1096.9305733031547
Lunches,CatBoost,0.02807102892228326,1077.1571515317435
Lunches,CatBoost,0.030212045383483734,1079.1110047684883
Lunches,CatBoost,0.03235306184468421,1075.2153168307677
Lunches,CatBoost,0.03449407830588468,1084.100764385776
Lunches,CatBoost,0.03663509476708515,1099.1082425502234
Lunches,CatBoost,0.03877611122828562,1100.492134863302
Lunches,CatBoost,0.0409171276894861,1100.492134863302
Lunches,CatBoost,0.04305814415068657,1100.492134863302
Lunches,CatBoost,0.04519916061188704,1106.401041607833
Lunches,CatBoost,0.04734017707308751,1119.1269189682805
Lunches,CatBoost,0.04948119353428798,1119.1269189682805
Lunches,CatBoost,0.05162220999548846,1119.1269189682805
Lunches,CatBoost,0.05376322645668893,1119.1269189682805
Lunches,CatBoost,0.055904242917889396,1119.1269189682805
Lunches,CatBoost,0.05804525937908987,1119.1269189682805
Lunches,CatBoost,0.06018627584029034,1119.1269189682805
Lunches,CatBoost,0.06232729230149081,1119.1269189682805
Lunches,CatBoost,0.06446830876269129,1119.1269189682805
Lunches,CatBoost,0.06660932522389176,1119.1269189682805
Lunches,CatBoost,0.06875034168509223,1119.1269189682805
Lunches,CatBoost,0.0708913581462927,1119.1269189682805
Lunches,CatBoost,0.07303237460749318,1119.1269189682805
Lunches,CatBoost,0.07517339106869364,1119.1269189682805
Lunches,CatBoost,0.07731440752989412,1119.1269189682805
Lunches,CatBoost,0.07945542399109459,1119.1269189682805
Lunches,CatBoost,0.08159644045229505,1119.1269189682805
Lunches,CatBoost,0.08373745691349553,1119.1269189682805
Lunches,CatBoost,0.08587847337469601,1119.1269189682805
Lunches,CatBoost,0.08801948983589648,1119.1269189682805
Lunches,CatBoost,0.09016050629709695,1119.1269189682805
Lunches,CatBoost,0.09230152275829742,1119.1269189682805
Lunches,CatBoost,0.0944425392194979,1119.1269189682805
Lunches,CatBoost,0.09658355568069836,1119.1269189682805
Lunches,CatBoost,0.09872457214189884,1119.1269189682805
Lunches,CatBoost,0.10086558860309931,1119.1269189682805
Lunches,CatBoost,0.10300660506429977,1119.1269189682805
Lunches,CatBoost,0.10514762152550025,1119.1269189682805
Lunches,CatBoost,0.10728863798670073,1119.1269189682805
Lunches,CatBoost,0.10942965444790119,1119.1269189682805
Lunches,CatBoost,0.11157067090910167,1119.1269189682805
Lunches,CatBoost,0.11371168737030214,1119.1269189682805
Lunches,CatBoost,0.1158527038315026,1119.2835553231291
Lunches,CatBoost,0.11799372029270308,1119.2835553231291
Lunches,CatBoost,0.12013473675390356,1119.2835553231291
Lunches,CatBoost,0.12227575321510402,1120.2861581513207
Lunches,CatBoost,0.1244167696763045,1120.2861581513207
Lunches,CatBoost,0.12655778613750496,1120.2861581513207
Lunches,CatBoost,0.12869880259870542,1120.2861581513207
Lunches,CatBoost,0.1308398190599059,1120.2861581513207
Lunches,CatBoost,0.13298083552110637,1120.2861581513207
Lunches,CatBoost,0.13512185198230683,1120.2861581513207
Lunches,CatBoost,0.13726286844350732,1120.2861581513207
Lunches,CatBoost,0.1394038849047078,1142.9954858187027
Lunches,CatBoost,0.14154490136590825,1142.9954858187027
Lunches,CatBoost,0.14368591782710874,1142.9954858187027
Lunches,CatBoost,0.1458269342883092,1142.9954858187027
Lunches,CatBoost,0.14796795074950966,1142.9954858187027
Lunches,CatBoost,0.15010896721071015,1142.9954858187027
Lunches,CatBoost,0.15224998367191062,1142.9954858187027
Lunches,CatBoost,0.15439100013311108,1144.563069363012
Lunches,CatBoost,0.15653201659431157,1138.711048637865
Lunches,CatBoost,0.15867303305551203,1138.711048637865
Lunches,CatBoost,0.1608140495167125,1138.711048637865
Lunches,CatBoost,0.16295506597791298,1116.8108066460716
Lunches,CatBoost,0.16509608243911345,1116.8108066460716
Lunches,CatBoost,0.1672370989003139,1116.8108066460716
Lunches,CatBoost,0.1693781153615144,1116.8108066460716
Lunches,CatBoost,0.17151913182271486,1116.8108066460716
Lunches,CatBoost,0.17366014828391535,1116.8108066460716
Lunches,CatBoost,0.1758011647451158,1116.8108066460716
Lunches,CatBoost,0.17794218120631627,1116.8108066460716
Lunches,CatBoost,0.18008319766751676,1116.8108066460716
Lunches,CatBoost,0.18222421412871723,1116.8108066460716
Lunches,CatBoost,0.1843652305899177,1116.8108066460716
Lunches,CatBoost,0.18650624705111818,1128.4151432660522
Lunches,CatBoost,0.18864726351231864,1128.4151432660522
Lunches,CatBoost,0.1907882799735191,1128.4151432660522
Lunches,CatBoost,0.1929292964347196,1128.3512520210886
Lunches,CatBoost,0.19507031289592006,1133.647036737859
Lunches,CatBoost,0.19721132935712052,1132.969843778792
Lunches,CatBoost,0.199352345818321,1132.969843778792
Lunches,CatBoost,0.20149336227952147,1132.969843778792
Lunches,CatBoost,0.20363437874072193,1132.969843778792
Lunches,CatBoost,0.20577539520192242,1132.969843778792
Lunches,CatBoost,0.20791641166312289,1132.969843778792
Lunches,CatBoost,0.21005742812432335,1132.969843778792
Lunches,CatBoost,0.21219844458552384,1132.969843778792
Lunches,CatBoost,0.2143394610467243,1132.969843778792
Lunches,LightGBM,0.0023788313878776,1150.1608458906796
Lunches,LightGBM,0.004519847849078072,1150.1608458906796
Lunches,LightGBM,0.006660864310278543,1150.1098341397062
Lunches,LightGBM,0.008801880771479016,1150.1098341397062
Lunches,LightGBM,0.010942897232679487,1132.4276001147834
Lunches,LightGBM,0.01308391369387996,1133.051262696034
Lunches,LightGBM,0.01522493015508043,1131.434384290457
Lunches,LightGBM,0.0173659466162809,1107.4419197460832
Lunches,LightGBM,0.019506963077481374,1103.5728708768277
Lunches,LightGBM,0.021647979538681847,1094.0546516197344
Lunches,LightGBM,0.02378899599988232,1094.4815513430774
Lunches,LightGBM,0.02593001246108279,1096.184037950951
Lunches,LightGBM,0.02807102892228326,1071.8419044251898
Lunches,LightGBM,0.030212045383483734,1076.491629834648
Lunches,LightGBM,0.03235306184468421,1077.283977551036
Lunches,LightGBM,0.03449407830588468,1082.4741703152667
Lunches,LightGBM,0.03663509476708515,1105.819664723272
Lunches,LightGBM,0.03877611122828562,1105.3788991379652
Lunches,LightGBM,0.0409171276894861,1105.3788991379652
Lunches,LightGBM,0.04305814415068657,1105.3788991379652
Lunches,LightGBM,0.04519916061188704,1126.2943836075578
Lunches,LightGBM,0.04734017707308751,1127.0387683906017
Lunches,LightGBM,0.04948119353428798,1127.0387683906017
Lunches,LightGBM,0.05162220999548846,1108.7511313266273
Lunches,LightGBM,0.05376322645668893,1108.5540289812218
Lunches,LightGBM,0.055904242917889396,1108.5633178400842
Lunches,LightGBM,0.05804525937908987,1108.5633178400842
Lunches,LightGBM,0.06018627584029034,1108.5633178400842
Lunches,LightGBM,0.06232729230149081,1108.5633178400842
Lunches,LightGBM,0.06446830876269129,1108.5633178400842
Lunches,LightGBM,0.06660932522389176,1108.5633178400842
Lunches,LightGBM,0.06875034168509223,1108.5633178400842
Lunches,LightGBM,0.0708913581462927,1108.5633178400842
Lunches,LightGBM,0.07303237460749318,1107.667418939159
Lunches,LightGBM,0.07517339106869364,1107.667418939159
Lunches,LightGBM,0.07731440752989412,1107.9144097068079
Lunches,LightGBM,0.07945542399109459,1107.9144097068079
Lunches,LightGBM,0.08159644045229505,1107.9144097068079
Lunches,LightGBM,0.08373745691349553,1107.9144097068079
Lunches,LightGBM,0.08587847337469601,1107.9144097068079
Lunches,LightGBM,0.08801948983589648,1107.9144097068079
Lunches,LightGBM,0.09016050629709695,1107.9144097068079
Lunches,LightGBM,0.09230152275829742,1107.9144097068079
Lunches,LightGBM,0.0944425392194979,1107.9144097068079
Lunches,LightGBM,0.09658355568069836,1107.9144097068079
Lunches,LightGBM,0.09872457214189884,1107.9144097068079
Lunches,LightGBM,0.10086558860309931,1107.9144097068079
Lunches,LightGBM,0.10300660506429977,1107.9144097068079
Lunches,LightGBM,0.10514762152550025,1107.9144097068079
Lunches,LightGBM,0.10728863798670073,1107.9144097068079
Lunches,LightGBM,0.10942965444790119,1109.4182361485455
Lunches,LightGBM,0.11157067090910167,1109.984719166158
Lunches,LightGBM,0.11371168737030214,1109.984719166158
Lunches,LightGBM,0.1158527038315026,1109.9709394588183
Lunches,LightGBM,0.11799372029270308,1109.9709394588183
Lunches,LightGBM,0.12013473675390356,1109.9709394588183
Lunches,LightGBM,0.12227575321510402,1109.9709394588183
Lunches,LightGBM,0.1244167696763045,1109.9709394588183
Lunches,LightGBM,0.12655778613750496,1109.9709394588183
Lunches,LightGBM,0.12869880259870542,1109.9709394588183
Lunches,LightGBM,0.1308398190599059,1109.9709394588183
Lunches,LightGBM,0.13298083552110637,1109.9709394588183
Lunches,LightGBM,0.13512185198230683,1109.9709394588183
Lunches,LightGBM,0.13726286844350732,1109.9709394588183
Lunches,LightGBM,0.1394038849047078,1110.1209948663438
Lunches,LightGBM,0.14154490136590825,1110.1209948663438
Lunches,LightGBM,0.14368591782710874,1110.1209948663438
Lunches,LightGBM,0.1458269342883092,1110.1209948663438
Lunches,LightGBM,0.14796795074950966,1110.1209948663438
Lunches,LightGBM,0.15010896721071015,1110.1209948663438
Lunches,LightGBM,0.15224998367191062,1110.1209948663438
Lunches,LightGBM,0.15439100013311108,1109.8380734102452
Lunches,LightGBM,0.15653201659431157,1107.3862140450651
Lunches,LightGBM,0.15867303305551203,1107.3799327872193
Lunches,LightGBM,0.1608140495167125,1107.3799327872193
Lunches,LightGBM,0.16295506597791298,1107.1153359975235
Lunches,LightGBM,0.16509608243911345,1107.1153359975235
Lunches,LightGBM,0.1672370989003139,1107.1153359975235
Lunches,LightGBM,0.1693781153615144,1107.1153359975235
Lunches,LightGBM,0.17151913182271486,1107.1153359975235
Lunches,LightGBM,0.17366014828391535,1107.1153359975235
Lunches,LightGBM,0.1758011647451158,1107.1153359975235
Lunches,LightGBM,0.17794218120631627,1107.1153359975235
Lunches,LightGBM,0.18008319766751676,1107.6031537830986
Lunches,LightGBM,0.18222421412871723,1107.6031537830986
Lunches,LightGBM,0.1843652305899177,1107.6031537830986
Lunches,LightGBM,0.18650624705111818,1107.6031537830986
Lunches,LightGBM,0.18864726351231864,1107.6031537830986
Lunches,LightGBM,0.1907882799735191,1107.6031537830986
Lunches,LightGBM,0.1929292964347196,1107.6031537830986
Lunches,LightGBM,0.19507031289592006,1107.9734865606192
Lunches,LightGBM,0.19721132935712052,1107.9734865606192
Lunches,LightGBM,0.199352345818321,1107.9734865606192
Lunches,LightGBM,0.20149336227952147,1107.9734865606192
Lunches,LightGBM,0.20363437874072193,1107.9734865606192
Lunches,LightGBM,0.20577539520192242,1107.9734865606192
Lunches,LightGBM,0.20791641166312289,1107.9734865606192
Lunches,LightGBM,0.21005742812432335,1107.9734865606192
Lunches,LightGBM,0.21219844458552384,1107.9734865606192
Lunches,LightGBM,0.2143394610467243,1107.9734865606192
Lunches,XGBoost,0.0023788313878776,1146.0740966796875
Lunches,XGBoost,0.004519847849078072,1146.0740966796875
Lunches,XGBoost,0.006660864310278543,1146.09228515625
Lunches,XGBoost,0.008801880771479016,1146.0892333984375
Lunches,XGBoost,0.010942897232679487,1132.7376708984375
Lunches,XGBoost,0.01308391369387996,1132.7376708984375
Lunches,XGBoost,0.01522493015508043,1130.931884765625
Lunches,XGBoost,0.0173659466162809,1104.805908203125
Lunches,XGBoost,0.019506963077481374,1105.5623779296875
Lunches,XGBoost,0.021647979538681847,1094.605712890625
Lunches,XGBoost,0.02378899599988232,1098.1170654296875
Lunches,XGBoost,0.02593001246108279,1097.848388671875
Lunches,XGBoost,0.02807102892228326,1081.822998046875
Lunches,XGBoost,0.030212045383483734,1085.255615234375
Lunches,XGBoost,0.03235306184468421,1081.6224365234375
Lunches,XGBoost,0.03449407830588468,1087.5008544921875
Lunches,XGBoost,0.03663509476708515,1098.4154052734375
Lunches,XGBoost,0.03877611122828562,1100.87060546875
Lunches,XGBoost,0.0409171276894861,1099.6544189453125
Lunches,XGBoost,0.04305814415068657,1099.6544189453125
Lunches,XGBoost,0.04519916061188704,1099.3900146484375
Lunches,XGBoost,0.04734017707308751,1101.6893310546875
Lunches,XGBoost,0.04948119353428798,1101.6893310546875
Lunches,XGBoost,0.05162220999548846,1101.6893310546875
Lunches,XGBoost,0.05376322645668893,1101.6893310546875
Lunches,XGBoost,0.055904242917889396,1101.6741943359375
Lunches,XGBoost,0.05804525937908987,1101.6741943359375
Lunches,XGBoost,0.06018627584029034,1101.6741943359375
Lunches,XGBoost,0.06232729230149081,1101.6741943359375
Lunches,XGBoost,0.06446830876269129,1101.6741943359375
Lunches,XGBoost,0.06660932522389176,1101.6741943359375
Lunches,XGBoost,0.06875034168509223,1101.6741943359375
Lunches,XGBoost,0.0708913581462927,1101.6741943359375
Lunches,XGBoost,0.07303237460749318,1101.6741943359375
Lunches,XGBoost,0.07517339106869364,1100.9769287109375
Lunches,XGBoost,0.07731440752989412,1100.9769287109375
Lunches,XGBoost,0.07945542399109459,1100.9769287109375
Lunches,XGBoost,0.08159644045229505,1100.9769287109375
Lunches,XGBoost,0.08373745691349553,1100.9769287109375
Lunches,XGBoost,0.08587847337469601,1100.9769287109375
Lunches,XGBoost,0.08801948983589648,1100.98876953125
Lunches,XGBoost,0.09016050629709695,1100.98876953125
Lunches,XGBoost,0.09230152275829742,1100.98876953125
Lunches,XGBoost,0.0944425392194979,1100.98876953125
Lunches,XGBoost,0.09658355568069836,1100.98876953125
Lunches,XGBoost,0.09872457214189884,1100.98876953125
Lunches,XGBoost,0.10086558860309931,1101.7296142578125
Lunches,XGBoost,0.10300660506429977,1101.7296142578125
Lunches,XGBoost,0.10514762152550025,1101.7109375
Lunches,XGBoost,0.10728863798670073,1101.7109375
Lunches,XGBoost,0.10942965444790119,1101.7109375
Lunches,XGBoost,0.11157067090910167,1101.7109375
Lunches,XGBoost,0.11371168737030214,1101.7275390625
Lunches,XGBoost,0.1158527038315026,1101.968994140625
Lunches,XGBoost,0.11799372029270308,1101.968994140625
Lunches,XGBoost,0.12013473675390356,1101.968994140625
Lunches,XGBoost,0.12227575321510402,1101.968994140625
Lunches,XGBoost,0.1244167696763045,1101.968994140625
Lunches,XGBoost,0.12655778613750496,1101.968994140625
Lunches,XGBoost,0.12869880259870542,1101.968994140625
Lunches,XGBoost,0.1308398190599059,1101.968994140625
Lunches,XGBoost,0.13298083552110637,1101.968994140625
Lunches,XGBoost,0.13512185198230683,1101.968994140625
Lunches,XGBoost,0.13726286844350732,1101.968994140625
Lunches,XGBoost,0.1394038849047078,1101.968994140625
Lunches,XGBoost,0.14154490136590825,1101.968994140625
Lunches,XGBoost,0.14368591782710874,1101.968994140625
Lunches,XGBoost,0.1458269342883092,1101.968994140625
Lunches,XGBoost,0.14796795074950966,1101.968994140625
Lunches,XGBoost,0.15010896721071015,1101.968994140625
Lunches,XGBoost,0.15224998367191062,1101.968994140625
Lunches,XGBoost,0.15439100013311108,1103.0318603515625
Lunches,XGBoost,0.15653201659431157,1103.0318603515625
Lunches,XGBoost,0.15867303305551203,1103.0318603515625
Lunches,XGBoost,0.1608140495167125,1099.773681640625
Lunches,XGBoost,0.16295506597791298,1099.773681640625
Lunches,XGBoost,0.16509608243911345,1099.773681640625
Lunches,XGBoost,0.1672370989003139,1099.8817138671875
Lunches,XGBoost,0.1693781153615144,1099.8817138671875
Lunches,XGBoost,0.17151913182271486,1099.8817138671875
Lunches,XGBoost,0.17366014828391535,1099.8817138671875
Lunches,XGBoost,0.1758011647451158,1099.8817138671875
Lunches,XGBoost,0.17794218120631627,1099.8817138671875
Lunches,XGBoost,0.18008319766751676,1110.19921875
Lunches,XGBoost,0.18222421412871723,1110.19921875
Lunches,XGBoost,0.1843652305899177,1110.19921875
Lunches,XGBoost,0.18650624705111818,1110.19921875
Lunches,XGBoost,0.18864726351231864,1110.2149658203125
Lunches,XGBoost,0.1907882799735191,1110.4365234375
Lunches,XGBoost,0.1929292964347196,1110.4365234375
Lunches,XGBoost,0.19507031289592006,1110.35986328125
Lunches,XGBoost,0.19721132935712052,1110.87060546875
Lunches,XGBoost,0.199352345818321,1109.2283935546875
Lunches,XGBoost,0.20149336227952147,1109.2283935546875
Lunches,XGBoost,0.20363437874072193,1109.2283935546875
Lunches,XGBoost,0.20577539520192242,1109.2283935546875
Lunches,XGBoost,0.20791641166312289,1109.2283935546875
Lunches,XGBoost,0.21005742812432335,1109.2283935546875
Lunches,XGBoost,0.21219844458552384,1109.2283935546875
Lunches,XGBoost,0.2143394610467243,1109.2283935546875
Afternoons,CatBoost,0.0023788313878776,1271.680180069663
Afternoons,CatBoost,0.004519847849078072,1275.020263755839
Afternoons,CatBoost,0.006660864310278543,1274.1379173944574
Afternoons,CatBoost,0.008801880771479016,1271.4687781466985
Afternoons,CatBoost,0.010942897232679487,1226.9627129233527
Afternoons,CatBoost,0.01308391369387996,1226.9627129233527
Afternoons,CatBoost,0.01522493015508043,1256.5612265262298
Afternoons,CatBoost,0.0173659466162809,1225.335513023239
Afternoons,CatBoost,0.019506963077481374,1216.4119421688017
Afternoons,CatBoost,0.021647979538681847,1223.88971873048
Afternoons,CatBoost,0.02378899599988232,1217.6055208069195
Afternoons,CatBoost,0.02593001246108279,1217.6055208069195
Afternoons,CatBoost,0.02807102892228326,1209.1325044244024
Afternoons,CatBoost,0.030212045383483734,1209.2267389463868
Afternoons,CatBoost,0.03235306184468421,1208.9907337721957
Afternoons,CatBoost,0.03449407830588468,1210.0267078081888
Afternoons,CatBoost,0.03663509476708515,1228.4749925409146
Afternoons,CatBoost,0.03877611122828562,1228.4749925409146
Afternoons,CatBoost,0.0409171276894861,1228.4749925409146
Afternoons,CatBoost,0.04305814415068657,1228.4336102280206
Afternoons,CatBoost,0.04519916061188704,1228.2362600659108
Afternoons,CatBoost,0.04734017707308751,1228.1094353467936
Afternoons,CatBoost,0.04948119353428798,1228.1094353467936
Afternoons,CatBoost,0.05162220999548846,1228.1094353467936
Afternoons,CatBoost,0.05376322645668893,1228.1094353467936
Afternoons,CatBoost,0.055904242917889396,1228.1094353467936
Afternoons,CatBoost,0.05804525937908987,1228.1094353467936
Afternoons,CatBoost,0.06018627584029034,1228.1094353467936
Afternoons,CatBoost,0.06232729230149081,1228.1094353467936
Afternoons,CatBoost,0.06446830876269129,1228.1094353467936
Afternoons,CatBoost,0.06660932522389176,1228.1094353467936
Afternoons,CatBoost,0.06875034168509223,1228.1094353467936
Afternoons,CatBoost,0.0708913581462927,1228.1094353467936
Afternoons,CatBoost,0.07303237460749318,1228.1094353467936
Afternoons,CatBoost,0.07517339106869364,1228.1094353467936
Afternoons,CatBoost,0.07731440752989412,1228.1094353467936
Afternoons,CatBoost,0.07945542399109459,1228.1094353467936
Afternoons,CatBoost,0.08159644045229505,1228.1094353467936
Afternoons,CatBoost,0.08373745691349553,1228.1094353467936
Afternoons,CatBoost,0.08587847337469601,1228.1094353467936
Afternoons,CatBoost,0.08801948983589648,1228.1094353467936
Afternoons,CatBoost,0.09016050629709695,1228.1094353467936
Afternoons,CatBoost,0.09230152275829742,1228.1094353467936
Afternoons,CatBoost,0.0944425392194979,1228.1094353467936
Afternoons,CatBoost,0.09658355568069836,1228.1094353467936
Afternoons,CatBoost,0.09872457214189884,1228.1094353467936
Afternoons,CatBoost,0.10086558860309931,1228.1094353467936
Afternoons,CatBoost,0.10300660506429977,1228.1094353467936
Afternoons,CatBoost,0.10514762152550025,1228.0386660629624
Afternoons,CatBoost,0.10728863798670073,1228.0386660629624
Afternoons,CatBoost,0.10942965444790119,1228.0386660629624
Afternoons,CatBoost,0.11157067090910167,1228.0386660629624
Afternoons,CatBoost,0.11371168737030214,1228.0386660629624
Afternoons,CatBoost,0.1158527038315026,1228.0386660629624
Afternoons,CatBoost,0.11799372029270308,1228.0386660629624
Afternoons,CatBoost,0.12013473675390356,1228.0386660629624
Afternoons,CatBoost,0.12227575321510402,1228.0386660629624
Afternoons,CatBoost,0.1244167696763045,1228.0386660629624
Afternoons,CatBoost,0.12655778613750496,1228.0386660629624
Afternoons,CatBoost,0.12869880259870542,1228.0386660629624
Afternoons,CatBoost,0.1308398190599059,1228.0386660629624
Afternoons,CatBoost,0.13298083552110637,1228.0386660629624
Afternoons,CatBoost,0.13512185198230683,1228.0386660629624
Afternoons,CatBoost,0.13726286844350732,1228.0386660629624
Afternoons,CatBoost,0.1394038849047078,1229.2820767926414
Afternoons,CatBoost,0.14154490136590825,1229.2820767926414
Afternoons,CatBoost,0.14368591782710874,1229.2820767926414
Afternoons,CatBoost,0.1458269342883092,1229.2820767926414
Afternoons,CatBoost,0.14796795074950966,1229.2820767926414
Afternoons,CatBoost,0.15010896721071015,1229.2820767926414
Afternoons,CatBoost,0.15224998367191062,1229.2820767926414
Afternoons,CatBoost,0.15439100013311108,1229.0875627727778
Afternoons,CatBoost,0.15653201659431157,1227.7325210124254
Afternoons,CatBoost,0.15867303305551203,1227.7325210124254
Afternoons,CatBoost,0.1608140495167125,1227.7325210124254
Afternoons,CatBoost,0.16295506597791298,1227.7325210124254
Afternoons,CatBoost,0.16509608243911345,1227.7325210124254
Afternoons,CatBoost,0.1672370989003139,1227.7325210124254
Afternoons,CatBoost,0.1693781153615144,1227.7325210124254
Afternoons,CatBoost,0.17151913182271486,1227.7325210124254
Afternoons,CatBoost,0.17366014828391535,1227.7325210124254
Afternoons,CatBoost,0.1758011647451158,1227.7325210124254
Afternoons,CatBoost,0.17794218120631627,1227.7325210124254
Afternoons,CatBoost,0.18008319766751676,1227.7325210124254
Afternoons,CatBoost,0.18222421412871723,1227.7325210124254
Afternoons,CatBoost,0.1843652305899177,1227.7325210124254
Afternoons,CatBoost,0.18650624705111818,1227.7325210124254
Afternoons,CatBoost,0.18864726351231864,1227.7325210124254
Afternoons,CatBoost,0.1907882799735191,1227.7325210124254
Afternoons,CatBoost,0.1929292964347196,1227.7325210124254
Afternoons,CatBoost,0.19507031289592006,1234.6086877768175
Afternoons,CatBoost,0.19721132935712052,1234.6086877768175
Afternoons,CatBoost,0.199352345818321,1234.6086877768175
Afternoons,CatBoost,0.20149336227952147,1234.6086877768175
Afternoons,CatBoost,0.20363437874072193,1234.6086877768175
Afternoons,CatBoost,0.20577539520192242,1234.6086877768175
Afternoons,CatBoost,0.20791641166312289,1234.6086877768175
Afternoons,CatBoost,0.21005742812432335,1234.6086877768175
Afternoons,CatBoost,0.21219844458552384,1234.6086877768175
Afternoons,CatBoost,0.2143394610467243,1234.6086877768175
Afternoons,LightGBM,0.0023788313878776,1385.7360334979273
Afternoons,LightGBM,0.004519847849078072,1385.7360334979273
Afternoons,LightGBM,0.006660864310278543,1385.7643267411042
Afternoons,LightGBM,0.008801880771479016,1385.7693678081687
Afternoons,LightGBM,0.010942897232679487,1366.5944324451668
Afternoons,LightGBM,0.01308391369387996,1370.931233873377
Afternoons,LightGBM,0.01522493015508043,1371.7565801073936
Afternoons,LightGBM,0.0173659466162809,1332.1629315031412
Afternoons,LightGBM,0.019506963077481374,1216.6898612770044
Afternoons,LightGBM,0.021647979538681847,1202.1909655033653
Afternoons,LightGBM,0.02378899599988232,1202.2476399838001
Afternoons,LightGBM,0.02593001246108279,1202.4940776662472
Afternoons,LightGBM,0.02807102892228326,1178.8550760618227
Afternoons,LightGBM,0.030212045383483734,1176.679870201437
Afternoons,LightGBM,0.03235306184468421,1176.7730033173193
Afternoons,LightGBM,0.03449407830588468,1175.908535525433
Afternoons,LightGBM,0.03663509476708515,1180.4333457799012
Afternoons,LightGBM,0.03877611122828562,1179.8057207847905
Afternoons,LightGBM,0.0409171276894861,1177.3821611300998
Afternoons,LightGBM,0.04305814415068657,1177.3821611300998
Afternoons,LightGBM,0.04519916061188704,1177.2899666272153
Afternoons,LightGBM,0.04734017707308751,1160.1237822461294
Afternoons,LightGBM,0.04948119353428798,1160.1237822461294
Afternoons,LightGBM,0.05162220999548846,1155.4649671957068
Afternoons,LightGBM,0.05376322645668893,1155.4649671957068
Afternoons,LightGBM,0.055904242917889396,1155.4649671957068
Afternoons,LightGBM,0.05804525937908987,1155.4649671957068
Afternoons,LightGBM,0.06018627584029034,1155.4649671957068
Afternoons,LightGBM,0.06232729230149081,1155.4649671957068
Afternoons,LightGBM,0.06446830876269129,1155.4649671957068
Afternoons,LightGBM,0.06660932522389176,1155.4649671957068
Afternoons,LightGBM,0.06875034168509223,1155.4649671957068
Afternoons,LightGBM,0.0708913581462927,1155.4649671957068
Afternoons,LightGBM,0.07303237460749318,1155.4649671957068
Afternoons,LightGBM,0.07517339106869364,1155.4649671957068
Afternoons,LightGBM,0.07731440752989412,1155.4649671957068
Afternoons,LightGBM,0.07945542399109459,1155.4649671957068
Afternoons,LightGBM,0.08159644045229505,1155.4649671957068
Afternoons,LightGBM,0.08373745691349553,1155.4649671957068
Afternoons,LightGBM,0.08587847337469601,1155.4649671957068
Afternoons,LightGBM,0.08801948983589648,1155.4649671957068
Afternoons,LightGBM,0.09016050629709695,1155.4649671957068
Afternoons,LightGBM,0.09230152275829742,1155.4649671957068
Afternoons,LightGBM,0.0944425392194979,1155.4649671957068
Afternoons,LightGBM,0.09658355568069836,1155.4649671957068
Afternoons,LightGBM,0.09872457214189884,1155.4649671957068
Afternoons,LightGBM,0.10086558860309931,1155.4649671957068
Afternoons,LightGBM,0.10300660506429977,1155.4649671957068
Afternoons,LightGBM,0.10514762152550025,1153.8069081056585
Afternoons,LightGBM,0.10728863798670073,1153.8069081056585
Afternoons,LightGBM,0.10942965444790119,1153.8069081056585
Afternoons,LightGBM,0.11157067090910167,1153.8069081056585
Afternoons,LightGBM,0.11371168737030214,1153.8069081056585
Afternoons,LightGBM,0.1158527038315026,1153.8069081056585
Afternoons,LightGBM,0.11799372029270308,1153.8069081056585
Afternoons,LightGBM,0.12013473675390356,1153.659456012422
Afternoons,LightGBM,0.12227575321510402,1153.659456012422
Afternoons,LightGBM,0.1244167696763045,1153.659456012422
Afternoons,LightGBM,0.12655778613750496,1153.659456012422
Afternoons,LightGBM,0.12869880259870542,1153.659456012422
Afternoons,LightGBM,0.1308398190599059,1153.659456012422
Afternoons,LightGBM,0.13298083552110637,1153.659456012422
Afternoons,LightGBM,0.13512185198230683,1153.659456012422
Afternoons,LightGBM,0.13726286844350732,1153.659456012422
Afternoons,LightGBM,0.1394038849047078,1153.659456012422
Afternoons,LightGBM,0.14154490136590825,1153.659456012422
Afternoons,LightGBM,0.14368591782710874,1153.659456012422
Afternoons,LightGBM,0.1458269342883092,1153.659456012422
Afternoons,LightGBM,0.14796795074950966,1153.659456012422
Afternoons,LightGBM,0.15010896721071015,1153.659456012422
Afternoons,LightGBM,0.15224998367191062,1153.659456012422
Afternoons,LightGBM,0.15439100013311108,1153.5196525577219
Afternoons,LightGBM,0.15653201659431157,1153.5196525577219
Afternoons,LightGBM,0.15867303305551203,1153.5196525577219
Afternoons,LightGBM,0.1608140495167125,1153.5196525577219
Afternoons,LightGBM,0.16295506597791298,1153.537127904616
Afternoons,LightGBM,0.16509608243911345,1153.537127904616
Afternoons,LightGBM,0.1672370989003139,1153.537127904616
Afternoons,LightGBM,0.1693781153615144,1153.537127904616
Afternoons,LightGBM,0.17151913182271486,1153.537127904616
Afternoons,LightGBM,0.17366014828391535,1138.5381516369325
Afternoons,LightGBM,0.1758011647451158,1138.5381516369325
Afternoons,LightGBM,0.17794218120631627,1138.5381516369325
Afternoons,LightGBM,0.18008319766751676,1152.3064077055374
Afternoons,LightGBM,0.18222421412871723,1152.3064077055374
Afternoons,LightGBM,0.1843652305899177,1152.3064077055374
Afternoons,LightGBM,0.18650624705111818,1152.2222070065056
Afternoons,LightGBM,0.18864726351231864,1152.2222070065056
Afternoons,LightGBM,0.1907882799735191,1152.2222070065056
Afternoons,LightGBM,0.1929292964347196,1152.68588601464
Afternoons,LightGBM,0.19507031289592006,1157.4682736359248
Afternoons,LightGBM,0.19721132935712052,1157.4682736359248
Afternoons,LightGBM,0.199352345818321,1157.4682736359248
Afternoons,LightGBM,0.20149336227952147,1157.4682736359248
Afternoons,LightGBM,0.20363437874072193,1157.4682736359248
Afternoons,LightGBM,0.20577539520192242,1157.4682736359248
Afternoons,LightGBM,0.20791641166312289,1157.4682736359248
Afternoons,LightGBM,0.21005742812432335,1157.4682736359248
Afternoons,LightGBM,0.21219844458552384,1157.4682736359248
Afternoons,LightGBM,0.2143394610467243,1157.4682736359248
Afternoons,XGBoost,0.0023788313878776,1436.1463623046875
Afternoons,XGBoost,0.004519847849078072,1436.1463623046875
Afternoons,XGBoost,0.006660864310278543,1436.05859375
Afternoons,XGBoost,0.008801880771479016,1436.055908203125
Afternoons,XGBoost,0.010942897232679487,1399.48388671875
Afternoons,XGBoost,0.01308391369387996,1399.48388671875
Afternoons,XGBoost,0.01522493015508043,1399.75048828125
Afternoons,XGBoost,0.0173659466162809,1361.5401611328125
Afternoons,XGBoost,0.019506963077481374,1178.8515625
Afternoons,XGBoost,0.021647979538681847,1217.279541015625
Afternoons,XGBoost,0.02378899599988232,1212.0389404296875
Afternoons,XGBoost,0.02593001246108279,1194.973388671875
Afternoons,XGBoost,0.02807102892228326,1186.49560546875
Afternoons,XGBoost,0.030212045383483734,1188.081787109375
Afternoons,XGBoost,0.03235306184468421,1190.3275146484375
Afternoons,XGBoost,0.03449407830588468,1189.640869140625
Afternoons,XGBoost,0.03663509476708515,1180.569091796875
Afternoons,XGBoost,0.03877611122828562,1180.569091796875
Afternoons,XGBoost,0.0409171276894861,1180.569091796875
Afternoons,XGBoost,0.04305814415068657,1184.8194580078125
Afternoons,XGBoost,0.04519916061188704,1184.8438720703125
Afternoons,XGBoost,0.04734017707308751,1189.728515625
Afternoons,XGBoost,0.04948119353428798,1189.728515625
Afternoons,XGBoost,0.05162220999548846,1189.728515625
Afternoons,XGBoost,0.05376322645668893,1174.3370361328125
Afternoons,XGBoost,0.055904242917889396,1174.325439453125
Afternoons,XGBoost,0.05804525937908987,1174.325439453125
Afternoons,XGBoost,0.06018627584029034,1174.325439453125
Afternoons,XGBoost,0.06232729230149081,1174.325439453125
Afternoons,XGBoost,0.06446830876269129,1174.325439453125
Afternoons,XGBoost,0.06660932522389176,1174.325439453125
Afternoons,XGBoost,0.06875034168509223,1174.325439453125
Afternoons,XGBoost,0.0708913581462927,1174.325439453125
Afternoons,XGBoost,0.07303237460749318,1174.325439453125
Afternoons,XGBoost,0.07517339106869364,1174.325439453125
Afternoons,XGBoost,0.07731440752989412,1174.325439453125
Afternoons,XGBoost,0.07945542399109459,1174.325439453125
Afternoons,XGBoost,0.08159644045229505,1174.325439453125
Afternoons,XGBoost,0.08373745691349553,1174.325439453125
Afternoons,XGBoost,0.08587847337469601,1174.325439453125
Afternoons,XGBoost,0.08801948983589648,1174.325439453125
Afternoons,XGBoost,0.09016050629709695,1174.325439453125
Afternoons,XGBoost,0.09230152275829742,1174.325439453125
Afternoons,XGBoost,0.0944425392194979,1174.325439453125
Afternoons,XGBoost,0.09658355568069836,1174.325439453125
Afternoons,XGBoost,0.09872457214189884,1174.325439453125
Afternoons,XGBoost,0.10086558860309931,1174.325439453125
Afternoons,XGBoost,0.10300660506429977,1174.325439453125
Afternoons,XGBoost,0.10514762152550025,1174.325439453125
Afternoons,XGBoost,0.10728863798670073,1174.5438232421875
Afternoons,XGBoost,0.10942965444790119,1174.5438232421875
Afternoons,XGBoost,0.11157067090910167,1174.5438232421875
Afternoons,XGBoost,0.11371168737030214,1174.5438232421875
Afternoons,XGBoost,0.1158527038315026,1174.583740234375
Afternoons,XGBoost,0.11799372029270308,1174.583740234375
Afternoons,XGBoost,0.12013473675390356,1174.583740234375
Afternoons,XGBoost,0.12227575321510402,1174.583740234375
Afternoons,XGBoost,0.1244167696763045,1174.583740234375
Afternoons,XGBoost,0.12655778613750496,1174.583740234375
Afternoons,XGBoost,0.12869880259870542,1174.583740234375
Afternoons,XGBoost,0.1308398190599059,1174.583740234375
Afternoons,XGBoost,0.13298083552110637,1174.583740234375
Afternoons,XGBoost,0.13512185198230683,1174.583740234375
Afternoons,XGBoost,0.13726286844350732,1174.583740234375
Afternoons,XGBoost,0.1394038849047078,1174.583740234375
Afternoons,XGBoost,0.14154490136590825,1174.583740234375
Afternoons,XGBoost,0.14368591782710874,1174.583740234375
Afternoons,XGBoost,0.1458269342883092,1174.583740234375
Afternoons,XGBoost,0.14796795074950966,1174.583740234375
Afternoons,XGBoost,0.15010896721071015,1174.583740234375
Afternoons,XGBoost,0.15224998367191062,1174.583740234375
Afternoons,XGBoost,0.15439100013311108,1173.45068359375
Afternoons,XGBoost,0.15653201659431157,1173.45068359375
Afternoons,XGBoost,0.15867303305551203,1173.45068359375
Afternoons,XGBoost,0.1608140495167125,1173.503173828125
Afternoons,XGBoost,0.16295506597791298,1173.503173828125
Afternoons,XGBoost,0.16509608243911345,1173.503173828125
Afternoons,XGBoost,0.1672370989003139,1173.54736328125
Afternoons,XGBoost,0.1693781153615144,1173.54736328125
Afternoons,XGBoost,0.17151913182271486,1173.54736328125
Afternoons,XGBoost,0.17366014828391535,1173.54736328125
Afternoons,XGBoost,0.1758011647451158,1173.54736328125
Afternoons,XGBoost,0.17794218120631627,1173.54736328125
Afternoons,XGBoost,0.18008319766751676,1174.7432861328125
Afternoons,XGBoost,0.18222421412871723,1174.7432861328125
Afternoons,XGBoost,0.1843652305899177,1174.7432861328125
Afternoons,XGBoost,0.18650624705111818,1174.7432861328125
Afternoons,XGBoost,0.18864726351231864,1174.7432861328125
Afternoons,XGBoost,0.1907882799735191,1174.8465576171875
Afternoons,XGBoost,0.1929292964347196,1174.8465576171875
Afternoons,XGBoost,0.19507031289592006,1175.5926513671875
Afternoons,XGBoost,0.19721132935712052,1180.5821533203125
Afternoons,XGBoost,0.199352345818321,1181.346435546875
Afternoons,XGBoost,0.20149336227952147,1181.346435546875
Afternoons,XGBoost,0.20363437874072193,1181.346435546875
Afternoons,XGBoost,0.20577539520192242,1181.346435546875
Afternoons,XGBoost,0.20791641166312289,1181.346435546875
Afternoons,XGBoost,0.21005742812432335,1181.346435546875
Afternoons,XGBoost,0.21219844458552384,1181.346435546875
Afternoons,XGBoost,0.2143394610467243,1173.0386962890625
Evenings,LightGBM,0.0023788313878776,609.9012088970227
Evenings,LightGBM,0.004519847849078072,609.9012088970227
Evenings,LightGBM,0.006660864310278543,609.9012088970227
Evenings,LightGBM,0.008801880771479016,609.9012088970227
Evenings,LightGBM,0.010942897232679487,573.9551310793033
Evenings,LightGBM,0.01308391369387996,573.9834513704133
Evenings,LightGBM,0.01522493015508043,594.753845373936
Evenings,LightGBM,0.0173659466162809,569.6533158584162
Evenings,LightGBM,0.019506963077481374,568.631847921796
Evenings,LightGBM,0.021647979538681847,545.395803850951
Evenings,LightGBM,0.02378899599988232,546.7987152492655
Evenings,LightGBM,0.02593001246108279,546.9002990036586
Evenings,LightGBM,0.02807102892228326,535.2069781216363
Evenings,LightGBM,0.030212045383483734,529.4594791759728
Evenings,LightGBM,0.03235306184468421,529.5043973341328
Evenings,LightGBM,0.03449407830588468,529.6084253890642
Evenings,LightGBM,0.03663509476708515,520.2285891774358
Evenings,LightGBM,0.03877611122828562,518.5469403031566
Evenings,LightGBM,0.0409171276894861,518.5354472980513
Evenings,LightGBM,0.04305814415068657,518.5354472980513
Evenings,LightGBM,0.04519916061188704,526.5936917006487
Evenings,LightGBM,0.04734017707308751,523.1219311275632
Evenings,LightGBM,0.04948119353428798,523.1219311275632
Evenings,LightGBM,0.05162220999548846,523.1109863010973
Evenings,LightGBM,0.05376322645668893,522.9873565277624
Evenings,LightGBM,0.055904242917889396,522.9873565277624
Evenings,LightGBM,0.05804525937908987,522.9873565277624
Evenings,LightGBM,0.06018627584029034,522.949750428117
Evenings,LightGBM,0.06232729230149081,523.8632118456445
Evenings,LightGBM,0.06446830876269129,523.8632118456445
Evenings,LightGBM,0.06660932522389176,523.8632118456445
Evenings,LightGBM,0.06875034168509223,523.8632118456445
Evenings,LightGBM,0.0708913581462927,523.8632118456445
Evenings,LightGBM,0.07303237460749318,523.789390827363
Evenings,LightGBM,0.07517339106869364,523.789390827363
Evenings,LightGBM,0.07731440752989412,522.2027676214251
Evenings,LightGBM,0.07945542399109459,522.2027676214251
Evenings,LightGBM,0.08159644045229505,522.2027676214251
Evenings,LightGBM,0.08373745691349553,522.2027676214251
Evenings,LightGBM,0.08587847337469601,522.2027676214251
Evenings,LightGBM,0.08801948983589648,522.2027676214251
Evenings,LightGBM,0.09016050629709695,522.2027676214251
Evenings,LightGBM,0.09230152275829742,522.2027676214251
Evenings,LightGBM,0.0944425392194979,522.2027676214251
Evenings,LightGBM,0.09658355568069836,522.2027676214251
Evenings,LightGBM,0.09872457214189884,522.2027676214251
Evenings,LightGBM,0.10086558860309931,522.2027676214251
Evenings,LightGBM,0.10300660506429977,522.2027676214251
Evenings,LightGBM,0.10514762152550025,522.2027676214251
Evenings,LightGBM,0.10728863798670073,522.2027676214251
Evenings,LightGBM,0.10942965444790119,522.2027676214251
Evenings,LightGBM,0.11157067090910167,526.6912266167747
Evenings,LightGBM,0.11371168737030214,526.6483568011453
Evenings,LightGBM,0.1158527038315026,526.7049013954189
Evenings,LightGBM,0.11799372029270308,526.7049013954189
Evenings,LightGBM,0.12013473675390356,524.906701699752
Evenings,LightGBM,0.12227575321510402,524.906701699752
Evenings,LightGBM,0.1244167696763045,524.906701699752
Evenings,LightGBM,0.12655778613750496,524.906701699752
Evenings,LightGBM,0.12869880259870542,524.906701699752
Evenings,LightGBM,0.1308398190599059,524.906701699752
Evenings,LightGBM,0.13298083552110637,524.906701699752
Evenings,LightGBM,0.13512185198230683,524.906701699752
Evenings,LightGBM,0.13726286844350732,524.906701699752
Evenings,LightGBM,0.1394038849047078,530.2724307901642
Evenings,LightGBM,0.14154490136590825,530.2724307901642
Evenings,LightGBM,0.14368591782710874,530.2724307901642
Evenings,LightGBM,0.1458269342883092,530.2724307901642
Evenings,LightGBM,0.14796795074950966,530.2724307901642
Evenings,LightGBM,0.15010896721071015,530.2724307901642
Evenings,LightGBM,0.15224998367191062,530.2724307901642
Evenings,LightGBM,0.15439100013311108,530.2724307901642
Evenings,LightGBM,0.15653201659431157,529.8363412733913
Evenings,LightGBM,0.15867303305551203,529.8363412733913
Evenings,LightGBM,0.1608140495167125,529.8363412733913
Evenings,LightGBM,0.16295506597791298,529.8363412733913
Evenings,LightGBM,0.16509608243911345,529.8363412733913
Evenings,LightGBM,0.1672370989003139,529.8363412733913
Evenings,LightGBM,0.1693781153615144,529.8363412733913
Evenings,LightGBM,0.17151913182271486,529.8363412733913
Evenings,LightGBM,0.17366014828391535,529.8363412733913
Evenings,LightGBM,0.1758011647451158,529.8363412733913
Evenings,LightGBM,0.17794218120631627,529.8363412733913
Evenings,LightGBM,0.18008319766751676,529.8363412733913
Evenings,LightGBM,0.18222421412871723,529.8363412733913
Evenings,LightGBM,0.1843652305899177,529.8363412733913
Evenings,LightGBM,0.18650624705111818,529.8363412733913
Evenings,LightGBM,0.18864726351231864,529.8363412733913
Evenings,LightGBM,0.1907882799735191,529.8363412733913
Evenings,LightGBM,0.1929292964347196,531.0650176864506
Evenings,LightGBM,0.19507031289592006,531.0650176864506
Evenings,LightGBM,0.19721132935712052,531.0650176864506
Evenings,LightGBM,0.199352345818321,531.0650176864506
Evenings,LightGBM,0.20149336227952147,531.0650176864506
Evenings,LightGBM,0.20363437874072193,531.0650176864506
Evenings,LightGBM,0.20577539520192242,531.0650176864506
Evenings,LightGBM,0.20791641166312289,577.0489048273877
Evenings,LightGBM,0.21005742812432335,577.0489048273877
Evenings,LightGBM,0.21219844458552384,577.0489048273877
Evenings,LightGBM,0.2143394610467243,577.0489048273877
Evenings,XGBoost,0.0023788313878776,634.281982421875
Evenings,XGBoost,0.004519847849078072,634.281982421875
Evenings,XGBoost,0.006660864310278543,639.6189575195312
Evenings,XGBoost,0.008801880771479016,639.7282104492188
Evenings,XGBoost,0.010942897232679487,614.2232666015625
Evenings,XGBoost,0.01308391369387996,614.2555541992188
Evenings,XGBoost,0.01522493015508043,612.4393310546875
Evenings,XGBoost,0.0173659466162809,594.3102416992188
Evenings,XGBoost,0.019506963077481374,575.0972900390625
Evenings,XGBoost,0.021647979538681847,542.5535278320312
Evenings,XGBoost,0.02378899599988232,533.0501708984375
Evenings,XGBoost,0.02593001246108279,533.1082763671875
Evenings,XGBoost,0.02807102892228326,522.2620849609375
Evenings,XGBoost,0.030212045383483734,523.93115234375
Evenings,XGBoost,0.03235306184468421,523.9014282226562
Evenings,XGBoost,0.03449407830588468,523.4563598632812
Evenings,XGBoost,0.03663509476708515,507.8636779785156
Evenings,XGBoost,0.03877611122828562,507.6848449707031
Evenings,XGBoost,0.0409171276894861,507.6848449707031
Evenings,XGBoost,0.04305814415068657,507.73211669921875
Evenings,XGBoost,0.04519916061188704,507.4148254394531
Evenings,XGBoost,0.04734017707308751,507.4148254394531
Evenings,XGBoost,0.04948119353428798,508.1150207519531
Evenings,XGBoost,0.05162220999548846,508.1150207519531
Evenings,XGBoost,0.05376322645668893,510.06683349609375
Evenings,XGBoost,0.055904242917889396,510.0709228515625
Evenings,XGBoost,0.05804525937908987,510.0709228515625
Evenings,XGBoost,0.06018627584029034,510.0709228515625
Evenings,XGBoost,0.06232729230149081,510.1240234375
Evenings,XGBoost,0.06446830876269129,510.952392578125
Evenings,XGBoost,0.06660932522389176,510.952392578125
Evenings,XGBoost,0.06875034168509223,510.952392578125
Evenings,XGBoost,0.0708913581462927,510.952392578125
Evenings,XGBoost,0.07303237460749318,511.0245666503906
Evenings,XGBoost,0.07517339106869364,510.5993957519531
Evenings,XGBoost,0.07731440752989412,510.5993957519531
Evenings,XGBoost,0.07945542399109459,510.5993957519531
Evenings,XGBoost,0.08159644045229505,510.5993957519531
Evenings,XGBoost,0.08373745691349553,510.5993957519531
Evenings,XGBoost,0.08587847337469601,510.5993957519531
Evenings,XGBoost,0.08801948983589648,506.82916259765625
Evenings,XGBoost,0.09016050629709695,506.82916259765625
Evenings,XGBoost,0.09230152275829742,506.82916259765625
Evenings,XGBoost,0.0944425392194979,506.82916259765625
Evenings,XGBoost,0.09658355568069836,506.82916259765625
Evenings,XGBoost,0.09872457214189884,506.82916259765625
Evenings,XGBoost,0.10086558860309931,507.1345520019531
Evenings,XGBoost,0.10300660506429977,507.1345520019531
Evenings,XGBoost,0.10514762152550025,506.9014587402344
Evenings,XGBoost,0.10728863798670073,506.9014587402344
Evenings,XGBoost,0.10942965444790119,506.6324768066406
Evenings,XGBoost,0.11157067090910167,506.5683288574219
Evenings,XGBoost,0.11371168737030214,505.17645263671875
Evenings,XGBoost,0.1158527038315026,504.4075927734375
Evenings,XGBoost,0.11799372029270308,504.4075927734375
Evenings,XGBoost,0.12013473675390356,504.77960205078125
Evenings,XGBoost,0.12227575321510402,504.77960205078125
Evenings,XGBoost,0.1244167696763045,509.6760559082031
Evenings,XGBoost,0.12655778613750496,509.6760559082031
Evenings,XGBoost,0.12869880259870542,509.6760559082031
Evenings,XGBoost,0.1308398190599059,509.6760559082031
Evenings,XGBoost,0.13298083552110637,509.6760559082031
Evenings,XGBoost,0.13512185198230683,509.6760559082031
Evenings,XGBoost,0.13726286844350732,509.6760559082031
Evenings,XGBoost,0.1394038849047078,509.6760559082031
Evenings,XGBoost,0.14154490136590825,509.6760559082031
Evenings,XGBoost,0.14368591782710874,509.6760559082031
Evenings,XGBoost,0.1458269342883092,509.6760559082031
Evenings,XGBoost,0.14796795074950966,509.6760559082031
Evenings,XGBoost,0.15010896721071015,509.6760559082031
Evenings,XGBoost,0.15224998367191062,509.6760559082031
Evenings,XGBoost,0.15439100013311108,515.120849609375
Evenings,XGBoost,0.15653201659431157,512.4890747070312
Evenings,XGBoost,0.15867303305551203,512.4890747070312
Evenings,XGBoost,0.1608140495167125,512.1282348632812
Evenings,XGBoost,0.16295506597791298,512.1282348632812
Evenings,XGBoost,0.16509608243911345,512.1282348632812
Evenings,XGBoost,0.1672370989003139,512.1282348632812
Evenings,XGBoost,0.1693781153615144,512.1282348632812
Evenings,XGBoost,0.17151913182271486,512.1282348632812
Evenings,XGBoost,0.17366014828391535,512.1282348632812
Evenings,XGBoost,0.1758011647451158,512.1282348632812
Evenings,XGBoost,0.17794218120631627,512.1282348632812
Evenings,XGBoost,0.18008319766751676,512.193603515625
Evenings,XGBoost,0.18222421412871723,512.193603515625
Evenings,XGBoost,0.1843652305899177,512.193603515625
Evenings,XGBoost,0.18650624705111818,512.193603515625
Evenings,XGBoost,0.18864726351231864,512.1956787109375
Evenings,XGBoost,0.1907882799735191,512.1669921875
Evenings,XGBoost,0.1929292964347196,512.1669921875
Evenings,XGBoost,0.19507031289592006,512.1669921875
Evenings,XGBoost,0.19721132935712052,511.7638244628906
Evenings,XGBoost,0.199352345818321,511.7638244628906
Evenings,XGBoost,0.20149336227952147,511.7638244628906
Evenings,XGBoost,0.20363437874072193,511.7638244628906
Evenings,XGBoost,0.20577539520192242,511.7638244628906
Evenings,XGBoost,0.20791641166312289,511.7638244628906
Evenings,XGBoost,0.21005742812432335,511.7638244628906
Evenings,XGBoost,0.21219844458552384,511.7638244628906
Evenings,XGBoost,0.2143394610467243,519.8952026367188
Mornings Special,CatBoost,0.0023788313878776,347.7865103437251
Mornings Special,CatBoost,0.004519847849078072,347.7865103437251
Mornings Special,CatBoost,0.006660864310278543,349.0515171674679
Mornings Special,CatBoost,0.008801880771479016,349.0515171674679
Mornings Special,CatBoost,0.010942897232679487,330.9287422038077
Mornings Special,CatBoost,0.01308391369387996,330.9287422038077
Mornings Special,CatBoost,0.01522493015508043,341.9024183309904
Mornings Special,CatBoost,0.0173659466162809,343.54987759443173
Mornings Special,CatBoost,0.019506963077481374,344.0097055655276
Mornings Special,CatBoost,0.021647979538681847,338.1404949544828
Mornings Special,CatBoost,0.02378899599988232,330.36943727549516
Mornings Special,CatBoost,0.02593001246108279,325.2325751379212
Mornings Special,CatBoost,0.02807102892228326,270.26205709621684
Mornings Special,CatBoost,0.030212045383483734,269.1030900241654
Mornings Special,CatBoost,0.03235306184468421,266.65191280371613
Mornings Special,CatBoost,0.03449407830588468,266.65191280371613
Mornings Special,CatBoost,0.03663509476708515,271.6346607472127
Mornings Special,CatBoost,0.03877611122828562,268.81494504553723
Mornings Special,CatBoost,0.0409171276894861,268.81494504553723
Mornings Special,CatBoost,0.04305814415068657,266.7078355876179
Mornings Special,CatBoost,0.04519916061188704,266.66232197384977
Mornings Special,CatBoost,0.04734017707308751,266.66232197384977
Mornings Special,CatBoost,0.04948119353428798,266.66232197384977
Mornings Special,CatBoost,0.05162220999548846,266.66232197384977
Mornings Special,CatBoost,0.05376322645668893,266.66232197384977
Mornings Special,CatBoost,0.055904242917889396,266.66232197384977
Mornings Special,CatBoost,0.05804525937908987,266.66232197384977
Mornings Special,CatBoost,0.06018627584029034,266.66232197384977
Mornings Special,CatBoost,0.06232729230149081,266.66232197384977
Mornings Special,CatBoost,0.06446830876269129,266.66232197384977
Mornings Special,CatBoost,0.06660932522389176,266.66232197384977
Mornings Special,CatBoost,0.06875034168509223,266.66232197384977
Mornings Special,CatBoost,0.0708913581462927,266.66232197384977
Mornings Special,CatBoost,0.07303237460749318,266.66232197384977
Mornings Special,CatBoost,0.07517339106869364,266.66232197384977
Mornings Special,CatBoost,0.07731440752989412,266.66232197384977
Mornings Special,CatBoost,0.07945542399109459,266.66232197384977
Mornings Special,CatBoost,0.08159644045229505,266.2099410985773
Mornings Special,CatBoost,0.08373745691349553,266.2099410985773
Mornings Special,CatBoost,0.08587847337469601,266.2099410985773
Mornings Special,CatBoost,0.08801948983589648,266.2099410985773
Mornings Special,CatBoost,0.09016050629709695,266.2099410985773
Mornings Special,CatBoost,0.09230152275829742,266.2099410985773
Mornings Special,CatBoost,0.0944425392194979,265.1892087524196
Mornings Special,CatBoost,0.09658355568069836,265.1892087524196
Mornings Special,CatBoost,0.09872457214189884,265.1892087524196
Mornings Special,CatBoost,0.10086558860309931,265.1892087524196
Mornings Special,CatBoost,0.10300660506429977,265.1892087524196
Mornings Special,CatBoost,0.10514762152550025,265.1892087524196
Mornings Special,CatBoost,0.10728863798670073,265.1892087524196
Mornings Special,CatBoost,0.10942965444790119,265.1892087524196
Mornings Special,CatBoost,0.11157067090910167,265.1892087524196
Mornings Special,CatBoost,0.11371168737030214,263.6669287889127
Mornings Special,CatBoost,0.1158527038315026,263.6669287889127
Mornings Special,CatBoost,0.11799372029270308,263.6669287889127
Mornings Special,CatBoost,0.12013473675390356,263.6669287889127
Mornings Special,CatBoost,0.12227575321510402,263.6669287889127
Mornings Special,CatBoost,0.1244167696763045,263.6669287889127
Mornings Special,CatBoost,0.12655778613750496,263.6669287889127
Mornings Special,CatBoost,0.12869880259870542,263.6669287889127
Mornings Special,CatBoost,0.1308398190599059,263.6669287889127
Mornings Special,CatBoost,0.13298083552110637,263.6669287889127
Mornings Special,CatBoost,0.13512185198230683,263.6669287889127
Mornings Special,CatBoost,0.13726286844350732,263.6669287889127
Mornings Special,CatBoost,0.1394038849047078,263.6669287889127
Mornings Special,CatBoost,0.14154490136590825,263.6669287889127
Mornings Special,CatBoost,0.14368591782710874,263.6669287889127
Mornings Special,CatBoost,0.1458269342883092,263.6669287889127
Mornings Special,CatBoost,0.14796795074950966,263.6669287889127
Mornings Special,CatBoost,0.15010896721071015,263.6669287889127
Mornings Special,CatBoost,0.15224998367191062,263.6669287889127
Mornings Special,CatBoost,0.15439100013311108,263.6669287889127
Mornings Special,CatBoost,0.15653201659431157,263.6669287889127
Mornings Special,CatBoost,0.15867303305551203,263.6669287889127
Mornings Special,CatBoost,0.1608140495167125,263.6669287889127
Mornings Special,CatBoost,0.16295506597791298,263.6669287889127
Mornings Special,CatBoost,0.16509608243911345,263.6669287889127
Mornings Special,CatBoost,0.1672370989003139,263.6669287889127
Mornings Special,CatBoost,0.1693781153615144,263.6669287889127
Mornings Special,CatBoost,0.17151913182271486,263.6669287889127
Mornings Special,CatBoost,0.17366014828391535,263.6669287889127
Mornings Special,CatBoost,0.1758011647451158,263.6669287889127
Mornings Special,CatBoost,0.17794218120631627,263.6669287889127
Mornings Special,CatBoost,0.18008319766751676,264.12465533022277
Mornings Special,CatBoost,0.18222421412871723,264.12465533022277
Mornings Special,CatBoost,0.1843652305899177,264.12465533022277
Mornings Special,CatBoost,0.18650624705111818,264.12465533022277
Mornings Special,CatBoost,0.18864726351231864,264.12465533022277
Mornings Special,CatBoost,0.1907882799735191,264.12465533022277
Mornings Special,CatBoost,0.1929292964347196,264.12465533022277
Mornings Special,CatBoost,0.19507031289592006,268.0558863321732
Mornings Special,CatBoost,0.19721132935712052,261.28836528038
Mornings Special,CatBoost,0.199352345818321,261.28836528038
Mornings Special,CatBoost,0.20149336227952147,261.28836528038
Mornings Special,CatBoost,0.20363437874072193,261.28836528038
Mornings Special,CatBoost,0.20577539520192242,261.28836528038
Mornings Special,CatBoost,0.20791641166312289,261.28836528038
Mornings Special,CatBoost,0.21005742812432335,261.28836528038
Mornings Special,CatBoost,0.21219844458552384,261.28836528038
Mornings Special,CatBoost,0.2143394610467243,261.28836528038
Mornings Special,XGBoost,0.0023788313878776,334.7570495605469
Mornings Special,XGBoost,0.004519847849078072,334.7570495605469
Mornings Special,XGBoost,0.006660864310278543,356.13494873046875
Mornings Special,XGBoost,0.008801880771479016,344.3298034667969
Mornings Special,XGBoost,0.010942897232679487,324.85430908203125
Mornings Special,XGBoost,0.01308391369387996,312.5350036621094
Mornings Special,XGBoost,0.01522493015508043,352.3205261230469
Mornings Special,XGBoost,0.0173659466162809,332.5528564453125
Mornings Special,XGBoost,0.019506963077481374,271.1418762207031
Mornings Special,XGBoost,0.021647979538681847,257.45538330078125
Mornings Special,XGBoost,0.02378899599988232,276.121337890625
Mornings Special,XGBoost,0.02593001246108279,293.8159484863281
Mornings Special,XGBoost,0.02807102892228326,269.8253479003906
Mornings Special,XGBoost,0.030212045383483734,274.27850341796875
Mornings Special,XGBoost,0.03235306184468421,269.8190002441406
Mornings Special,XGBoost,0.03449407830588468,271.2111511230469
Mornings Special,XGBoost,0.03663509476708515,264.411865234375
Mornings Special,XGBoost,0.03877611122828562,264.9079284667969
Mornings Special,XGBoost,0.0409171276894861,264.9079284667969
Mornings Special,XGBoost,0.04305814415068657,251.18212890625
Mornings Special,XGBoost,0.04519916061188704,251.7821502685547
Mornings Special,XGBoost,0.04734017707308751,252.9647216796875
Mornings Special,XGBoost,0.04948119353428798,264.07305908203125
Mornings Special,XGBoost,0.05162220999548846,264.07305908203125
Mornings Special,XGBoost,0.05376322645668893,260.4083557128906
Mornings Special,XGBoost,0.055904242917889396,260.4118347167969
Mornings Special,XGBoost,0.05804525937908987,259.2088623046875
Mornings Special,XGBoost,0.06018627584029034,259.2088623046875
Mornings Special,XGBoost,0.06232729230149081,259.2088623046875
Mornings Special,XGBoost,0.06446830876269129,260.7913818359375
Mornings Special,XGBoost,0.06660932522389176,260.7913818359375
Mornings Special,XGBoost,0.06875034168509223,260.7913818359375
Mornings Special,XGBoost,0.0708913581462927,260.7913818359375
Mornings Special,XGBoost,0.07303237460749318,260.7913818359375
Mornings Special,XGBoost,0.07517339106869364,260.64532470703125
Mornings Special,XGBoost,0.07731440752989412,260.64532470703125
Mornings Special,XGBoost,0.07945542399109459,260.64532470703125
Mornings Special,XGBoost,0.08159644045229505,260.64532470703125
Mornings Special,XGBoost,0.08373745691349553,260.64532470703125
Mornings Special,XGBoost,0.08587847337469601,260.64532470703125
Mornings Special,XGBoost,0.08801948983589648,260.64532470703125
Mornings Special,XGBoost,0.09016050629709695,260.64532470703125
Mornings Special,XGBoost,0.09230152275829742,261.0549621582031
Mornings Special,XGBoost,0.0944425392194979,261.0549621582031
Mornings Special,XGBoost,0.09658355568069836,261.0549621582031
Mornings Special,XGBoost,0.09872457214189884,261.0549621582031
Mornings Special,XGBoost,0.10086558860309931,261.48486328125
Mornings Special,XGBoost,0.10300660506429977,261.48486328125
Mornings Special,XGBoost,0.10514762152550025,262.28570556640625
Mornings Special,XGBoost,0.10728863798670073,262.5296936035156
Mornings Special,XGBoost,0.10942965444790119,262.5461730957031
Mornings Special,XGBoost,0.11157067090910167,262.5461730957031
Mornings Special,XGBoost,0.11371168737030214,262.5461730957031
Mornings Special,XGBoost,0.1158527038315026,262.5518493652344
Mornings Special,XGBoost,0.11799372029270308,262.6584777832031
Mornings Special,XGBoost,0.12013473675390356,262.656494140625
Mornings Special,XGBoost,0.12227575321510402,262.656494140625
Mornings Special,XGBoost,0.1244167696763045,262.49664306640625
Mornings Special,XGBoost,0.12655778613750496,262.49664306640625
Mornings Special,XGBoost,0.12869880259870542,262.49664306640625
Mornings Special,XGBoost,0.1308398190599059,262.49664306640625
Mornings Special,XGBoost,0.13298083552110637,262.49664306640625
Mornings Special,XGBoost,0.13512185198230683,262.49664306640625
Mornings Special,XGBoost,0.13726286844350732,262.49664306640625
Mornings Special,XGBoost,0.1394038849047078,262.49664306640625
Mornings Special,XGBoost,0.14154490136590825,262.49664306640625
Mornings Special,XGBoost,0.14368591782710874,262.49664306640625
Mornings Special,XGBoost,0.1458269342883092,262.49664306640625
Mornings Special,XGBoost,0.14796795074950966,262.49664306640625
Mornings Special,XGBoost,0.15010896721071015,262.49664306640625
Mornings Special,XGBoost,0.15224998367191062,262.49664306640625
Mornings Special,XGBoost,0.15439100013311108,262.1382751464844
Mornings Special,XGBoost,0.15653201659431157,262.6082458496094
Mornings Special,XGBoost,0.15867303305551203,262.6082458496094
Mornings Special,XGBoost,0.1608140495167125,262.6082458496094
Mornings Special,XGBoost,0.16295506597791298,262.6082458496094
Mornings Special,XGBoost,0.16509608243911345,262.6082458496094
Mornings Special,XGBoost,0.1672370989003139,264.3467712402344
Mornings Special,XGBoost,0.1693781153615144,264.3467712402344
Mornings Special,XGBoost,0.17151913182271486,264.3467712402344
Mornings Special,XGBoost,0.17366014828391535,264.3467712402344
Mornings Special,XGBoost,0.1758011647451158,264.3467712402344
Mornings Special,XGBoost,0.17794218120631627,264.3467712402344
Mornings Special,XGBoost,0.18008319766751676,264.0212707519531
Mornings Special,XGBoost,0.18222421412871723,264.0212707519531
Mornings Special,XGBoost,0.1843652305899177,264.0212707519531
Mornings Special,XGBoost,0.18650624705111818,264.0212707519531
Mornings Special,XGBoost,0.18864726351231864,264.0212707519531
Mornings Special,XGBoost,0.1907882799735191,264.0212707519531
Mornings Special,XGBoost,0.1929292964347196,264.0212707519531
Mornings Special,XGBoost,0.19507031289592006,265.9917907714844
Mornings Special,XGBoost,0.19721132935712052,266.19970703125
Mornings Special,XGBoost,0.199352345818321,264.0266418457031
Mornings Special,XGBoost,0.20149336227952147,264.0266418457031
Mornings Special,XGBoost,0.20363437874072193,264.0266418457031
Mornings Special,XGBoost,0.20577539520192242,264.0266418457031
Mornings Special,XGBoost,0.20791641166312289,264.0266418457031
Mornings Special,XGBoost,0.21005742812432335,264.0266418457031
Mornings Special,XGBoost,0.21219844458552384,264.0266418457031
Mornings Special,XGBoost,0.2143394610467243,264.0977783203125
