Dataset,Model,5 Edge length avg,Predicted Value
Lunches,LightGBM,17.186690402476806,1098.0012434469013
Lunches,LightGBM,17.439927635488033,1098.0012434469013
Lunches,LightGBM,17.69316486849926,1098.0012434469013
Lunches,LightGBM,17.946402101510486,1098.0012434469013
Lunches,LightGBM,18.199639334521713,1098.0012434469013
Lunches,LightGBM,18.45287656753294,1097.9209295632165
Lunches,LightGBM,18.706113800544166,1097.9209295632165
Lunches,LightGBM,18.959351033555393,1097.9209295632165
Lunches,LightGBM,19.21258826656662,1098.1379245362605
Lunches,LightGBM,19.465825499577846,1098.1379245362605
Lunches,LightGBM,19.71906273258907,1098.1379245362605
Lunches,LightGBM,19.972299965600296,1098.1379245362605
Lunches,LightGBM,20.225537198611523,1097.9918252598936
Lunches,LightGBM,20.47877443162275,1097.9918252598936
Lunches,LightGBM,20.732011664633976,1097.9918252598936
Lunches,LightGBM,20.985248897645203,1097.9918252598936
Lunches,LightGBM,21.23848613065643,1098.8010029833008
Lunches,LightGBM,21.491723363667656,1098.8010029833008
Lunches,LightGBM,21.744960596678883,1098.8010029833008
Lunches,LightGBM,21.99819782969011,1098.8010029833008
Lunches,LightGBM,22.251435062701336,1098.8010029833008
Lunches,LightGBM,22.504672295712563,1098.8010029833008
Lunches,LightGBM,22.757909528723786,1098.8010029833008
Lunches,LightGBM,23.011146761735013,1098.5939926805129
Lunches,LightGBM,23.26438399474624,1098.456467779753
Lunches,LightGBM,23.517621227757466,1098.4056643721526
Lunches,LightGBM,23.770858460768693,1087.3581282787054
Lunches,LightGBM,24.02409569377992,1089.8328720804113
Lunches,LightGBM,24.277332926791146,1090.0751053436252
Lunches,LightGBM,24.530570159802373,1089.895498895113
Lunches,LightGBM,24.7838073928136,1085.6124918074186
Lunches,LightGBM,25.037044625824826,1085.5904946824114
Lunches,LightGBM,25.290281858836053,1085.6052066173822
Lunches,LightGBM,25.54351909184728,1085.4147384764058
Lunches,LightGBM,25.796756324858507,1085.9224089431814
Lunches,LightGBM,26.049993557869733,1089.2964260888334
Lunches,LightGBM,26.30323079088096,1089.2964260888334
Lunches,LightGBM,26.556468023892187,1087.180926237532
Lunches,LightGBM,26.809705256903413,1090.203756434553
Lunches,LightGBM,27.06294248991464,1090.2334437867373
Lunches,LightGBM,27.316179722925867,1090.2334437867373
Lunches,LightGBM,27.569416955937093,1090.2334437867373
Lunches,LightGBM,27.82265418894832,1090.2334437867373
Lunches,LightGBM,28.075891421959547,1090.2334437867373
Lunches,LightGBM,28.32912865497077,1090.2297467610967
Lunches,LightGBM,28.582365887981997,1090.2297467610967
Lunches,LightGBM,28.835603120993223,1090.2297467610967
Lunches,LightGBM,29.08884035400445,1090.2297467610967
Lunches,LightGBM,29.342077587015677,1090.2297467610967
Lunches,LightGBM,29.595314820026903,1090.2297467610967
Lunches,LightGBM,29.84855205303813,1090.2658223600479
Lunches,LightGBM,30.101789286049357,1091.2777896477987
Lunches,LightGBM,30.355026519060583,1091.2777896477987
Lunches,LightGBM,30.608263752071807,1091.2777896477987
Lunches,LightGBM,30.861500985083033,1095.1689287478694
Lunches,LightGBM,31.11473821809426,1095.1689287478694
Lunches,LightGBM,31.367975451105487,1095.1689287478694
Lunches,LightGBM,31.621212684116713,1360.4821696344395
Lunches,LightGBM,31.87444991712794,1360.4821696344395
Lunches,LightGBM,32.12768715013917,1357.4483263873835
Lunches,LightGBM,32.38092438315039,1357.4483263873835
Lunches,LightGBM,32.63416161616162,1357.4483263873835
Lunches,LightGBM,32.88739884917285,1357.4483263873835
Lunches,LightGBM,33.14063608218407,1357.4483263873835
Lunches,LightGBM,33.3938733151953,1357.4483263873835
Lunches,LightGBM,33.64711054820653,1357.4483263873835
Lunches,LightGBM,33.900347781217754,1357.4483263873835
Lunches,LightGBM,34.15358501422898,1357.4483263873835
Lunches,LightGBM,34.40682224724021,1357.4483263873835
Lunches,LightGBM,34.660059480251434,1357.4483263873835
Lunches,LightGBM,34.91329671326266,1357.4483263873835
Lunches,LightGBM,35.16653394627389,1357.4483263873835
Lunches,LightGBM,35.419771179285114,1357.4483263873835
Lunches,LightGBM,35.67300841229634,1357.4483263873835
Lunches,LightGBM,35.92624564530756,1357.4483263873835
Lunches,LightGBM,36.179482878318794,1357.4483263873835
Lunches,LightGBM,36.43272011133001,1357.4483263873835
Lunches,LightGBM,36.68595734434125,1357.4483263873835
Lunches,LightGBM,36.93919457735247,1357.4483263873835
Lunches,LightGBM,37.1924318103637,1357.4483263873835
Lunches,LightGBM,37.44566904337492,1357.4483263873835
Lunches,LightGBM,37.698906276386154,1357.4483263873835
Lunches,LightGBM,37.952143509397374,1357.4483263873835
Lunches,LightGBM,38.20538074240861,1357.4483263873835
Lunches,LightGBM,38.45861797541983,1357.4483263873835
Lunches,LightGBM,38.71185520843106,1357.4483263873835
Lunches,LightGBM,38.96509244144228,1357.4483263873835
Lunches,LightGBM,39.218329674453514,1357.4483263873835
Lunches,LightGBM,39.471566907464734,1357.4483263873835
Lunches,LightGBM,39.72480414047596,1357.4483263873835
Lunches,LightGBM,39.97804137348719,1357.4483263873835
Lunches,LightGBM,40.231278606498414,1357.4483263873835
Lunches,LightGBM,40.48451583950964,1357.4483263873835
Lunches,LightGBM,40.73775307252087,1357.4483263873835
Lunches,LightGBM,40.990990305532094,1357.4483263873835
Lunches,LightGBM,41.24422753854332,1357.4483263873835
Lunches,LightGBM,41.49746477155455,1357.4483263873835
Lunches,LightGBM,41.750702004565774,1357.4483263873835
Lunches,LightGBM,42.003939237577,1357.4483263873835
Lunches,LightGBM,42.25717647058823,1357.4483263873835
Lunches,XGBoost,17.186690402476806,1109.2767333984375
Lunches,XGBoost,17.439927635488033,1109.2767333984375
Lunches,XGBoost,17.69316486849926,1109.2767333984375
Lunches,XGBoost,17.946402101510486,1109.2767333984375
Lunches,XGBoost,18.199639334521713,1109.2767333984375
Lunches,XGBoost,18.45287656753294,1109.42236328125
Lunches,XGBoost,18.706113800544166,1109.42236328125
Lunches,XGBoost,18.959351033555393,1109.42236328125
Lunches,XGBoost,19.21258826656662,1109.42236328125
Lunches,XGBoost,19.465825499577846,1109.42236328125
Lunches,XGBoost,19.71906273258907,1109.42236328125
Lunches,XGBoost,19.972299965600296,1109.42236328125
Lunches,XGBoost,20.225537198611523,1110.48583984375
Lunches,XGBoost,20.47877443162275,1110.471923828125
Lunches,XGBoost,20.732011664633976,1110.471923828125
Lunches,XGBoost,20.985248897645203,1110.471923828125
Lunches,XGBoost,21.23848613065643,1110.471923828125
Lunches,XGBoost,21.491723363667656,1110.471923828125
Lunches,XGBoost,21.744960596678883,1110.471923828125
Lunches,XGBoost,21.99819782969011,1110.471923828125
Lunches,XGBoost,22.251435062701336,1110.471923828125
Lunches,XGBoost,22.504672295712563,1110.471923828125
Lunches,XGBoost,22.757909528723786,1110.471923828125
Lunches,XGBoost,23.011146761735013,1110.471923828125
Lunches,XGBoost,23.26438399474624,1110.261474609375
Lunches,XGBoost,23.517621227757466,1110.0240478515625
Lunches,XGBoost,23.770858460768693,1109.85400390625
Lunches,XGBoost,24.02409569377992,1110.5552978515625
Lunches,XGBoost,24.277332926791146,1110.1939697265625
Lunches,XGBoost,24.530570159802373,1110.6124267578125
Lunches,XGBoost,24.7838073928136,1110.6429443359375
Lunches,XGBoost,25.037044625824826,1109.801513671875
Lunches,XGBoost,25.290281858836053,1109.218994140625
Lunches,XGBoost,25.54351909184728,1109.2442626953125
Lunches,XGBoost,25.796756324858507,1109.3349609375
Lunches,XGBoost,26.049993557869733,1109.3349609375
Lunches,XGBoost,26.30323079088096,1109.3349609375
Lunches,XGBoost,26.556468023892187,1084.807861328125
Lunches,XGBoost,26.809705256903413,1085.025146484375
Lunches,XGBoost,27.06294248991464,1085.025146484375
Lunches,XGBoost,27.316179722925867,1085.025146484375
Lunches,XGBoost,27.569416955937093,1085.025146484375
Lunches,XGBoost,27.82265418894832,1085.025146484375
Lunches,XGBoost,28.075891421959547,1085.025146484375
Lunches,XGBoost,28.32912865497077,1085.025146484375
Lunches,XGBoost,28.582365887981997,1085.025146484375
Lunches,XGBoost,28.835603120993223,1085.025146484375
Lunches,XGBoost,29.08884035400445,1085.025146484375
Lunches,XGBoost,29.342077587015677,1085.025146484375
Lunches,XGBoost,29.595314820026903,1085.025146484375
Lunches,XGBoost,29.84855205303813,1086.6556396484375
Lunches,XGBoost,30.101789286049357,1086.6556396484375
Lunches,XGBoost,30.355026519060583,1086.6556396484375
Lunches,XGBoost,30.608263752071807,1089.2210693359375
Lunches,XGBoost,30.861500985083033,1089.2210693359375
Lunches,XGBoost,31.11473821809426,1089.2210693359375
Lunches,XGBoost,31.367975451105487,1089.197021484375
Lunches,XGBoost,31.621212684116713,1089.197021484375
Lunches,XGBoost,31.87444991712794,1091.54296875
Lunches,XGBoost,32.12768715013917,1091.54296875
Lunches,XGBoost,32.38092438315039,1091.54296875
Lunches,XGBoost,32.63416161616162,1091.54296875
Lunches,XGBoost,32.88739884917285,1091.54296875
Lunches,XGBoost,33.14063608218407,1091.54296875
Lunches,XGBoost,33.3938733151953,1091.54296875
Lunches,XGBoost,33.64711054820653,1091.54296875
Lunches,XGBoost,33.900347781217754,1091.54296875
Lunches,XGBoost,34.15358501422898,1091.54296875
Lunches,XGBoost,34.40682224724021,1091.54296875
Lunches,XGBoost,34.660059480251434,1091.54296875
Lunches,XGBoost,34.91329671326266,1091.54296875
Lunches,XGBoost,35.16653394627389,1091.54296875
Lunches,XGBoost,35.419771179285114,1091.54296875
Lunches,XGBoost,35.67300841229634,1091.54296875
Lunches,XGBoost,35.92624564530756,1091.54296875
Lunches,XGBoost,36.179482878318794,1091.54296875
Lunches,XGBoost,36.43272011133001,1091.54296875
Lunches,XGBoost,36.68595734434125,1091.54296875
Lunches,XGBoost,36.93919457735247,1091.54296875
Lunches,XGBoost,37.1924318103637,1091.54296875
Lunches,XGBoost,37.44566904337492,1091.54296875
Lunches,XGBoost,37.698906276386154,1091.54296875
Lunches,XGBoost,37.952143509397374,1091.54296875
Lunches,XGBoost,38.20538074240861,1091.54296875
Lunches,XGBoost,38.45861797541983,1091.54296875
Lunches,XGBoost,38.71185520843106,1091.54296875
Lunches,XGBoost,38.96509244144228,1091.54296875
Lunches,XGBoost,39.218329674453514,1091.54296875
Lunches,XGBoost,39.471566907464734,1091.54296875
Lunches,XGBoost,39.72480414047596,1091.54296875
Lunches,XGBoost,39.97804137348719,1091.54296875
Lunches,XGBoost,40.231278606498414,1091.54296875
Lunches,XGBoost,40.48451583950964,1091.54296875
Lunches,XGBoost,40.73775307252087,1091.54296875
Lunches,XGBoost,40.990990305532094,1091.54296875
Lunches,XGBoost,41.24422753854332,1091.54296875
Lunches,XGBoost,41.49746477155455,1091.54296875
Lunches,XGBoost,41.750702004565774,1091.54296875
Lunches,XGBoost,42.003939237577,1091.54296875
Lunches,XGBoost,42.25717647058823,1091.54296875
Afternoons,CatBoost,17.186690402476806,1237.460249609126
Afternoons,CatBoost,17.439927635488033,1237.460249609126
Afternoons,CatBoost,17.69316486849926,1237.460249609126
Afternoons,CatBoost,17.946402101510486,1237.460249609126
Afternoons,CatBoost,18.199639334521713,1237.460249609126
Afternoons,CatBoost,18.45287656753294,1237.9355674128392
Afternoons,CatBoost,18.706113800544166,1237.9355674128392
Afternoons,CatBoost,18.959351033555393,1237.9355674128392
Afternoons,CatBoost,19.21258826656662,1232.8558677304115
Afternoons,CatBoost,19.465825499577846,1232.8558677304115
Afternoons,CatBoost,19.71906273258907,1232.8558677304115
Afternoons,CatBoost,19.972299965600296,1232.8558677304115
Afternoons,CatBoost,20.225537198611523,1231.5165301868874
Afternoons,CatBoost,20.47877443162275,1231.5165301868874
Afternoons,CatBoost,20.732011664633976,1231.5165301868874
Afternoons,CatBoost,20.985248897645203,1231.5165301868874
Afternoons,CatBoost,21.23848613065643,1231.5165301868874
Afternoons,CatBoost,21.491723363667656,1231.5165301868874
Afternoons,CatBoost,21.744960596678883,1231.5165301868874
Afternoons,CatBoost,21.99819782969011,1231.5165301868874
Afternoons,CatBoost,22.251435062701336,1231.5165301868874
Afternoons,CatBoost,22.504672295712563,1231.5165301868874
Afternoons,CatBoost,22.757909528723786,1231.5165301868874
Afternoons,CatBoost,23.011146761735013,1231.5165301868874
Afternoons,CatBoost,23.26438399474624,1216.3144813821884
Afternoons,CatBoost,23.517621227757466,1215.5992408254217
Afternoons,CatBoost,23.770858460768693,1212.005702591251
Afternoons,CatBoost,24.02409569377992,1208.0265094387428
Afternoons,CatBoost,24.277332926791146,1207.0710315140325
Afternoons,CatBoost,24.530570159802373,1207.0710315140325
Afternoons,CatBoost,24.7838073928136,1196.9718067732185
Afternoons,CatBoost,25.037044625824826,1195.3544276121393
Afternoons,CatBoost,25.290281858836053,1195.3544276121393
Afternoons,CatBoost,25.54351909184728,1195.3544276121393
Afternoons,CatBoost,25.796756324858507,1195.3544276121393
Afternoons,CatBoost,26.049993557869733,1197.7618379711785
Afternoons,CatBoost,26.30323079088096,1197.7618379711785
Afternoons,CatBoost,26.556468023892187,1194.2059819799501
Afternoons,CatBoost,26.809705256903413,1194.2059819799501
Afternoons,CatBoost,27.06294248991464,1194.2059819799501
Afternoons,CatBoost,27.316179722925867,1194.2059819799501
Afternoons,CatBoost,27.569416955937093,1194.2059819799501
Afternoons,CatBoost,27.82265418894832,1194.2059819799501
Afternoons,CatBoost,28.075891421959547,1194.2059819799501
Afternoons,CatBoost,28.32912865497077,1194.2059819799501
Afternoons,CatBoost,28.582365887981997,1194.2059819799501
Afternoons,CatBoost,28.835603120993223,1194.2059819799501
Afternoons,CatBoost,29.08884035400445,1194.2059819799501
Afternoons,CatBoost,29.342077587015677,1194.2059819799501
Afternoons,CatBoost,29.595314820026903,1194.2059819799501
Afternoons,CatBoost,29.84855205303813,1194.2059819799501
Afternoons,CatBoost,30.101789286049357,1193.7516482670196
Afternoons,CatBoost,30.355026519060583,1193.7516482670196
Afternoons,CatBoost,30.608263752071807,1193.7516482670196
Afternoons,CatBoost,30.861500985083033,1194.1385835377673
Afternoons,CatBoost,31.11473821809426,1194.1385835377673
Afternoons,CatBoost,31.367975451105487,1194.1385835377673
Afternoons,CatBoost,31.621212684116713,1196.2463298819275
Afternoons,CatBoost,31.87444991712794,1196.2463298819275
Afternoons,CatBoost,32.12768715013917,1192.112239765923
Afternoons,CatBoost,32.38092438315039,1192.112239765923
Afternoons,CatBoost,32.63416161616162,1192.112239765923
Afternoons,CatBoost,32.88739884917285,1192.112239765923
Afternoons,CatBoost,33.14063608218407,1192.112239765923
Afternoons,CatBoost,33.3938733151953,1192.112239765923
Afternoons,CatBoost,33.64711054820653,1192.112239765923
Afternoons,CatBoost,33.900347781217754,1192.112239765923
Afternoons,CatBoost,34.15358501422898,1192.112239765923
Afternoons,CatBoost,34.40682224724021,1192.112239765923
Afternoons,CatBoost,34.660059480251434,1192.112239765923
Afternoons,CatBoost,34.91329671326266,1192.112239765923
Afternoons,CatBoost,35.16653394627389,1192.112239765923
Afternoons,CatBoost,35.419771179285114,1192.112239765923
Afternoons,CatBoost,35.67300841229634,1192.112239765923
Afternoons,CatBoost,35.92624564530756,1192.112239765923
Afternoons,CatBoost,36.179482878318794,1192.112239765923
Afternoons,CatBoost,36.43272011133001,1192.112239765923
Afternoons,CatBoost,36.68595734434125,1192.112239765923
Afternoons,CatBoost,36.93919457735247,1192.112239765923
Afternoons,CatBoost,37.1924318103637,1192.112239765923
Afternoons,CatBoost,37.44566904337492,1192.112239765923
Afternoons,CatBoost,37.698906276386154,1192.112239765923
Afternoons,CatBoost,37.952143509397374,1192.112239765923
Afternoons,CatBoost,38.20538074240861,1192.112239765923
Afternoons,CatBoost,38.45861797541983,1192.112239765923
Afternoons,CatBoost,38.71185520843106,1192.112239765923
Afternoons,CatBoost,38.96509244144228,1192.112239765923
Afternoons,CatBoost,39.218329674453514,1192.112239765923
Afternoons,CatBoost,39.471566907464734,1192.112239765923
Afternoons,CatBoost,39.72480414047596,1192.112239765923
Afternoons,CatBoost,39.97804137348719,1192.112239765923
Afternoons,CatBoost,40.231278606498414,1192.112239765923
Afternoons,CatBoost,40.48451583950964,1192.112239765923
Afternoons,CatBoost,40.73775307252087,1192.112239765923
Afternoons,CatBoost,40.990990305532094,1192.112239765923
Afternoons,CatBoost,41.24422753854332,1192.112239765923
Afternoons,CatBoost,41.49746477155455,1192.112239765923
Afternoons,CatBoost,41.750702004565774,1192.112239765923
Afternoons,CatBoost,42.003939237577,1192.112239765923
Afternoons,CatBoost,42.25717647058823,1192.112239765923
Lunches Special,LightGBM,17.186690402476806,934.9009394990904
Lunches Special,LightGBM,17.439927635488033,934.9009394990904
Lunches Special,LightGBM,17.69316486849926,934.9009394990904
Lunches Special,LightGBM,17.946402101510486,934.9009394990904
Lunches Special,LightGBM,18.199639334521713,934.9009394990904
Lunches Special,LightGBM,18.45287656753294,934.9009394990904
Lunches Special,LightGBM,18.706113800544166,934.9009394990904
Lunches Special,LightGBM,18.959351033555393,934.9009394990904
Lunches Special,LightGBM,19.21258826656662,934.3987479616405
Lunches Special,LightGBM,19.465825499577846,934.3987479616405
Lunches Special,LightGBM,19.71906273258907,934.3987479616405
Lunches Special,LightGBM,19.972299965600296,934.3987479616405
Lunches Special,LightGBM,20.225537198611523,932.6633857035146
Lunches Special,LightGBM,20.47877443162275,932.6633857035146
Lunches Special,LightGBM,20.732011664633976,932.6633857035146
Lunches Special,LightGBM,20.985248897645203,932.6633857035146
Lunches Special,LightGBM,21.23848613065643,932.2726010659364
Lunches Special,LightGBM,21.491723363667656,932.2726010659364
Lunches Special,LightGBM,21.744960596678883,932.2726010659364
Lunches Special,LightGBM,21.99819782969011,932.2726010659364
Lunches Special,LightGBM,22.251435062701336,930.0797017784366
Lunches Special,LightGBM,22.504672295712563,930.0797017784366
Lunches Special,LightGBM,22.757909528723786,931.4056256414435
Lunches Special,LightGBM,23.011146761735013,922.6725761213712
Lunches Special,LightGBM,23.26438399474624,921.9700114768802
Lunches Special,LightGBM,23.517621227757466,923.9957909953555
Lunches Special,LightGBM,23.770858460768693,916.5687287516819
Lunches Special,LightGBM,24.02409569377992,916.9527770029194
Lunches Special,LightGBM,24.277332926791146,920.7264826547457
Lunches Special,LightGBM,24.530570159802373,921.5157729368639
Lunches Special,LightGBM,24.7838073928136,915.2280550354325
Lunches Special,LightGBM,25.037044625824826,915.1977662523068
Lunches Special,LightGBM,25.290281858836053,915.4098356398289
Lunches Special,LightGBM,25.54351909184728,915.4794799925347
Lunches Special,LightGBM,25.796756324858507,915.6281533802149
Lunches Special,LightGBM,26.049993557869733,915.6096100059726
Lunches Special,LightGBM,26.30323079088096,915.6096100059726
Lunches Special,LightGBM,26.556468023892187,916.2087108008715
Lunches Special,LightGBM,26.809705256903413,924.314565899631
Lunches Special,LightGBM,27.06294248991464,926.353079685664
Lunches Special,LightGBM,27.316179722925867,926.353079685664
Lunches Special,LightGBM,27.569416955937093,926.353079685664
Lunches Special,LightGBM,27.82265418894832,926.353079685664
Lunches Special,LightGBM,28.075891421959547,926.353079685664
Lunches Special,LightGBM,28.32912865497077,926.2511775671345
Lunches Special,LightGBM,28.582365887981997,926.2511775671345
Lunches Special,LightGBM,28.835603120993223,926.2511775671345
Lunches Special,LightGBM,29.08884035400445,926.2511775671345
Lunches Special,LightGBM,29.342077587015677,926.2511775671345
Lunches Special,LightGBM,29.595314820026903,926.2511775671345
Lunches Special,LightGBM,29.84855205303813,926.2547473352334
Lunches Special,LightGBM,30.101789286049357,1006.866696857139
Lunches Special,LightGBM,30.355026519060583,1006.866696857139
Lunches Special,LightGBM,30.608263752071807,1006.866696857139
Lunches Special,LightGBM,30.861500985083033,1315.9331212257764
Lunches Special,LightGBM,31.11473821809426,1315.9331212257764
Lunches Special,LightGBM,31.367975451105487,1315.9331212257764
Lunches Special,LightGBM,31.621212684116713,1316.4315801660941
Lunches Special,LightGBM,31.87444991712794,1316.4315801660941
Lunches Special,LightGBM,32.12768715013917,1325.8629323034065
Lunches Special,LightGBM,32.38092438315039,1325.8629323034065
Lunches Special,LightGBM,32.63416161616162,1325.8629323034065
Lunches Special,LightGBM,32.88739884917285,1325.8629323034065
Lunches Special,LightGBM,33.14063608218407,1325.8629323034065
Lunches Special,LightGBM,33.3938733151953,1325.8629323034065
Lunches Special,LightGBM,33.64711054820653,1325.8629323034065
Lunches Special,LightGBM,33.900347781217754,1325.8629323034065
Lunches Special,LightGBM,34.15358501422898,1325.8629323034065
Lunches Special,LightGBM,34.40682224724021,1325.8629323034065
Lunches Special,LightGBM,34.660059480251434,1325.8629323034065
Lunches Special,LightGBM,34.91329671326266,1325.8629323034065
Lunches Special,LightGBM,35.16653394627389,1325.8629323034065
Lunches Special,LightGBM,35.419771179285114,1325.8629323034065
Lunches Special,LightGBM,35.67300841229634,1325.8629323034065
Lunches Special,LightGBM,35.92624564530756,1325.8629323034065
Lunches Special,LightGBM,36.179482878318794,1325.8629323034065
Lunches Special,LightGBM,36.43272011133001,1325.8629323034065
Lunches Special,LightGBM,36.68595734434125,1325.8629323034065
Lunches Special,LightGBM,36.93919457735247,1325.8629323034065
Lunches Special,LightGBM,37.1924318103637,1325.8629323034065
Lunches Special,LightGBM,37.44566904337492,1325.8629323034065
Lunches Special,LightGBM,37.698906276386154,1325.8629323034065
Lunches Special,LightGBM,37.952143509397374,1325.8629323034065
Lunches Special,LightGBM,38.20538074240861,1325.8629323034065
Lunches Special,LightGBM,38.45861797541983,1325.8629323034065
Lunches Special,LightGBM,38.71185520843106,1325.8629323034065
Lunches Special,LightGBM,38.96509244144228,1325.8629323034065
Lunches Special,LightGBM,39.218329674453514,1325.8629323034065
Lunches Special,LightGBM,39.471566907464734,1325.8629323034065
Lunches Special,LightGBM,39.72480414047596,1325.8629323034065
Lunches Special,LightGBM,39.97804137348719,1325.8629323034065
Lunches Special,LightGBM,40.231278606498414,1325.8629323034065
Lunches Special,LightGBM,40.48451583950964,1325.8629323034065
Lunches Special,LightGBM,40.73775307252087,1325.8629323034065
Lunches Special,LightGBM,40.990990305532094,1325.8629323034065
Lunches Special,LightGBM,41.24422753854332,1325.8629323034065
Lunches Special,LightGBM,41.49746477155455,1325.8629323034065
Lunches Special,LightGBM,41.750702004565774,1325.8629323034065
Lunches Special,LightGBM,42.003939237577,1325.8629323034065
Lunches Special,LightGBM,42.25717647058823,1325.8629323034065
Lunches Special,XGBoost,17.186690402476806,944.6859130859375
Lunches Special,XGBoost,17.439927635488033,944.6859130859375
Lunches Special,XGBoost,17.69316486849926,944.6859130859375
Lunches Special,XGBoost,17.946402101510486,944.6859130859375
Lunches Special,XGBoost,18.199639334521713,944.9038696289062
Lunches Special,XGBoost,18.45287656753294,944.9038696289062
Lunches Special,XGBoost,18.706113800544166,944.9038696289062
Lunches Special,XGBoost,18.959351033555393,944.9038696289062
Lunches Special,XGBoost,19.21258826656662,944.9038696289062
Lunches Special,XGBoost,19.465825499577846,944.9038696289062
Lunches Special,XGBoost,19.71906273258907,944.9038696289062
Lunches Special,XGBoost,19.972299965600296,944.9038696289062
Lunches Special,XGBoost,20.225537198611523,931.480224609375
Lunches Special,XGBoost,20.47877443162275,930.7608642578125
Lunches Special,XGBoost,20.732011664633976,930.7608642578125
Lunches Special,XGBoost,20.985248897645203,930.7608642578125
Lunches Special,XGBoost,21.23848613065643,930.7608642578125
Lunches Special,XGBoost,21.491723363667656,930.7608642578125
Lunches Special,XGBoost,21.744960596678883,928.6343994140625
Lunches Special,XGBoost,21.99819782969011,928.6343994140625
Lunches Special,XGBoost,22.251435062701336,928.6343994140625
Lunches Special,XGBoost,22.504672295712563,928.6343994140625
Lunches Special,XGBoost,22.757909528723786,929.3029174804688
Lunches Special,XGBoost,23.011146761735013,929.3029174804688
Lunches Special,XGBoost,23.26438399474624,929.505126953125
Lunches Special,XGBoost,23.517621227757466,951.9246215820312
Lunches Special,XGBoost,23.770858460768693,927.64013671875
Lunches Special,XGBoost,24.02409569377992,930.8695678710938
Lunches Special,XGBoost,24.277332926791146,931.7384033203125
Lunches Special,XGBoost,24.530570159802373,931.0237426757812
Lunches Special,XGBoost,24.7838073928136,926.439208984375
Lunches Special,XGBoost,25.037044625824826,926.4390869140625
Lunches Special,XGBoost,25.290281858836053,926.4390869140625
Lunches Special,XGBoost,25.54351909184728,926.2192993164062
Lunches Special,XGBoost,25.796756324858507,951.7825317382812
Lunches Special,XGBoost,26.049993557869733,951.7825317382812
Lunches Special,XGBoost,26.30323079088096,951.7825317382812
Lunches Special,XGBoost,26.556468023892187,954.7870483398438
Lunches Special,XGBoost,26.809705256903413,954.026611328125
Lunches Special,XGBoost,27.06294248991464,953.2236328125
Lunches Special,XGBoost,27.316179722925867,953.2236328125
Lunches Special,XGBoost,27.569416955937093,953.2236328125
Lunches Special,XGBoost,27.82265418894832,953.2236328125
Lunches Special,XGBoost,28.075891421959547,953.2236328125
Lunches Special,XGBoost,28.32912865497077,953.2236328125
Lunches Special,XGBoost,28.582365887981997,953.2236328125
Lunches Special,XGBoost,28.835603120993223,953.2236328125
Lunches Special,XGBoost,29.08884035400445,953.2236328125
Lunches Special,XGBoost,29.342077587015677,953.2236328125
Lunches Special,XGBoost,29.595314820026903,951.9495239257812
Lunches Special,XGBoost,29.84855205303813,950.6961669921875
Lunches Special,XGBoost,30.101789286049357,950.6961669921875
Lunches Special,XGBoost,30.355026519060583,950.6961669921875
Lunches Special,XGBoost,30.608263752071807,969.2639770507812
Lunches Special,XGBoost,30.861500985083033,969.2639770507812
Lunches Special,XGBoost,31.11473821809426,969.2639770507812
Lunches Special,XGBoost,31.367975451105487,1670.4041748046875
Lunches Special,XGBoost,31.621212684116713,1670.4041748046875
Lunches Special,XGBoost,31.87444991712794,1673.894775390625
Lunches Special,XGBoost,32.12768715013917,1673.894775390625
Lunches Special,XGBoost,32.38092438315039,1674.50537109375
Lunches Special,XGBoost,32.63416161616162,1674.50537109375
Lunches Special,XGBoost,32.88739884917285,1674.50537109375
Lunches Special,XGBoost,33.14063608218407,1674.50537109375
Lunches Special,XGBoost,33.3938733151953,1674.50537109375
Lunches Special,XGBoost,33.64711054820653,1674.50537109375
Lunches Special,XGBoost,33.900347781217754,1674.50537109375
Lunches Special,XGBoost,34.15358501422898,1674.50537109375
Lunches Special,XGBoost,34.40682224724021,1674.50537109375
Lunches Special,XGBoost,34.660059480251434,1674.50537109375
Lunches Special,XGBoost,34.91329671326266,1674.50537109375
Lunches Special,XGBoost,35.16653394627389,1674.50537109375
Lunches Special,XGBoost,35.419771179285114,1674.50537109375
Lunches Special,XGBoost,35.67300841229634,1674.50537109375
Lunches Special,XGBoost,35.92624564530756,1674.50537109375
Lunches Special,XGBoost,36.179482878318794,1674.50537109375
Lunches Special,XGBoost,36.43272011133001,1674.50537109375
Lunches Special,XGBoost,36.68595734434125,1674.50537109375
Lunches Special,XGBoost,36.93919457735247,1674.50537109375
Lunches Special,XGBoost,37.1924318103637,1674.50537109375
Lunches Special,XGBoost,37.44566904337492,1674.50537109375
Lunches Special,XGBoost,37.698906276386154,1674.50537109375
Lunches Special,XGBoost,37.952143509397374,1674.50537109375
Lunches Special,XGBoost,38.20538074240861,1674.50537109375
Lunches Special,XGBoost,38.45861797541983,1674.50537109375
Lunches Special,XGBoost,38.71185520843106,1674.50537109375
Lunches Special,XGBoost,38.96509244144228,1674.50537109375
Lunches Special,XGBoost,39.218329674453514,1674.50537109375
Lunches Special,XGBoost,39.471566907464734,1674.50537109375
Lunches Special,XGBoost,39.72480414047596,1674.50537109375
Lunches Special,XGBoost,39.97804137348719,1674.50537109375
Lunches Special,XGBoost,40.231278606498414,1674.50537109375
Lunches Special,XGBoost,40.48451583950964,1674.50537109375
Lunches Special,XGBoost,40.73775307252087,1674.50537109375
Lunches Special,XGBoost,40.990990305532094,1674.50537109375
Lunches Special,XGBoost,41.24422753854332,1674.50537109375
Lunches Special,XGBoost,41.49746477155455,1674.50537109375
Lunches Special,XGBoost,41.750702004565774,1674.50537109375
Lunches Special,XGBoost,42.003939237577,1674.50537109375
Lunches Special,XGBoost,42.25717647058823,1674.50537109375
