Dataset,Model,5 Tree density,Predicted Value
All,CatBoost,0.0251440416790435,685.7636884222387
All,CatBoost,0.027641825573591922,685.7636884222387
All,CatBoost,0.030139609468140344,685.7636884222387
All,CatBoost,0.03263739336268876,685.3449858480673
All,CatBoost,0.03513517725723718,685.3449858480673
All,CatBoost,0.037632961151785604,685.3449858480673
All,CatBoost,0.04013074504633402,639.6783247167261
All,CatBoost,0.04262852894088244,639.6783247167261
All,CatBoost,0.045126312835430865,631.0412242552173
All,CatBoost,0.04762409672997929,631.0412242552173
All,CatBoost,0.05012188062452771,626.6928902428849
All,CatBoost,0.052619664519076126,626.6928902428849
All,CatBoost,0.05511744841362455,621.6321023740697
All,CatBoost,0.05761523230817297,621.6321023740697
All,CatBoost,0.06011301620272139,621.9163392598957
All,CatBoost,0.06261080009726981,620.9216201898049
All,CatBoost,0.06510858399181824,621.0531751549711
All,CatBoost,0.06760636788636665,621.0531751549711
All,CatBoost,0.07010415178091507,599.1463285178489
All,CatBoost,0.0726019356754635,599.50697431872
All,CatBoost,0.07509971957001191,598.8181513882329
All,CatBoost,0.07759750346456033,591.4310500534814
All,CatBoost,0.08009528735910876,591.4310500534814
All,CatBoost,0.08259307125365717,591.6908977255646
All,CatBoost,0.0850908551482056,591.3507008734069
All,CatBoost,0.08758863904275402,578.4104071958848
All,CatBoost,0.09008642293730243,576.4073939438241
All,CatBoost,0.09258420683185087,568.8631120042644
All,CatBoost,0.09508199072639928,560.6706926591531
All,CatBoost,0.09757977462094769,560.1162379912806
All,CatBoost,0.10007755851549613,554.8316426314282
All,CatBoost,0.10257534241004454,554.7330384309
All,CatBoost,0.10507312630459295,554.7330384309
All,CatBoost,0.10757091019914139,554.7330384309
All,CatBoost,0.1100686940936898,554.7330384309
All,CatBoost,0.11256647798823821,554.7330384309
All,CatBoost,0.11506426188278665,554.7330384309
All,CatBoost,0.11756204577733506,554.7330384309
All,CatBoost,0.12005982967188347,554.7330384309
All,CatBoost,0.12255761356643191,554.7330384309
All,CatBoost,0.12505539746098032,554.7330384309
All,CatBoost,0.12755318135552873,556.5366961250423
All,CatBoost,0.13005096525007717,556.5366961250423
All,CatBoost,0.13254874914462558,557.6223259119465
All,CatBoost,0.135046533039174,557.6223259119465
All,CatBoost,0.13754431693372243,557.3193656861606
All,CatBoost,0.14004210082827084,557.3193656861606
All,CatBoost,0.14253988472281925,557.4948021096477
All,CatBoost,0.1450376686173677,557.4948021096477
All,CatBoost,0.1475354525119161,557.4948021096477
All,CatBoost,0.15003323640646452,557.4948021096477
All,CatBoost,0.15253102030101295,557.4948021096477
All,CatBoost,0.15502880419556136,557.4948021096477
All,CatBoost,0.15752658809010978,557.4948021096477
All,CatBoost,0.16002437198465821,557.4948021096477
All,CatBoost,0.16252215587920663,557.4948021096477
All,CatBoost,0.16501993977375504,564.4184107417162
All,CatBoost,0.16751772366830348,564.4184107417162
All,CatBoost,0.1700155075628519,564.4184107417162
All,CatBoost,0.1725132914574003,564.4184107417162
All,CatBoost,0.17501107535194874,564.4184107417162
All,CatBoost,0.17750885924649715,564.4184107417162
All,CatBoost,0.18000664314104556,564.4184107417162
All,CatBoost,0.182504427035594,564.4184107417162
All,CatBoost,0.1850022109301424,564.4184107417162
All,CatBoost,0.18749999482469082,564.4184107417162
All,CatBoost,0.18999777871923926,564.4184107417162
All,CatBoost,0.19249556261378767,564.4184107417162
All,CatBoost,0.19499334650833608,564.4184107417162
All,CatBoost,0.19749113040288452,564.4184107417162
All,CatBoost,0.19998891429743293,564.4184107417162
All,CatBoost,0.20248669819198134,564.4184107417162
All,CatBoost,0.20498448208652978,564.4184107417162
All,CatBoost,0.2074822659810782,564.4184107417162
All,CatBoost,0.2099800498756266,564.4184107417162
All,CatBoost,0.21247783377017504,564.4184107417162
All,CatBoost,0.21497561766472345,564.4184107417162
All,CatBoost,0.21747340155927186,564.4184107417162
All,CatBoost,0.2199711854538203,564.4184107417162
All,CatBoost,0.2224689693483687,564.4184107417162
All,CatBoost,0.22496675324291715,564.4184107417162
All,CatBoost,0.22746453713746556,564.4184107417162
All,CatBoost,0.22996232103201397,562.5083394119255
All,CatBoost,0.2324601049265624,562.5083394119255
All,CatBoost,0.23495788882111082,562.5083394119255
All,CatBoost,0.23745567271565923,562.5083394119255
All,CatBoost,0.23995345661020767,562.5083394119255
All,CatBoost,0.24245124050475608,562.5083394119255
All,CatBoost,0.2449490243993045,562.5083394119255
All,CatBoost,0.24744680829385293,562.5083394119255
All,CatBoost,0.24994459218840134,562.5083394119255
All,CatBoost,0.2524423760829498,562.5083394119255
All,CatBoost,0.2549401599774982,562.5083394119255
All,CatBoost,0.2574379438720466,562.5083394119255
All,CatBoost,0.259935727766595,562.5083394119255
All,CatBoost,0.2624335116611435,562.5083394119255
All,CatBoost,0.2649312955556919,562.5083394119255
All,CatBoost,0.2674290794502403,562.5083394119255
All,CatBoost,0.2699268633447887,562.5083394119255
All,CatBoost,0.2724246472393371,562.5083394119255
All,LightGBM,0.0251440416790435,676.1073140625706
All,LightGBM,0.027641825573591922,676.1073140625706
All,LightGBM,0.030139609468140344,676.1073140625706
All,LightGBM,0.03263739336268876,676.4207092924943
All,LightGBM,0.03513517725723718,676.4207092924943
All,LightGBM,0.037632961151785604,676.4207092924943
All,LightGBM,0.04013074504633402,653.1573617325465
All,LightGBM,0.04262852894088244,653.1573617325465
All,LightGBM,0.045126312835430865,625.506357468154
All,LightGBM,0.04762409672997929,625.506357468154
All,LightGBM,0.05012188062452771,618.3116602075366
All,LightGBM,0.052619664519076126,618.3116602075366
All,LightGBM,0.05511744841362455,611.7774044721838
All,LightGBM,0.05761523230817297,611.2207483777457
All,LightGBM,0.06011301620272139,611.4599817618438
All,LightGBM,0.06261080009726981,613.4196737934975
All,LightGBM,0.06510858399181824,612.2401311418009
All,LightGBM,0.06760636788636665,612.2401311418009
All,LightGBM,0.07010415178091507,571.6692624838385
All,LightGBM,0.0726019356754635,572.417780281293
All,LightGBM,0.07509971957001191,572.517174950944
All,LightGBM,0.07759750346456033,578.775824125661
All,LightGBM,0.08009528735910876,581.7502381990041
All,LightGBM,0.08259307125365717,575.2937919558324
All,LightGBM,0.0850908551482056,575.3393396336287
All,LightGBM,0.08758863904275402,564.8552650742638
All,LightGBM,0.09008642293730243,562.9726733252819
All,LightGBM,0.09258420683185087,539.8732037084227
All,LightGBM,0.09508199072639928,539.8732037084227
All,LightGBM,0.09757977462094769,540.8335975925902
All,LightGBM,0.10007755851549613,536.0076757188004
All,LightGBM,0.10257534241004454,535.9496233404711
All,LightGBM,0.10507312630459295,535.9496233404711
All,LightGBM,0.10757091019914139,535.9496233404711
All,LightGBM,0.1100686940936898,535.9496233404711
All,LightGBM,0.11256647798823821,537.1118077086577
All,LightGBM,0.11506426188278665,537.1118077086577
All,LightGBM,0.11756204577733506,537.1118077086577
All,LightGBM,0.12005982967188347,537.1118077086577
All,LightGBM,0.12255761356643191,537.0358242870205
All,LightGBM,0.12505539746098032,537.0358242870205
All,LightGBM,0.12755318135552873,536.7217356419352
All,LightGBM,0.13005096525007717,536.7217356419352
All,LightGBM,0.13254874914462558,539.7484942196322
All,LightGBM,0.135046533039174,539.7484942196322
All,LightGBM,0.13754431693372243,539.7484942196322
All,LightGBM,0.14004210082827084,539.7484942196322
All,LightGBM,0.14253988472281925,587.7378815678198
All,LightGBM,0.1450376686173677,587.7378815678198
All,LightGBM,0.1475354525119161,587.7378815678198
All,LightGBM,0.15003323640646452,587.7378815678198
All,LightGBM,0.15253102030101295,587.7378815678198
All,LightGBM,0.15502880419556136,587.7378815678198
All,LightGBM,0.15752658809010978,587.7378815678198
All,LightGBM,0.16002437198465821,587.7378815678198
All,LightGBM,0.16252215587920663,587.7378815678198
All,LightGBM,0.16501993977375504,589.5374004226652
All,LightGBM,0.16751772366830348,589.5374004226652
All,LightGBM,0.1700155075628519,589.5374004226652
All,LightGBM,0.1725132914574003,589.5374004226652
All,LightGBM,0.17501107535194874,589.5374004226652
All,LightGBM,0.17750885924649715,589.5374004226652
All,LightGBM,0.18000664314104556,589.5374004226652
All,LightGBM,0.182504427035594,589.5374004226652
All,LightGBM,0.1850022109301424,589.5374004226652
All,LightGBM,0.18749999482469082,589.5374004226652
All,LightGBM,0.18999777871923926,589.5374004226652
All,LightGBM,0.19249556261378767,589.5374004226652
All,LightGBM,0.19499334650833608,589.5374004226652
All,LightGBM,0.19749113040288452,589.5374004226652
All,LightGBM,0.19998891429743293,589.5374004226652
All,LightGBM,0.20248669819198134,589.5374004226652
All,LightGBM,0.20498448208652978,589.5374004226652
All,LightGBM,0.2074822659810782,589.5374004226652
All,LightGBM,0.2099800498756266,589.5374004226652
All,LightGBM,0.21247783377017504,589.5374004226652
All,LightGBM,0.21497561766472345,589.5374004226652
All,LightGBM,0.21747340155927186,589.5374004226652
All,LightGBM,0.2199711854538203,589.5374004226652
All,LightGBM,0.2224689693483687,589.5374004226652
All,LightGBM,0.22496675324291715,589.5374004226652
All,LightGBM,0.22746453713746556,589.5374004226652
All,LightGBM,0.22996232103201397,851.1918413601462
All,LightGBM,0.2324601049265624,851.1918413601462
All,LightGBM,0.23495788882111082,851.1918413601462
All,LightGBM,0.23745567271565923,851.1918413601462
All,LightGBM,0.23995345661020767,851.1918413601462
All,LightGBM,0.24245124050475608,851.1918413601462
All,LightGBM,0.2449490243993045,851.1918413601462
All,LightGBM,0.24744680829385293,851.1918413601462
All,LightGBM,0.24994459218840134,851.1918413601462
All,LightGBM,0.2524423760829498,851.1918413601462
All,LightGBM,0.2549401599774982,851.1918413601462
All,LightGBM,0.2574379438720466,851.1918413601462
All,LightGBM,0.259935727766595,851.1918413601462
All,LightGBM,0.2624335116611435,851.1918413601462
All,LightGBM,0.2649312955556919,851.1918413601462
All,LightGBM,0.2674290794502403,851.1918413601462
All,LightGBM,0.2699268633447887,851.1918413601462
All,LightGBM,0.2724246472393371,851.1918413601462
All,XGBoost,0.0251440416790435,637.3960571289062
All,XGBoost,0.027641825573591922,637.3960571289062
All,XGBoost,0.030139609468140344,637.3960571289062
All,XGBoost,0.03263739336268876,637.3960571289062
All,XGBoost,0.03513517725723718,637.3960571289062
All,XGBoost,0.037632961151785604,640.4622802734375
All,XGBoost,0.04013074504633402,581.3167114257812
All,XGBoost,0.04262852894088244,581.3167114257812
All,XGBoost,0.045126312835430865,581.3167114257812
All,XGBoost,0.04762409672997929,581.3167114257812
All,XGBoost,0.05012188062452771,580.5441284179688
All,XGBoost,0.052619664519076126,580.3719482421875
All,XGBoost,0.05511744841362455,580.3719482421875
All,XGBoost,0.05761523230817297,580.9830322265625
All,XGBoost,0.06011301620272139,581.2049560546875
All,XGBoost,0.06261080009726981,581.0178833007812
All,XGBoost,0.06510858399181824,581.0178833007812
All,XGBoost,0.06760636788636665,581.0178833007812
All,XGBoost,0.07010415178091507,571.7109375
All,XGBoost,0.0726019356754635,575.7144775390625
All,XGBoost,0.07509971957001191,576.1779174804688
All,XGBoost,0.07759750346456033,575.5065307617188
All,XGBoost,0.08009528735910876,584.5236206054688
All,XGBoost,0.08259307125365717,584.074951171875
All,XGBoost,0.0850908551482056,576.3126220703125
All,XGBoost,0.08758863904275402,576.280029296875
All,XGBoost,0.09008642293730243,570.4090576171875
All,XGBoost,0.09258420683185087,553.084716796875
All,XGBoost,0.09508199072639928,553.084716796875
All,XGBoost,0.09757977462094769,551.0011596679688
All,XGBoost,0.10007755851549613,551.0011596679688
All,XGBoost,0.10257534241004454,550.7296142578125
All,XGBoost,0.10507312630459295,550.7296142578125
All,XGBoost,0.10757091019914139,550.7296142578125
All,XGBoost,0.1100686940936898,550.7296142578125
All,XGBoost,0.11256647798823821,550.7296142578125
All,XGBoost,0.11506426188278665,550.7296142578125
All,XGBoost,0.11756204577733506,550.7296142578125
All,XGBoost,0.12005982967188347,550.7296142578125
All,XGBoost,0.12255761356643191,550.9690551757812
All,XGBoost,0.12505539746098032,550.9690551757812
All,XGBoost,0.12755318135552873,550.9690551757812
All,XGBoost,0.13005096525007717,550.9690551757812
All,XGBoost,0.13254874914462558,564.85595703125
All,XGBoost,0.135046533039174,564.85595703125
All,XGBoost,0.13754431693372243,564.85595703125
All,XGBoost,0.14004210082827084,564.85595703125
All,XGBoost,0.14253988472281925,619.469482421875
All,XGBoost,0.1450376686173677,619.469482421875
All,XGBoost,0.1475354525119161,619.469482421875
All,XGBoost,0.15003323640646452,619.469482421875
All,XGBoost,0.15253102030101295,619.469482421875
All,XGBoost,0.15502880419556136,619.469482421875
All,XGBoost,0.15752658809010978,619.469482421875
All,XGBoost,0.16002437198465821,619.469482421875
All,XGBoost,0.16252215587920663,619.469482421875
All,XGBoost,0.16501993977375504,619.469482421875
All,XGBoost,0.16751772366830348,619.469482421875
All,XGBoost,0.1700155075628519,619.469482421875
All,XGBoost,0.1725132914574003,619.469482421875
All,XGBoost,0.17501107535194874,619.469482421875
All,XGBoost,0.17750885924649715,619.469482421875
All,XGBoost,0.18000664314104556,619.469482421875
All,XGBoost,0.182504427035594,619.469482421875
All,XGBoost,0.1850022109301424,619.469482421875
All,XGBoost,0.18749999482469082,619.14990234375
All,XGBoost,0.18999777871923926,619.14990234375
All,XGBoost,0.19249556261378767,619.14990234375
All,XGBoost,0.19499334650833608,619.14990234375
All,XGBoost,0.19749113040288452,619.14990234375
All,XGBoost,0.19998891429743293,619.14990234375
All,XGBoost,0.20248669819198134,619.14990234375
All,XGBoost,0.20498448208652978,619.14990234375
All,XGBoost,0.2074822659810782,619.14990234375
All,XGBoost,0.2099800498756266,619.14990234375
All,XGBoost,0.21247783377017504,619.14990234375
All,XGBoost,0.21497561766472345,619.14990234375
All,XGBoost,0.21747340155927186,619.14990234375
All,XGBoost,0.2199711854538203,619.14990234375
All,XGBoost,0.2224689693483687,619.14990234375
All,XGBoost,0.22496675324291715,619.14990234375
All,XGBoost,0.22746453713746556,619.14990234375
All,XGBoost,0.22996232103201397,619.14990234375
All,XGBoost,0.2324601049265624,619.14990234375
All,XGBoost,0.23495788882111082,619.14990234375
All,XGBoost,0.23745567271565923,619.14990234375
All,XGBoost,0.23995345661020767,619.14990234375
All,XGBoost,0.24245124050475608,619.14990234375
All,XGBoost,0.2449490243993045,619.14990234375
All,XGBoost,0.24744680829385293,619.14990234375
All,XGBoost,0.24994459218840134,619.14990234375
All,XGBoost,0.2524423760829498,619.14990234375
All,XGBoost,0.2549401599774982,619.14990234375
All,XGBoost,0.2574379438720466,619.14990234375
All,XGBoost,0.259935727766595,619.14990234375
All,XGBoost,0.2624335116611435,619.14990234375
All,XGBoost,0.2649312955556919,619.14990234375
All,XGBoost,0.2674290794502403,619.14990234375
All,XGBoost,0.2699268633447887,619.14990234375
All,XGBoost,0.2724246472393371,811.191162109375
Mornings,CatBoost,0.0251440416790435,955.4148791924949
Mornings,CatBoost,0.027641825573591922,955.4148791924949
Mornings,CatBoost,0.030139609468140344,955.4148791924949
Mornings,CatBoost,0.03263739336268876,942.6703129197889
Mornings,CatBoost,0.03513517725723718,942.6703129197889
Mornings,CatBoost,0.037632961151785604,942.6703129197889
Mornings,CatBoost,0.04013074504633402,924.5723332494164
Mornings,CatBoost,0.04262852894088244,924.5723332494164
Mornings,CatBoost,0.045126312835430865,920.2314494503786
Mornings,CatBoost,0.04762409672997929,920.2314494503786
Mornings,CatBoost,0.05012188062452771,881.8817820617911
Mornings,CatBoost,0.052619664519076126,881.8817820617911
Mornings,CatBoost,0.05511744841362455,881.8817820617911
Mornings,CatBoost,0.05761523230817297,882.1857915305495
Mornings,CatBoost,0.06011301620272139,882.2493942952956
Mornings,CatBoost,0.06261080009726981,876.4656958111871
Mornings,CatBoost,0.06510858399181824,876.489374885246
Mornings,CatBoost,0.06760636788636665,876.489374885246
Mornings,CatBoost,0.07010415178091507,687.6045793692491
Mornings,CatBoost,0.0726019356754635,687.6045793692491
Mornings,CatBoost,0.07509971957001191,688.8298880871002
Mornings,CatBoost,0.07759750346456033,687.092877282244
Mornings,CatBoost,0.08009528735910876,687.092877282244
Mornings,CatBoost,0.08259307125365717,687.3052517402465
Mornings,CatBoost,0.0850908551482056,684.456233017521
Mornings,CatBoost,0.08758863904275402,683.0565852369416
Mornings,CatBoost,0.09008642293730243,680.6634426339778
Mornings,CatBoost,0.09258420683185087,680.1554882946785
Mornings,CatBoost,0.09508199072639928,680.1554882946785
Mornings,CatBoost,0.09757977462094769,680.1554882946785
Mornings,CatBoost,0.10007755851549613,680.1554882946785
Mornings,CatBoost,0.10257534241004454,680.1554882946785
Mornings,CatBoost,0.10507312630459295,680.1554882946785
Mornings,CatBoost,0.10757091019914139,680.1554882946785
Mornings,CatBoost,0.1100686940936898,680.1554882946785
Mornings,CatBoost,0.11256647798823821,680.1554882946785
Mornings,CatBoost,0.11506426188278665,680.1554882946785
Mornings,CatBoost,0.11756204577733506,680.1554882946785
Mornings,CatBoost,0.12005982967188347,680.1554882946785
Mornings,CatBoost,0.12255761356643191,680.1554882946785
Mornings,CatBoost,0.12505539746098032,680.1554882946785
Mornings,CatBoost,0.12755318135552873,680.0769079316866
Mornings,CatBoost,0.13005096525007717,680.0769079316866
Mornings,CatBoost,0.13254874914462558,680.0769079316866
Mornings,CatBoost,0.135046533039174,680.0769079316866
Mornings,CatBoost,0.13754431693372243,680.0769079316866
Mornings,CatBoost,0.14004210082827084,680.0769079316866
Mornings,CatBoost,0.14253988472281925,680.3180994750687
Mornings,CatBoost,0.1450376686173677,680.3180994750687
Mornings,CatBoost,0.1475354525119161,680.3180994750687
Mornings,CatBoost,0.15003323640646452,680.3180994750687
Mornings,CatBoost,0.15253102030101295,680.3180994750687
Mornings,CatBoost,0.15502880419556136,680.3180994750687
Mornings,CatBoost,0.15752658809010978,680.3180994750687
Mornings,CatBoost,0.16002437198465821,680.3180994750687
Mornings,CatBoost,0.16252215587920663,680.3180994750687
Mornings,CatBoost,0.16501993977375504,679.2040154594933
Mornings,CatBoost,0.16751772366830348,679.2040154594933
Mornings,CatBoost,0.1700155075628519,679.2040154594933
Mornings,CatBoost,0.1725132914574003,679.2040154594933
Mornings,CatBoost,0.17501107535194874,679.2040154594933
Mornings,CatBoost,0.17750885924649715,679.2040154594933
Mornings,CatBoost,0.18000664314104556,679.2040154594933
Mornings,CatBoost,0.182504427035594,679.2040154594933
Mornings,CatBoost,0.1850022109301424,679.2040154594933
Mornings,CatBoost,0.18749999482469082,679.2040154594933
Mornings,CatBoost,0.18999777871923926,679.2040154594933
Mornings,CatBoost,0.19249556261378767,679.2040154594933
Mornings,CatBoost,0.19499334650833608,679.2040154594933
Mornings,CatBoost,0.19749113040288452,679.2040154594933
Mornings,CatBoost,0.19998891429743293,679.2040154594933
Mornings,CatBoost,0.20248669819198134,679.2040154594933
Mornings,CatBoost,0.20498448208652978,679.2040154594933
Mornings,CatBoost,0.2074822659810782,679.2040154594933
Mornings,CatBoost,0.2099800498756266,679.2040154594933
Mornings,CatBoost,0.21247783377017504,679.2040154594933
Mornings,CatBoost,0.21497561766472345,679.2040154594933
Mornings,CatBoost,0.21747340155927186,679.2040154594933
Mornings,CatBoost,0.2199711854538203,679.2040154594933
Mornings,CatBoost,0.2224689693483687,679.2040154594933
Mornings,CatBoost,0.22496675324291715,679.2040154594933
Mornings,CatBoost,0.22746453713746556,679.2040154594933
Mornings,CatBoost,0.22996232103201397,679.8818520113738
Mornings,CatBoost,0.2324601049265624,679.8818520113738
Mornings,CatBoost,0.23495788882111082,679.8818520113738
Mornings,CatBoost,0.23745567271565923,679.8818520113738
Mornings,CatBoost,0.23995345661020767,679.8818520113738
Mornings,CatBoost,0.24245124050475608,679.8818520113738
Mornings,CatBoost,0.2449490243993045,679.8818520113738
Mornings,CatBoost,0.24744680829385293,679.8818520113738
Mornings,CatBoost,0.24994459218840134,679.8818520113738
Mornings,CatBoost,0.2524423760829498,679.8818520113738
Mornings,CatBoost,0.2549401599774982,679.8818520113738
Mornings,CatBoost,0.2574379438720466,679.8818520113738
Mornings,CatBoost,0.259935727766595,679.8818520113738
Mornings,CatBoost,0.2624335116611435,679.8818520113738
Mornings,CatBoost,0.2649312955556919,679.8818520113738
Mornings,CatBoost,0.2674290794502403,679.8818520113738
Mornings,CatBoost,0.2699268633447887,679.8818520113738
Mornings,CatBoost,0.2724246472393371,679.8818520113738
Mornings,LightGBM,0.0251440416790435,1102.5725835603819
Mornings,LightGBM,0.027641825573591922,1102.5725835603819
Mornings,LightGBM,0.030139609468140344,1102.5725835603819
Mornings,LightGBM,0.03263739336268876,1103.3804573391988
Mornings,LightGBM,0.03513517725723718,1103.3804573391988
Mornings,LightGBM,0.037632961151785604,1103.3804573391988
Mornings,LightGBM,0.04013074504633402,1103.4843277748903
Mornings,LightGBM,0.04262852894088244,1103.4843277748903
Mornings,LightGBM,0.045126312835430865,1093.9421527754932
Mornings,LightGBM,0.04762409672997929,1093.9421527754932
Mornings,LightGBM,0.05012188062452771,1058.0108885004158
Mornings,LightGBM,0.052619664519076126,1058.0108885004158
Mornings,LightGBM,0.05511744841362455,1057.9912078512366
Mornings,LightGBM,0.05761523230817297,1024.353661874882
Mornings,LightGBM,0.06011301620272139,1019.9198681545182
Mornings,LightGBM,0.06261080009726981,1020.1249218507987
Mornings,LightGBM,0.06510858399181824,1020.2220503192543
Mornings,LightGBM,0.06760636788636665,1020.2220503192543
Mornings,LightGBM,0.07010415178091507,616.7051262852667
Mornings,LightGBM,0.0726019356754635,616.7161222539237
Mornings,LightGBM,0.07509971957001191,616.659953624156
Mornings,LightGBM,0.07759750346456033,616.6145239167312
Mornings,LightGBM,0.08009528735910876,616.6145239167312
Mornings,LightGBM,0.08259307125365717,616.7749860878979
Mornings,LightGBM,0.0850908551482056,615.9249492871699
Mornings,LightGBM,0.08758863904275402,615.8860140786672
Mornings,LightGBM,0.09008642293730243,608.985912313329
Mornings,LightGBM,0.09258420683185087,608.7767187209402
Mornings,LightGBM,0.09508199072639928,608.7406086580545
Mornings,LightGBM,0.09757977462094769,608.6673215863697
Mornings,LightGBM,0.10007755851549613,592.35827707419
Mornings,LightGBM,0.10257534241004454,592.35827707419
Mornings,LightGBM,0.10507312630459295,592.35827707419
Mornings,LightGBM,0.10757091019914139,592.35827707419
Mornings,LightGBM,0.1100686940936898,592.35827707419
Mornings,LightGBM,0.11256647798823821,592.35827707419
Mornings,LightGBM,0.11506426188278665,592.35827707419
Mornings,LightGBM,0.11756204577733506,592.35827707419
Mornings,LightGBM,0.12005982967188347,592.35827707419
Mornings,LightGBM,0.12255761356643191,592.35827707419
Mornings,LightGBM,0.12505539746098032,592.35827707419
Mornings,LightGBM,0.12755318135552873,592.3877564923899
Mornings,LightGBM,0.13005096525007717,592.3877564923899
Mornings,LightGBM,0.13254874914462558,592.3877564923899
Mornings,LightGBM,0.135046533039174,592.3877564923899
Mornings,LightGBM,0.13754431693372243,592.3877564923899
Mornings,LightGBM,0.14004210082827084,592.3877564923899
Mornings,LightGBM,0.14253988472281925,593.4624128731755
Mornings,LightGBM,0.1450376686173677,593.4624128731755
Mornings,LightGBM,0.1475354525119161,593.4624128731755
Mornings,LightGBM,0.15003323640646452,593.4624128731755
Mornings,LightGBM,0.15253102030101295,593.4624128731755
Mornings,LightGBM,0.15502880419556136,593.4624128731755
Mornings,LightGBM,0.15752658809010978,593.4624128731755
Mornings,LightGBM,0.16002437198465821,593.4624128731755
Mornings,LightGBM,0.16252215587920663,593.4624128731755
Mornings,LightGBM,0.16501993977375504,593.4624128731755
Mornings,LightGBM,0.16751772366830348,593.4624128731755
Mornings,LightGBM,0.1700155075628519,593.4624128731755
Mornings,LightGBM,0.1725132914574003,593.4624128731755
Mornings,LightGBM,0.17501107535194874,593.4624128731755
Mornings,LightGBM,0.17750885924649715,593.4624128731755
Mornings,LightGBM,0.18000664314104556,593.4624128731755
Mornings,LightGBM,0.182504427035594,593.4624128731755
Mornings,LightGBM,0.1850022109301424,593.4624128731755
Mornings,LightGBM,0.18749999482469082,593.4624128731755
Mornings,LightGBM,0.18999777871923926,593.4624128731755
Mornings,LightGBM,0.19249556261378767,593.4624128731755
Mornings,LightGBM,0.19499334650833608,593.4624128731755
Mornings,LightGBM,0.19749113040288452,593.4624128731755
Mornings,LightGBM,0.19998891429743293,593.4624128731755
Mornings,LightGBM,0.20248669819198134,593.4624128731755
Mornings,LightGBM,0.20498448208652978,593.4624128731755
Mornings,LightGBM,0.2074822659810782,593.4624128731755
Mornings,LightGBM,0.2099800498756266,593.4624128731755
Mornings,LightGBM,0.21247783377017504,593.4624128731755
Mornings,LightGBM,0.21497561766472345,593.4624128731755
Mornings,LightGBM,0.21747340155927186,593.4624128731755
Mornings,LightGBM,0.2199711854538203,593.4624128731755
Mornings,LightGBM,0.2224689693483687,593.4624128731755
Mornings,LightGBM,0.22496675324291715,593.4624128731755
Mornings,LightGBM,0.22746453713746556,593.4624128731755
Mornings,LightGBM,0.22996232103201397,589.8322517701929
Mornings,LightGBM,0.2324601049265624,589.8322517701929
Mornings,LightGBM,0.23495788882111082,589.8322517701929
Mornings,LightGBM,0.23745567271565923,589.8322517701929
Mornings,LightGBM,0.23995345661020767,589.8322517701929
Mornings,LightGBM,0.24245124050475608,589.8322517701929
Mornings,LightGBM,0.2449490243993045,589.8322517701929
Mornings,LightGBM,0.24744680829385293,589.8322517701929
Mornings,LightGBM,0.24994459218840134,589.8322517701929
Mornings,LightGBM,0.2524423760829498,589.8322517701929
Mornings,LightGBM,0.2549401599774982,589.8322517701929
Mornings,LightGBM,0.2574379438720466,589.8322517701929
Mornings,LightGBM,0.259935727766595,589.8322517701929
Mornings,LightGBM,0.2624335116611435,589.8322517701929
Mornings,LightGBM,0.2649312955556919,589.8322517701929
Mornings,LightGBM,0.2674290794502403,589.8322517701929
Mornings,LightGBM,0.2699268633447887,589.8322517701929
Mornings,LightGBM,0.2724246472393371,589.8322517701929
Mornings,XGBoost,0.0251440416790435,1031.96923828125
Mornings,XGBoost,0.027641825573591922,1031.96923828125
Mornings,XGBoost,0.030139609468140344,1031.96923828125
Mornings,XGBoost,0.03263739336268876,1031.96923828125
Mornings,XGBoost,0.03513517725723718,1031.96923828125
Mornings,XGBoost,0.037632961151785604,1029.83203125
Mornings,XGBoost,0.04013074504633402,1030.9134521484375
Mornings,XGBoost,0.04262852894088244,1030.9134521484375
Mornings,XGBoost,0.045126312835430865,1030.9134521484375
Mornings,XGBoost,0.04762409672997929,1030.810302734375
Mornings,XGBoost,0.05012188062452771,1030.778564453125
Mornings,XGBoost,0.052619664519076126,1030.778564453125
Mornings,XGBoost,0.05511744841362455,1030.778564453125
Mornings,XGBoost,0.05761523230817297,1030.8226318359375
Mornings,XGBoost,0.06011301620272139,1030.4034423828125
Mornings,XGBoost,0.06261080009726981,1030.7528076171875
Mornings,XGBoost,0.06510858399181824,1030.7528076171875
Mornings,XGBoost,0.06760636788636665,1030.7528076171875
Mornings,XGBoost,0.07010415178091507,602.77685546875
Mornings,XGBoost,0.0726019356754635,602.9220581054688
Mornings,XGBoost,0.07509971957001191,603.0179443359375
Mornings,XGBoost,0.07759750346456033,603.1591796875
Mornings,XGBoost,0.08009528735910876,603.71435546875
Mornings,XGBoost,0.08259307125365717,603.434814453125
Mornings,XGBoost,0.0850908551482056,602.842529296875
Mornings,XGBoost,0.08758863904275402,603.0767211914062
Mornings,XGBoost,0.09008642293730243,599.605224609375
Mornings,XGBoost,0.09258420683185087,598.528076171875
Mornings,XGBoost,0.09508199072639928,598.528076171875
Mornings,XGBoost,0.09757977462094769,571.644287109375
Mornings,XGBoost,0.10007755851549613,571.644287109375
Mornings,XGBoost,0.10257534241004454,571.644287109375
Mornings,XGBoost,0.10507312630459295,571.644287109375
Mornings,XGBoost,0.10757091019914139,571.644287109375
Mornings,XGBoost,0.1100686940936898,571.644287109375
Mornings,XGBoost,0.11256647798823821,571.644287109375
Mornings,XGBoost,0.11506426188278665,571.644287109375
Mornings,XGBoost,0.11756204577733506,571.644287109375
Mornings,XGBoost,0.12005982967188347,571.644287109375
Mornings,XGBoost,0.12255761356643191,571.644287109375
Mornings,XGBoost,0.12505539746098032,571.644287109375
Mornings,XGBoost,0.12755318135552873,571.644287109375
Mornings,XGBoost,0.13005096525007717,571.644287109375
Mornings,XGBoost,0.13254874914462558,571.0613403320312
Mornings,XGBoost,0.135046533039174,571.0613403320312
Mornings,XGBoost,0.13754431693372243,571.0613403320312
Mornings,XGBoost,0.14004210082827084,571.0613403320312
Mornings,XGBoost,0.14253988472281925,576.1888427734375
Mornings,XGBoost,0.1450376686173677,576.1888427734375
Mornings,XGBoost,0.1475354525119161,576.1888427734375
Mornings,XGBoost,0.15003323640646452,576.1888427734375
Mornings,XGBoost,0.15253102030101295,576.1888427734375
Mornings,XGBoost,0.15502880419556136,576.1888427734375
Mornings,XGBoost,0.15752658809010978,576.1888427734375
Mornings,XGBoost,0.16002437198465821,576.1888427734375
Mornings,XGBoost,0.16252215587920663,576.1888427734375
Mornings,XGBoost,0.16501993977375504,576.1888427734375
Mornings,XGBoost,0.16751772366830348,576.1888427734375
Mornings,XGBoost,0.1700155075628519,576.1888427734375
Mornings,XGBoost,0.1725132914574003,576.1888427734375
Mornings,XGBoost,0.17501107535194874,576.1888427734375
Mornings,XGBoost,0.17750885924649715,576.1888427734375
Mornings,XGBoost,0.18000664314104556,576.1888427734375
Mornings,XGBoost,0.182504427035594,576.1888427734375
Mornings,XGBoost,0.1850022109301424,576.1888427734375
Mornings,XGBoost,0.18749999482469082,574.0906372070312
Mornings,XGBoost,0.18999777871923926,574.0906372070312
Mornings,XGBoost,0.19249556261378767,574.0906372070312
Mornings,XGBoost,0.19499334650833608,574.0906372070312
Mornings,XGBoost,0.19749113040288452,574.0906372070312
Mornings,XGBoost,0.19998891429743293,574.0906372070312
Mornings,XGBoost,0.20248669819198134,574.0906372070312
Mornings,XGBoost,0.20498448208652978,574.0906372070312
Mornings,XGBoost,0.2074822659810782,574.0906372070312
Mornings,XGBoost,0.2099800498756266,574.0906372070312
Mornings,XGBoost,0.21247783377017504,574.0906372070312
Mornings,XGBoost,0.21497561766472345,574.0906372070312
Mornings,XGBoost,0.21747340155927186,574.0906372070312
Mornings,XGBoost,0.2199711854538203,574.0906372070312
Mornings,XGBoost,0.2224689693483687,574.0906372070312
Mornings,XGBoost,0.22496675324291715,574.0906372070312
Mornings,XGBoost,0.22746453713746556,574.0906372070312
Mornings,XGBoost,0.22996232103201397,574.0906372070312
Mornings,XGBoost,0.2324601049265624,574.0906372070312
Mornings,XGBoost,0.23495788882111082,574.0906372070312
Mornings,XGBoost,0.23745567271565923,574.0906372070312
Mornings,XGBoost,0.23995345661020767,574.0906372070312
Mornings,XGBoost,0.24245124050475608,574.0906372070312
Mornings,XGBoost,0.2449490243993045,574.0906372070312
Mornings,XGBoost,0.24744680829385293,574.0906372070312
Mornings,XGBoost,0.24994459218840134,574.0906372070312
Mornings,XGBoost,0.2524423760829498,574.0906372070312
Mornings,XGBoost,0.2549401599774982,574.0906372070312
Mornings,XGBoost,0.2574379438720466,574.0906372070312
Mornings,XGBoost,0.259935727766595,574.0906372070312
Mornings,XGBoost,0.2624335116611435,574.0906372070312
Mornings,XGBoost,0.2649312955556919,574.0906372070312
Mornings,XGBoost,0.2674290794502403,574.0906372070312
Mornings,XGBoost,0.2699268633447887,574.0906372070312
Mornings,XGBoost,0.2724246472393371,576.9313354492188
Lunches,LightGBM,0.0251440416790435,1183.691740473264
Lunches,LightGBM,0.027641825573591922,1183.691740473264
Lunches,LightGBM,0.030139609468140344,1183.691740473264
Lunches,LightGBM,0.03263739336268876,1183.691740473264
Lunches,LightGBM,0.03513517725723718,1183.691740473264
Lunches,LightGBM,0.037632961151785604,1183.691740473264
Lunches,LightGBM,0.04013074504633402,1183.4944540311628
Lunches,LightGBM,0.04262852894088244,1183.4944540311628
Lunches,LightGBM,0.045126312835430865,1183.6141542971081
Lunches,LightGBM,0.04762409672997929,1183.6141542971081
Lunches,LightGBM,0.05012188062452771,1182.621751581911
Lunches,LightGBM,0.052619664519076126,1182.621751581911
Lunches,LightGBM,0.05511744841362455,1182.296420448526
Lunches,LightGBM,0.05761523230817297,1182.296420448526
Lunches,LightGBM,0.06011301620272139,1182.2788284836276
Lunches,LightGBM,0.06261080009726981,1182.2788284836276
Lunches,LightGBM,0.06510858399181824,1182.4310968712118
Lunches,LightGBM,0.06760636788636665,1182.4310968712118
Lunches,LightGBM,0.07010415178091507,1181.500312670533
Lunches,LightGBM,0.0726019356754635,1181.8428232685585
Lunches,LightGBM,0.07509971957001191,1181.866649252298
Lunches,LightGBM,0.07759750346456033,1181.7488366518176
Lunches,LightGBM,0.08009528735910876,1184.830103903118
Lunches,LightGBM,0.08259307125365717,1040.4763838894316
Lunches,LightGBM,0.0850908551482056,1040.427862932206
Lunches,LightGBM,0.08758863904275402,1035.1924064910445
Lunches,LightGBM,0.09008642293730243,1033.968116259994
Lunches,LightGBM,0.09258420683185087,1032.139443217773
Lunches,LightGBM,0.09508199072639928,1032.1578252916959
Lunches,LightGBM,0.09757977462094769,1032.1578252916959
Lunches,LightGBM,0.10007755851549613,1032.1578252916959
Lunches,LightGBM,0.10257534241004454,1032.1578252916959
Lunches,LightGBM,0.10507312630459295,1032.1578252916959
Lunches,LightGBM,0.10757091019914139,1032.1578252916959
Lunches,LightGBM,0.1100686940936898,1032.1578252916959
Lunches,LightGBM,0.11256647798823821,1032.1578252916959
Lunches,LightGBM,0.11506426188278665,1032.1578252916959
Lunches,LightGBM,0.11756204577733506,1032.1578252916959
Lunches,LightGBM,0.12005982967188347,1032.1578252916959
Lunches,LightGBM,0.12255761356643191,1032.1578252916959
Lunches,LightGBM,0.12505539746098032,1032.1578252916959
Lunches,LightGBM,0.12755318135552873,1032.1578252916959
Lunches,LightGBM,0.13005096525007717,1032.1578252916959
Lunches,LightGBM,0.13254874914462558,1032.5907657614005
Lunches,LightGBM,0.135046533039174,1032.5907657614005
Lunches,LightGBM,0.13754431693372243,1032.5907657614005
Lunches,LightGBM,0.14004210082827084,1032.5907657614005
Lunches,LightGBM,0.14253988472281925,1032.5907657614005
Lunches,LightGBM,0.1450376686173677,1032.5907657614005
Lunches,LightGBM,0.1475354525119161,1032.5907657614005
Lunches,LightGBM,0.15003323640646452,1032.5907657614005
Lunches,LightGBM,0.15253102030101295,1032.5907657614005
Lunches,LightGBM,0.15502880419556136,1032.5907657614005
Lunches,LightGBM,0.15752658809010978,1032.5907657614005
Lunches,LightGBM,0.16002437198465821,1032.5907657614005
Lunches,LightGBM,0.16252215587920663,1032.5907657614005
Lunches,LightGBM,0.16501993977375504,1032.5907657614005
Lunches,LightGBM,0.16751772366830348,1032.5907657614005
Lunches,LightGBM,0.1700155075628519,1032.5907657614005
Lunches,LightGBM,0.1725132914574003,1032.5907657614005
Lunches,LightGBM,0.17501107535194874,1032.5907657614005
Lunches,LightGBM,0.17750885924649715,1032.5907657614005
Lunches,LightGBM,0.18000664314104556,1032.5907657614005
Lunches,LightGBM,0.182504427035594,1032.5907657614005
Lunches,LightGBM,0.1850022109301424,1032.5907657614005
Lunches,LightGBM,0.18749999482469082,1032.5907657614005
Lunches,LightGBM,0.18999777871923926,1032.5907657614005
Lunches,LightGBM,0.19249556261378767,1032.5907657614005
Lunches,LightGBM,0.19499334650833608,1032.5907657614005
Lunches,LightGBM,0.19749113040288452,1032.5907657614005
Lunches,LightGBM,0.19998891429743293,1032.5907657614005
Lunches,LightGBM,0.20248669819198134,1032.5907657614005
Lunches,LightGBM,0.20498448208652978,1032.5907657614005
Lunches,LightGBM,0.2074822659810782,1032.5907657614005
Lunches,LightGBM,0.2099800498756266,1032.5907657614005
Lunches,LightGBM,0.21247783377017504,1032.5907657614005
Lunches,LightGBM,0.21497561766472345,1032.5907657614005
Lunches,LightGBM,0.21747340155927186,1032.5907657614005
Lunches,LightGBM,0.2199711854538203,1032.5907657614005
Lunches,LightGBM,0.2224689693483687,1032.5907657614005
Lunches,LightGBM,0.22496675324291715,1032.5907657614005
Lunches,LightGBM,0.22746453713746556,1032.5907657614005
Lunches,LightGBM,0.22996232103201397,1035.0473170461796
Lunches,LightGBM,0.2324601049265624,1035.0473170461796
Lunches,LightGBM,0.23495788882111082,1035.0473170461796
Lunches,LightGBM,0.23745567271565923,1035.0473170461796
Lunches,LightGBM,0.23995345661020767,1035.0473170461796
Lunches,LightGBM,0.24245124050475608,1035.0473170461796
Lunches,LightGBM,0.2449490243993045,1035.0473170461796
Lunches,LightGBM,0.24744680829385293,1035.0473170461796
Lunches,LightGBM,0.24994459218840134,1035.0473170461796
Lunches,LightGBM,0.2524423760829498,1035.0473170461796
Lunches,LightGBM,0.2549401599774982,1035.0473170461796
Lunches,LightGBM,0.2574379438720466,1035.0473170461796
Lunches,LightGBM,0.259935727766595,1035.0473170461796
Lunches,LightGBM,0.2624335116611435,1035.0473170461796
Lunches,LightGBM,0.2649312955556919,1035.0473170461796
Lunches,LightGBM,0.2674290794502403,1035.0473170461796
Lunches,LightGBM,0.2699268633447887,1035.0473170461796
Lunches,LightGBM,0.2724246472393371,1035.0473170461796
Lunches,XGBoost,0.0251440416790435,1185.0870361328125
Lunches,XGBoost,0.027641825573591922,1185.0870361328125
Lunches,XGBoost,0.030139609468140344,1185.0870361328125
Lunches,XGBoost,0.03263739336268876,1185.0870361328125
Lunches,XGBoost,0.03513517725723718,1185.0870361328125
Lunches,XGBoost,0.037632961151785604,1182.26611328125
Lunches,XGBoost,0.04013074504633402,1160.112060546875
Lunches,XGBoost,0.04262852894088244,1160.112060546875
Lunches,XGBoost,0.045126312835430865,1160.112060546875
Lunches,XGBoost,0.04762409672997929,1175.9261474609375
Lunches,XGBoost,0.05012188062452771,1165.7994384765625
Lunches,XGBoost,0.052619664519076126,1166.840087890625
Lunches,XGBoost,0.05511744841362455,1166.840087890625
Lunches,XGBoost,0.05761523230817297,1166.384765625
Lunches,XGBoost,0.06011301620272139,1165.6368408203125
Lunches,XGBoost,0.06261080009726981,1162.013427734375
Lunches,XGBoost,0.06510858399181824,1162.013427734375
Lunches,XGBoost,0.06760636788636665,1162.013427734375
Lunches,XGBoost,0.07010415178091507,1161.8856201171875
Lunches,XGBoost,0.0726019356754635,1165.4749755859375
Lunches,XGBoost,0.07509971957001191,1165.455322265625
Lunches,XGBoost,0.07759750346456033,1012.7931518554688
Lunches,XGBoost,0.08009528735910876,1012.7931518554688
Lunches,XGBoost,0.08259307125365717,1013.1827392578125
Lunches,XGBoost,0.0850908551482056,1013.1995849609375
Lunches,XGBoost,0.08758863904275402,999.5469360351562
Lunches,XGBoost,0.09008642293730243,1000.5843505859375
Lunches,XGBoost,0.09258420683185087,1000.0082397460938
Lunches,XGBoost,0.09508199072639928,1000.0082397460938
Lunches,XGBoost,0.09757977462094769,1000.0082397460938
Lunches,XGBoost,0.10007755851549613,1000.0082397460938
Lunches,XGBoost,0.10257534241004454,1000.0923461914062
Lunches,XGBoost,0.10507312630459295,1006.990234375
Lunches,XGBoost,0.10757091019914139,1006.990234375
Lunches,XGBoost,0.1100686940936898,1006.990234375
Lunches,XGBoost,0.11256647798823821,1006.990234375
Lunches,XGBoost,0.11506426188278665,1006.990234375
Lunches,XGBoost,0.11756204577733506,1006.990234375
Lunches,XGBoost,0.12005982967188347,1006.990234375
Lunches,XGBoost,0.12255761356643191,1007.019287109375
Lunches,XGBoost,0.12505539746098032,1007.019287109375
Lunches,XGBoost,0.12755318135552873,1007.019287109375
Lunches,XGBoost,0.13005096525007717,1007.019287109375
Lunches,XGBoost,0.13254874914462558,1005.8556518554688
Lunches,XGBoost,0.135046533039174,1005.8556518554688
Lunches,XGBoost,0.13754431693372243,1005.8556518554688
Lunches,XGBoost,0.14004210082827084,1005.8556518554688
Lunches,XGBoost,0.14253988472281925,1124.5440673828125
Lunches,XGBoost,0.1450376686173677,1124.5440673828125
Lunches,XGBoost,0.1475354525119161,1124.5440673828125
Lunches,XGBoost,0.15003323640646452,1124.5440673828125
Lunches,XGBoost,0.15253102030101295,1124.5440673828125
Lunches,XGBoost,0.15502880419556136,1124.5440673828125
Lunches,XGBoost,0.15752658809010978,1124.5440673828125
Lunches,XGBoost,0.16002437198465821,1124.5440673828125
Lunches,XGBoost,0.16252215587920663,1124.5440673828125
Lunches,XGBoost,0.16501993977375504,1124.5440673828125
Lunches,XGBoost,0.16751772366830348,1124.5440673828125
Lunches,XGBoost,0.1700155075628519,1124.5440673828125
Lunches,XGBoost,0.1725132914574003,1124.5440673828125
Lunches,XGBoost,0.17501107535194874,1124.5440673828125
Lunches,XGBoost,0.17750885924649715,1124.5440673828125
Lunches,XGBoost,0.18000664314104556,1124.5440673828125
Lunches,XGBoost,0.182504427035594,1124.5440673828125
Lunches,XGBoost,0.1850022109301424,1124.5440673828125
Lunches,XGBoost,0.18749999482469082,1129.52685546875
Lunches,XGBoost,0.18999777871923926,1129.52685546875
Lunches,XGBoost,0.19249556261378767,1129.52685546875
Lunches,XGBoost,0.19499334650833608,1129.52685546875
Lunches,XGBoost,0.19749113040288452,1129.52685546875
Lunches,XGBoost,0.19998891429743293,1129.52685546875
Lunches,XGBoost,0.20248669819198134,1129.52685546875
Lunches,XGBoost,0.20498448208652978,1129.52685546875
Lunches,XGBoost,0.2074822659810782,1129.52685546875
Lunches,XGBoost,0.2099800498756266,1129.52685546875
Lunches,XGBoost,0.21247783377017504,1129.52685546875
Lunches,XGBoost,0.21497561766472345,1129.52685546875
Lunches,XGBoost,0.21747340155927186,1129.52685546875
Lunches,XGBoost,0.2199711854538203,1129.52685546875
Lunches,XGBoost,0.2224689693483687,1129.52685546875
Lunches,XGBoost,0.22496675324291715,1129.52685546875
Lunches,XGBoost,0.22746453713746556,1129.52685546875
Lunches,XGBoost,0.22996232103201397,1129.52685546875
Lunches,XGBoost,0.2324601049265624,1129.52685546875
Lunches,XGBoost,0.23495788882111082,1129.52685546875
Lunches,XGBoost,0.23745567271565923,1129.52685546875
Lunches,XGBoost,0.23995345661020767,1129.52685546875
Lunches,XGBoost,0.24245124050475608,1129.52685546875
Lunches,XGBoost,0.2449490243993045,1129.52685546875
Lunches,XGBoost,0.24744680829385293,1129.52685546875
Lunches,XGBoost,0.24994459218840134,1129.52685546875
Lunches,XGBoost,0.2524423760829498,1129.52685546875
Lunches,XGBoost,0.2549401599774982,1129.52685546875
Lunches,XGBoost,0.2574379438720466,1129.52685546875
Lunches,XGBoost,0.259935727766595,1129.52685546875
Lunches,XGBoost,0.2624335116611435,1129.52685546875
Lunches,XGBoost,0.2649312955556919,1129.52685546875
Lunches,XGBoost,0.2674290794502403,1129.52685546875
Lunches,XGBoost,0.2699268633447887,1129.52685546875
Lunches,XGBoost,0.2724246472393371,1348.1375732421875
Afternoons,CatBoost,0.0251440416790435,1283.8715332291672
Afternoons,CatBoost,0.027641825573591922,1283.8715332291672
Afternoons,CatBoost,0.030139609468140344,1283.8715332291672
Afternoons,CatBoost,0.03263739336268876,1284.4729066596701
Afternoons,CatBoost,0.03513517725723718,1284.4729066596701
Afternoons,CatBoost,0.037632961151785604,1284.4729066596701
Afternoons,CatBoost,0.04013074504633402,1218.8906637196942
Afternoons,CatBoost,0.04262852894088244,1218.8906637196942
Afternoons,CatBoost,0.045126312835430865,1209.411653170002
Afternoons,CatBoost,0.04762409672997929,1209.411653170002
Afternoons,CatBoost,0.05012188062452771,1208.9829998030118
Afternoons,CatBoost,0.052619664519076126,1208.9829998030118
Afternoons,CatBoost,0.05511744841362455,1208.9829998030118
Afternoons,CatBoost,0.05761523230817297,1229.5861856197055
Afternoons,CatBoost,0.06011301620272139,1230.9863663344656
Afternoons,CatBoost,0.06261080009726981,1230.701938822613
Afternoons,CatBoost,0.06510858399181824,1228.0848930157592
Afternoons,CatBoost,0.06760636788636665,1228.0848930157592
Afternoons,CatBoost,0.07010415178091507,1230.502699193664
Afternoons,CatBoost,0.0726019356754635,1230.502699193664
Afternoons,CatBoost,0.07509971957001191,1230.502699193664
Afternoons,CatBoost,0.07759750346456033,1241.1672745730336
Afternoons,CatBoost,0.08009528735910876,1245.3457477433133
Afternoons,CatBoost,0.08259307125365717,1246.2935600060243
Afternoons,CatBoost,0.0850908551482056,1250.1407612422568
Afternoons,CatBoost,0.08758863904275402,1244.3964872021427
Afternoons,CatBoost,0.09008642293730243,1236.2224405441402
Afternoons,CatBoost,0.09258420683185087,1214.0960483047097
Afternoons,CatBoost,0.09508199072639928,1214.0490957309362
Afternoons,CatBoost,0.09757977462094769,1204.697047202515
Afternoons,CatBoost,0.10007755851549613,1204.9987560455443
Afternoons,CatBoost,0.10257534241004454,1204.9154981383924
Afternoons,CatBoost,0.10507312630459295,1204.9154981383924
Afternoons,CatBoost,0.10757091019914139,1204.9154981383924
Afternoons,CatBoost,0.1100686940936898,1204.9154981383924
Afternoons,CatBoost,0.11256647798823821,1204.9154981383924
Afternoons,CatBoost,0.11506426188278665,1204.9154981383924
Afternoons,CatBoost,0.11756204577733506,1204.9154981383924
Afternoons,CatBoost,0.12005982967188347,1204.9154981383924
Afternoons,CatBoost,0.12255761356643191,1204.9154981383924
Afternoons,CatBoost,0.12505539746098032,1204.9154981383924
Afternoons,CatBoost,0.12755318135552873,1204.9154981383924
Afternoons,CatBoost,0.13005096525007717,1204.9154981383924
Afternoons,CatBoost,0.13254874914462558,1204.9154981383924
Afternoons,CatBoost,0.135046533039174,1204.9154981383924
Afternoons,CatBoost,0.13754431693372243,1204.9154981383924
Afternoons,CatBoost,0.14004210082827084,1204.9154981383924
Afternoons,CatBoost,0.14253988472281925,1201.9306200448123
Afternoons,CatBoost,0.1450376686173677,1201.9306200448123
Afternoons,CatBoost,0.1475354525119161,1201.9306200448123
Afternoons,CatBoost,0.15003323640646452,1201.9306200448123
Afternoons,CatBoost,0.15253102030101295,1201.9306200448123
Afternoons,CatBoost,0.15502880419556136,1201.9306200448123
Afternoons,CatBoost,0.15752658809010978,1201.9306200448123
Afternoons,CatBoost,0.16002437198465821,1201.9306200448123
Afternoons,CatBoost,0.16252215587920663,1201.9306200448123
Afternoons,CatBoost,0.16501993977375504,1201.6736683418385
Afternoons,CatBoost,0.16751772366830348,1201.6736683418385
Afternoons,CatBoost,0.1700155075628519,1201.6736683418385
Afternoons,CatBoost,0.1725132914574003,1201.6736683418385
Afternoons,CatBoost,0.17501107535194874,1201.6736683418385
Afternoons,CatBoost,0.17750885924649715,1201.6736683418385
Afternoons,CatBoost,0.18000664314104556,1201.6736683418385
Afternoons,CatBoost,0.182504427035594,1201.6736683418385
Afternoons,CatBoost,0.1850022109301424,1201.6736683418385
Afternoons,CatBoost,0.18749999482469082,1201.6736683418385
Afternoons,CatBoost,0.18999777871923926,1201.6736683418385
Afternoons,CatBoost,0.19249556261378767,1201.6736683418385
Afternoons,CatBoost,0.19499334650833608,1201.6736683418385
Afternoons,CatBoost,0.19749113040288452,1201.6736683418385
Afternoons,CatBoost,0.19998891429743293,1201.6736683418385
Afternoons,CatBoost,0.20248669819198134,1201.6736683418385
Afternoons,CatBoost,0.20498448208652978,1201.6736683418385
Afternoons,CatBoost,0.2074822659810782,1201.6736683418385
Afternoons,CatBoost,0.2099800498756266,1201.6736683418385
Afternoons,CatBoost,0.21247783377017504,1201.6736683418385
Afternoons,CatBoost,0.21497561766472345,1201.6736683418385
Afternoons,CatBoost,0.21747340155927186,1201.6736683418385
Afternoons,CatBoost,0.2199711854538203,1201.6736683418385
Afternoons,CatBoost,0.2224689693483687,1201.6736683418385
Afternoons,CatBoost,0.22496675324291715,1201.6736683418385
Afternoons,CatBoost,0.22746453713746556,1201.6736683418385
Afternoons,CatBoost,0.22996232103201397,1199.4757069662237
Afternoons,CatBoost,0.2324601049265624,1199.4757069662237
Afternoons,CatBoost,0.23495788882111082,1199.4757069662237
Afternoons,CatBoost,0.23745567271565923,1199.4757069662237
Afternoons,CatBoost,0.23995345661020767,1199.4757069662237
Afternoons,CatBoost,0.24245124050475608,1199.4757069662237
Afternoons,CatBoost,0.2449490243993045,1199.4757069662237
Afternoons,CatBoost,0.24744680829385293,1199.4757069662237
Afternoons,CatBoost,0.24994459218840134,1199.4757069662237
Afternoons,CatBoost,0.2524423760829498,1199.4757069662237
Afternoons,CatBoost,0.2549401599774982,1199.4757069662237
Afternoons,CatBoost,0.2574379438720466,1199.4757069662237
Afternoons,CatBoost,0.259935727766595,1199.4757069662237
Afternoons,CatBoost,0.2624335116611435,1199.4757069662237
Afternoons,CatBoost,0.2649312955556919,1199.4757069662237
Afternoons,CatBoost,0.2674290794502403,1199.4757069662237
Afternoons,CatBoost,0.2699268633447887,1199.4757069662237
Afternoons,CatBoost,0.2724246472393371,1199.4757069662237
Mornings Special,CatBoost,0.0251440416790435,318.8678909870694
Mornings Special,CatBoost,0.027641825573591922,318.8678909870694
Mornings Special,CatBoost,0.030139609468140344,318.8678909870694
Mornings Special,CatBoost,0.03263739336268876,309.53378538637105
Mornings Special,CatBoost,0.03513517725723718,309.53378538637105
Mornings Special,CatBoost,0.037632961151785604,309.53378538637105
Mornings Special,CatBoost,0.04013074504633402,309.562594596129
Mornings Special,CatBoost,0.04262852894088244,309.562594596129
Mornings Special,CatBoost,0.045126312835430865,309.52821257763776
Mornings Special,CatBoost,0.04762409672997929,309.52821257763776
Mornings Special,CatBoost,0.05012188062452771,309.52702477086586
Mornings Special,CatBoost,0.052619664519076126,309.52702477086586
Mornings Special,CatBoost,0.05511744841362455,309.52702477086586
Mornings Special,CatBoost,0.05761523230817297,309.52702477086586
Mornings Special,CatBoost,0.06011301620272139,309.52702477086586
Mornings Special,CatBoost,0.06261080009726981,305.5589614233283
Mornings Special,CatBoost,0.06510858399181824,305.5589614233283
Mornings Special,CatBoost,0.06760636788636665,305.5589614233283
Mornings Special,CatBoost,0.07010415178091507,302.71340916109926
Mornings Special,CatBoost,0.0726019356754635,302.7331496160074
Mornings Special,CatBoost,0.07509971957001191,302.7331496160074
Mornings Special,CatBoost,0.07759750346456033,302.72183318633756
Mornings Special,CatBoost,0.08009528735910876,302.72183318633756
Mornings Special,CatBoost,0.08259307125365717,302.44105039192317
Mornings Special,CatBoost,0.0850908551482056,302.44105039192317
Mornings Special,CatBoost,0.08758863904275402,302.4355527030627
Mornings Special,CatBoost,0.09008642293730243,304.3732515383414
Mornings Special,CatBoost,0.09258420683185087,306.9956811070496
Mornings Special,CatBoost,0.09508199072639928,306.9956811070496
Mornings Special,CatBoost,0.09757977462094769,306.9956811070496
Mornings Special,CatBoost,0.10007755851549613,307.1173285733113
Mornings Special,CatBoost,0.10257534241004454,307.1318767601942
Mornings Special,CatBoost,0.10507312630459295,307.1318767601942
Mornings Special,CatBoost,0.10757091019914139,307.1318767601942
Mornings Special,CatBoost,0.1100686940936898,307.1318767601942
Mornings Special,CatBoost,0.11256647798823821,307.1318767601942
Mornings Special,CatBoost,0.11506426188278665,307.1318767601942
Mornings Special,CatBoost,0.11756204577733506,307.1318767601942
Mornings Special,CatBoost,0.12005982967188347,307.1318767601942
Mornings Special,CatBoost,0.12255761356643191,307.1318767601942
Mornings Special,CatBoost,0.12505539746098032,307.1318767601942
Mornings Special,CatBoost,0.12755318135552873,307.12199038135515
Mornings Special,CatBoost,0.13005096525007717,307.12199038135515
Mornings Special,CatBoost,0.13254874914462558,306.9298541508595
Mornings Special,CatBoost,0.135046533039174,306.9298541508595
Mornings Special,CatBoost,0.13754431693372243,306.9298541508595
Mornings Special,CatBoost,0.14004210082827084,306.9298541508595
Mornings Special,CatBoost,0.14253988472281925,308.2351401851963
Mornings Special,CatBoost,0.1450376686173677,308.2351401851963
Mornings Special,CatBoost,0.1475354525119161,308.2351401851963
Mornings Special,CatBoost,0.15003323640646452,308.2351401851963
Mornings Special,CatBoost,0.15253102030101295,308.2351401851963
Mornings Special,CatBoost,0.15502880419556136,308.2351401851963
Mornings Special,CatBoost,0.15752658809010978,308.2351401851963
Mornings Special,CatBoost,0.16002437198465821,308.2351401851963
Mornings Special,CatBoost,0.16252215587920663,308.2351401851963
Mornings Special,CatBoost,0.16501993977375504,312.459293309455
Mornings Special,CatBoost,0.16751772366830348,312.459293309455
Mornings Special,CatBoost,0.1700155075628519,312.459293309455
Mornings Special,CatBoost,0.1725132914574003,312.459293309455
Mornings Special,CatBoost,0.17501107535194874,312.459293309455
Mornings Special,CatBoost,0.17750885924649715,312.459293309455
Mornings Special,CatBoost,0.18000664314104556,312.459293309455
Mornings Special,CatBoost,0.182504427035594,312.459293309455
Mornings Special,CatBoost,0.1850022109301424,312.459293309455
Mornings Special,CatBoost,0.18749999482469082,312.459293309455
Mornings Special,CatBoost,0.18999777871923926,312.459293309455
Mornings Special,CatBoost,0.19249556261378767,312.459293309455
Mornings Special,CatBoost,0.19499334650833608,312.459293309455
Mornings Special,CatBoost,0.19749113040288452,312.459293309455
Mornings Special,CatBoost,0.19998891429743293,312.459293309455
Mornings Special,CatBoost,0.20248669819198134,312.459293309455
Mornings Special,CatBoost,0.20498448208652978,312.459293309455
Mornings Special,CatBoost,0.2074822659810782,312.459293309455
Mornings Special,CatBoost,0.2099800498756266,312.459293309455
Mornings Special,CatBoost,0.21247783377017504,312.459293309455
Mornings Special,CatBoost,0.21497561766472345,312.459293309455
Mornings Special,CatBoost,0.21747340155927186,312.459293309455
Mornings Special,CatBoost,0.2199711854538203,312.459293309455
Mornings Special,CatBoost,0.2224689693483687,312.459293309455
Mornings Special,CatBoost,0.22496675324291715,312.459293309455
Mornings Special,CatBoost,0.22746453713746556,312.459293309455
Mornings Special,CatBoost,0.22996232103201397,302.5256945632923
Mornings Special,CatBoost,0.2324601049265624,302.5256945632923
Mornings Special,CatBoost,0.23495788882111082,302.5256945632923
Mornings Special,CatBoost,0.23745567271565923,302.5256945632923
Mornings Special,CatBoost,0.23995345661020767,302.5256945632923
Mornings Special,CatBoost,0.24245124050475608,302.5256945632923
Mornings Special,CatBoost,0.2449490243993045,302.5256945632923
Mornings Special,CatBoost,0.24744680829385293,302.5256945632923
Mornings Special,CatBoost,0.24994459218840134,302.5256945632923
Mornings Special,CatBoost,0.2524423760829498,302.5256945632923
Mornings Special,CatBoost,0.2549401599774982,302.5256945632923
Mornings Special,CatBoost,0.2574379438720466,302.5256945632923
Mornings Special,CatBoost,0.259935727766595,302.5256945632923
Mornings Special,CatBoost,0.2624335116611435,302.5256945632923
Mornings Special,CatBoost,0.2649312955556919,302.5256945632923
Mornings Special,CatBoost,0.2674290794502403,302.5256945632923
Mornings Special,CatBoost,0.2699268633447887,302.5256945632923
Mornings Special,CatBoost,0.2724246472393371,302.5256945632923
Lunches Special,LightGBM,0.0251440416790435,1021.000479533312
Lunches Special,LightGBM,0.027641825573591922,1021.000479533312
Lunches Special,LightGBM,0.030139609468140344,1021.000479533312
Lunches Special,LightGBM,0.03263739336268876,1020.7092567235941
Lunches Special,LightGBM,0.03513517725723718,1020.7092567235941
Lunches Special,LightGBM,0.037632961151785604,1020.7092567235941
Lunches Special,LightGBM,0.04013074504633402,1020.7092567235941
Lunches Special,LightGBM,0.04262852894088244,1020.7092567235941
Lunches Special,LightGBM,0.045126312835430865,1020.7598484824157
Lunches Special,LightGBM,0.04762409672997929,1020.7598484824157
Lunches Special,LightGBM,0.05012188062452771,1016.1021078141366
Lunches Special,LightGBM,0.052619664519076126,1016.1021078141366
Lunches Special,LightGBM,0.05511744841362455,1014.907478004686
Lunches Special,LightGBM,0.05761523230817297,1012.0846292977352
Lunches Special,LightGBM,0.06011301620272139,1012.0846292977352
Lunches Special,LightGBM,0.06261080009726981,1013.473815451183
Lunches Special,LightGBM,0.06510858399181824,1013.2546594620492
Lunches Special,LightGBM,0.06760636788636665,1013.2546594620492
Lunches Special,LightGBM,0.07010415178091507,1002.1762563242404
Lunches Special,LightGBM,0.0726019356754635,1010.6696510545735
Lunches Special,LightGBM,0.07509971957001191,1009.1741958869821
Lunches Special,LightGBM,0.07759750346456033,988.3389863841445
Lunches Special,LightGBM,0.08009528735910876,1000.8461554378847
Lunches Special,LightGBM,0.08259307125365717,999.5137386158248
Lunches Special,LightGBM,0.0850908551482056,999.7020815180643
Lunches Special,LightGBM,0.08758863904275402,770.6421172104216
Lunches Special,LightGBM,0.09008642293730243,770.9712345404025
Lunches Special,LightGBM,0.09258420683185087,741.6414802405095
Lunches Special,LightGBM,0.09508199072639928,738.7897916947906
Lunches Special,LightGBM,0.09757977462094769,739.2597260556154
Lunches Special,LightGBM,0.10007755851549613,739.3497379674137
Lunches Special,LightGBM,0.10257534241004454,753.4069875265527
Lunches Special,LightGBM,0.10507312630459295,753.4069875265527
Lunches Special,LightGBM,0.10757091019914139,753.4069875265527
Lunches Special,LightGBM,0.1100686940936898,753.4069875265527
Lunches Special,LightGBM,0.11256647798823821,753.4069875265527
Lunches Special,LightGBM,0.11506426188278665,753.4069875265527
Lunches Special,LightGBM,0.11756204577733506,753.4069875265527
Lunches Special,LightGBM,0.12005982967188347,753.4069875265527
Lunches Special,LightGBM,0.12255761356643191,753.6473192376286
Lunches Special,LightGBM,0.12505539746098032,753.6473192376286
Lunches Special,LightGBM,0.12755318135552873,747.4826383171225
Lunches Special,LightGBM,0.13005096525007717,747.4826383171225
Lunches Special,LightGBM,0.13254874914462558,750.495374986927
Lunches Special,LightGBM,0.135046533039174,750.495374986927
Lunches Special,LightGBM,0.13754431693372243,750.495374986927
Lunches Special,LightGBM,0.14004210082827084,750.495374986927
Lunches Special,LightGBM,0.14253988472281925,750.3294836994253
Lunches Special,LightGBM,0.1450376686173677,750.3294836994253
Lunches Special,LightGBM,0.1475354525119161,750.3294836994253
Lunches Special,LightGBM,0.15003323640646452,750.3294836994253
Lunches Special,LightGBM,0.15253102030101295,750.3294836994253
Lunches Special,LightGBM,0.15502880419556136,750.3294836994253
Lunches Special,LightGBM,0.15752658809010978,750.3294836994253
Lunches Special,LightGBM,0.16002437198465821,750.3294836994253
Lunches Special,LightGBM,0.16252215587920663,750.3294836994253
Lunches Special,LightGBM,0.16501993977375504,750.3294836994253
Lunches Special,LightGBM,0.16751772366830348,750.3294836994253
Lunches Special,LightGBM,0.1700155075628519,750.3294836994253
Lunches Special,LightGBM,0.1725132914574003,750.3294836994253
Lunches Special,LightGBM,0.17501107535194874,750.3294836994253
Lunches Special,LightGBM,0.17750885924649715,750.3294836994253
Lunches Special,LightGBM,0.18000664314104556,750.3294836994253
Lunches Special,LightGBM,0.182504427035594,750.3294836994253
Lunches Special,LightGBM,0.1850022109301424,750.3294836994253
Lunches Special,LightGBM,0.18749999482469082,750.3294836994253
Lunches Special,LightGBM,0.18999777871923926,750.3294836994253
Lunches Special,LightGBM,0.19249556261378767,750.3294836994253
Lunches Special,LightGBM,0.19499334650833608,750.3294836994253
Lunches Special,LightGBM,0.19749113040288452,750.3294836994253
Lunches Special,LightGBM,0.19998891429743293,750.3294836994253
Lunches Special,LightGBM,0.20248669819198134,750.3294836994253
Lunches Special,LightGBM,0.20498448208652978,750.3294836994253
Lunches Special,LightGBM,0.2074822659810782,750.3294836994253
Lunches Special,LightGBM,0.2099800498756266,750.3294836994253
Lunches Special,LightGBM,0.21247783377017504,750.3294836994253
Lunches Special,LightGBM,0.21497561766472345,750.3294836994253
Lunches Special,LightGBM,0.21747340155927186,750.3294836994253
Lunches Special,LightGBM,0.2199711854538203,750.3294836994253
Lunches Special,LightGBM,0.2224689693483687,750.3294836994253
Lunches Special,LightGBM,0.22496675324291715,750.3294836994253
Lunches Special,LightGBM,0.22746453713746556,750.3294836994253
Lunches Special,LightGBM,0.22996232103201397,1611.7624433314802
Lunches Special,LightGBM,0.2324601049265624,1611.7624433314802
Lunches Special,LightGBM,0.23495788882111082,1611.7624433314802
Lunches Special,LightGBM,0.23745567271565923,1611.7624433314802
Lunches Special,LightGBM,0.23995345661020767,1611.7624433314802
Lunches Special,LightGBM,0.24245124050475608,1611.7624433314802
Lunches Special,LightGBM,0.2449490243993045,1611.7624433314802
Lunches Special,LightGBM,0.24744680829385293,1611.7624433314802
Lunches Special,LightGBM,0.24994459218840134,1611.7624433314802
Lunches Special,LightGBM,0.2524423760829498,1611.7624433314802
Lunches Special,LightGBM,0.2549401599774982,1611.7624433314802
Lunches Special,LightGBM,0.2574379438720466,1611.7624433314802
Lunches Special,LightGBM,0.259935727766595,1611.7624433314802
Lunches Special,LightGBM,0.2624335116611435,1611.7624433314802
Lunches Special,LightGBM,0.2649312955556919,1611.7624433314802
Lunches Special,LightGBM,0.2674290794502403,1611.7624433314802
Lunches Special,LightGBM,0.2699268633447887,1611.7624433314802
Lunches Special,LightGBM,0.2724246472393371,1611.7624433314802
Lunches Special,XGBoost,0.0251440416790435,980.5835571289062
Lunches Special,XGBoost,0.027641825573591922,980.5835571289062
Lunches Special,XGBoost,0.030139609468140344,980.5835571289062
Lunches Special,XGBoost,0.03263739336268876,980.5835571289062
Lunches Special,XGBoost,0.03513517725723718,980.5835571289062
Lunches Special,XGBoost,0.037632961151785604,980.5835571289062
Lunches Special,XGBoost,0.04013074504633402,983.0972900390625
Lunches Special,XGBoost,0.04262852894088244,983.0972900390625
Lunches Special,XGBoost,0.045126312835430865,983.0972900390625
Lunches Special,XGBoost,0.04762409672997929,982.4035034179688
Lunches Special,XGBoost,0.05012188062452771,982.6719970703125
Lunches Special,XGBoost,0.052619664519076126,982.1375732421875
Lunches Special,XGBoost,0.05511744841362455,982.1375732421875
Lunches Special,XGBoost,0.05761523230817297,981.5654296875
Lunches Special,XGBoost,0.06011301620272139,989.719970703125
Lunches Special,XGBoost,0.06261080009726981,989.4540405273438
Lunches Special,XGBoost,0.06510858399181824,989.4540405273438
Lunches Special,XGBoost,0.06760636788636665,989.4540405273438
Lunches Special,XGBoost,0.07010415178091507,987.4414672851562
Lunches Special,XGBoost,0.0726019356754635,1004.25830078125
Lunches Special,XGBoost,0.07509971957001191,1004.25830078125
Lunches Special,XGBoost,0.07759750346456033,996.8914794921875
Lunches Special,XGBoost,0.08009528735910876,998.0714111328125
Lunches Special,XGBoost,0.08259307125365717,1007.0748901367188
Lunches Special,XGBoost,0.0850908551482056,712.8780517578125
Lunches Special,XGBoost,0.08758863904275402,714.880126953125
Lunches Special,XGBoost,0.09008642293730243,684.5900268554688
Lunches Special,XGBoost,0.09258420683185087,685.1355590820312
Lunches Special,XGBoost,0.09508199072639928,685.1355590820312
Lunches Special,XGBoost,0.09757977462094769,682.6712646484375
Lunches Special,XGBoost,0.10007755851549613,682.6712646484375
Lunches Special,XGBoost,0.10257534241004454,680.751953125
Lunches Special,XGBoost,0.10507312630459295,686.7727661132812
Lunches Special,XGBoost,0.10757091019914139,686.7727661132812
Lunches Special,XGBoost,0.1100686940936898,686.7727661132812
Lunches Special,XGBoost,0.11256647798823821,686.7727661132812
Lunches Special,XGBoost,0.11506426188278665,686.7727661132812
Lunches Special,XGBoost,0.11756204577733506,686.7727661132812
Lunches Special,XGBoost,0.12005982967188347,686.7727661132812
Lunches Special,XGBoost,0.12255761356643191,686.869873046875
Lunches Special,XGBoost,0.12505539746098032,686.869873046875
Lunches Special,XGBoost,0.12755318135552873,686.869873046875
Lunches Special,XGBoost,0.13005096525007717,686.869873046875
Lunches Special,XGBoost,0.13254874914462558,686.90869140625
Lunches Special,XGBoost,0.135046533039174,686.90869140625
Lunches Special,XGBoost,0.13754431693372243,686.90869140625
Lunches Special,XGBoost,0.14004210082827084,686.90869140625
Lunches Special,XGBoost,0.14253988472281925,689.419677734375
Lunches Special,XGBoost,0.1450376686173677,689.419677734375
Lunches Special,XGBoost,0.1475354525119161,689.419677734375
Lunches Special,XGBoost,0.15003323640646452,689.419677734375
Lunches Special,XGBoost,0.15253102030101295,689.419677734375
Lunches Special,XGBoost,0.15502880419556136,689.419677734375
Lunches Special,XGBoost,0.15752658809010978,689.419677734375
Lunches Special,XGBoost,0.16002437198465821,689.419677734375
Lunches Special,XGBoost,0.16252215587920663,689.419677734375
Lunches Special,XGBoost,0.16501993977375504,689.419677734375
Lunches Special,XGBoost,0.16751772366830348,689.419677734375
Lunches Special,XGBoost,0.1700155075628519,689.419677734375
Lunches Special,XGBoost,0.1725132914574003,689.419677734375
Lunches Special,XGBoost,0.17501107535194874,689.419677734375
Lunches Special,XGBoost,0.17750885924649715,689.419677734375
Lunches Special,XGBoost,0.18000664314104556,689.419677734375
Lunches Special,XGBoost,0.182504427035594,689.419677734375
Lunches Special,XGBoost,0.1850022109301424,689.419677734375
Lunches Special,XGBoost,0.18749999482469082,689.419677734375
Lunches Special,XGBoost,0.18999777871923926,689.419677734375
Lunches Special,XGBoost,0.19249556261378767,689.419677734375
Lunches Special,XGBoost,0.19499334650833608,689.419677734375
Lunches Special,XGBoost,0.19749113040288452,689.419677734375
Lunches Special,XGBoost,0.19998891429743293,689.419677734375
Lunches Special,XGBoost,0.20248669819198134,689.419677734375
Lunches Special,XGBoost,0.20498448208652978,689.419677734375
Lunches Special,XGBoost,0.2074822659810782,689.419677734375
Lunches Special,XGBoost,0.2099800498756266,689.419677734375
Lunches Special,XGBoost,0.21247783377017504,689.419677734375
Lunches Special,XGBoost,0.21497561766472345,689.419677734375
Lunches Special,XGBoost,0.21747340155927186,689.419677734375
Lunches Special,XGBoost,0.2199711854538203,689.419677734375
Lunches Special,XGBoost,0.2224689693483687,689.419677734375
Lunches Special,XGBoost,0.22496675324291715,689.419677734375
Lunches Special,XGBoost,0.22746453713746556,689.419677734375
Lunches Special,XGBoost,0.22996232103201397,689.419677734375
Lunches Special,XGBoost,0.2324601049265624,689.419677734375
Lunches Special,XGBoost,0.23495788882111082,689.419677734375
Lunches Special,XGBoost,0.23745567271565923,689.419677734375
Lunches Special,XGBoost,0.23995345661020767,689.419677734375
Lunches Special,XGBoost,0.24245124050475608,689.419677734375
Lunches Special,XGBoost,0.2449490243993045,689.419677734375
Lunches Special,XGBoost,0.24744680829385293,689.419677734375
Lunches Special,XGBoost,0.24994459218840134,689.419677734375
Lunches Special,XGBoost,0.2524423760829498,689.419677734375
Lunches Special,XGBoost,0.2549401599774982,689.419677734375
Lunches Special,XGBoost,0.2574379438720466,689.419677734375
Lunches Special,XGBoost,0.259935727766595,689.419677734375
Lunches Special,XGBoost,0.2624335116611435,689.419677734375
Lunches Special,XGBoost,0.2649312955556919,689.419677734375
Lunches Special,XGBoost,0.2674290794502403,689.419677734375
Lunches Special,XGBoost,0.2699268633447887,689.419677734375
Lunches Special,XGBoost,0.2724246472393371,1726.1485595703125
