Dataset,Model,Building count,Predicted Value
Mornings,CatBoost,3.0,740.993797443352
Mornings,CatBoost,3.878787878787879,741.9716803894497
Mornings,CatBoost,4.757575757575758,742.982695278037
Mornings,CatBoost,5.636363636363637,743.3125464641527
Mornings,CatBoost,6.515151515151516,742.7069729856088
Mornings,CatBoost,7.393939393939394,742.7069729856088
Mornings,CatBoost,8.272727272727273,742.7069729856088
Mornings,CatBoost,9.151515151515152,742.6086982697274
Mornings,CatBoost,10.030303030303031,742.6086982697274
Mornings,CatBoost,10.90909090909091,742.6086982697274
Mornings,CatBoost,11.787878787878787,742.6086982697274
Mornings,CatBoost,12.666666666666666,742.5504046185292
Mornings,CatBoost,13.545454545454545,742.5504046185292
Mornings,CatBoost,14.424242424242424,742.5504046185292
Mornings,CatBoost,15.303030303030303,742.5504046185292
Mornings,CatBoost,16.18181818181818,742.5504046185292
Mornings,CatBoost,17.060606060606062,742.5504046185292
Mornings,CatBoost,17.939393939393938,742.5504046185292
Mornings,CatBoost,18.81818181818182,742.3165107978829
Mornings,CatBoost,19.696969696969695,742.3165107978829
Mornings,CatBoost,20.575757575757574,742.3165107978829
Mornings,CatBoost,21.454545454545453,742.3165107978829
Mornings,CatBoost,22.333333333333332,742.3165107978829
Mornings,CatBoost,23.21212121212121,742.3165107978829
Mornings,CatBoost,24.09090909090909,742.3165107978829
Mornings,CatBoost,24.96969696969697,742.3165107978829
Mornings,CatBoost,25.848484848484848,742.3165107978829
Mornings,CatBoost,26.727272727272727,742.3165107978829
Mornings,CatBoost,27.606060606060606,731.3317071269997
Mornings,CatBoost,28.484848484848484,731.3317071269997
Mornings,CatBoost,29.363636363636363,712.2200293477509
Mornings,CatBoost,30.242424242424242,712.2200293477509
Mornings,CatBoost,31.12121212121212,711.1811332476414
Mornings,CatBoost,32.0,711.1811332476414
Mornings,CatBoost,32.878787878787875,711.1811332476414
Mornings,CatBoost,33.75757575757576,711.130065781828
Mornings,CatBoost,34.63636363636364,711.130065781828
Mornings,CatBoost,35.515151515151516,711.130065781828
Mornings,CatBoost,36.39393939393939,711.130065781828
Mornings,CatBoost,37.27272727272727,711.0981039345031
Mornings,CatBoost,38.15151515151515,711.0981039345031
Mornings,CatBoost,39.03030303030303,714.3531618779372
Mornings,CatBoost,39.90909090909091,714.3531618779372
Mornings,CatBoost,40.78787878787879,714.3414005108456
Mornings,CatBoost,41.666666666666664,714.3414005108456
Mornings,CatBoost,42.54545454545455,710.3466314632174
Mornings,CatBoost,43.42424242424242,710.3466314632174
Mornings,CatBoost,44.303030303030305,697.8848257764258
Mornings,CatBoost,45.18181818181818,697.8848257764258
Mornings,CatBoost,46.06060606060606,693.4041047647557
Mornings,CatBoost,46.93939393939394,693.4041047647557
Mornings,CatBoost,47.81818181818182,693.4041047647557
Mornings,CatBoost,48.696969696969695,693.4041047647557
Mornings,CatBoost,49.57575757575758,693.4041047647557
Mornings,CatBoost,50.45454545454545,693.4041047647557
Mornings,CatBoost,51.333333333333336,693.4041047647557
Mornings,CatBoost,52.21212121212121,693.4041047647557
Mornings,CatBoost,53.09090909090909,693.4041047647557
Mornings,CatBoost,53.96969696969697,693.4041047647557
Mornings,CatBoost,54.84848484848485,693.4041047647557
Mornings,CatBoost,55.72727272727273,693.4041047647557
Mornings,CatBoost,56.60606060606061,693.4041047647557
Mornings,CatBoost,57.484848484848484,693.4041047647557
Mornings,CatBoost,58.36363636363637,693.4041047647557
Mornings,CatBoost,59.24242424242424,693.4041047647557
Mornings,CatBoost,60.12121212121212,693.4041047647557
Mornings,CatBoost,61.0,693.4041047647557
Mornings,CatBoost,61.878787878787875,693.4041047647557
Mornings,CatBoost,62.75757575757576,693.4041047647557
Mornings,CatBoost,63.63636363636363,693.4041047647557
Mornings,CatBoost,64.51515151515152,693.4041047647557
Mornings,CatBoost,65.39393939393939,693.4041047647557
Mornings,CatBoost,66.27272727272728,693.4041047647557
Mornings,CatBoost,67.15151515151516,693.4041047647557
Mornings,CatBoost,68.03030303030303,693.4041047647557
Mornings,CatBoost,68.9090909090909,693.4041047647557
Mornings,CatBoost,69.78787878787878,693.4041047647557
Mornings,CatBoost,70.66666666666667,693.4041047647557
Mornings,CatBoost,71.54545454545455,693.4041047647557
Mornings,CatBoost,72.42424242424242,693.4041047647557
Mornings,CatBoost,73.3030303030303,693.4041047647557
Mornings,CatBoost,74.18181818181819,693.4041047647557
Mornings,CatBoost,75.06060606060606,693.4041047647557
Mornings,CatBoost,75.93939393939394,693.4041047647557
Mornings,CatBoost,76.81818181818181,693.4041047647557
Mornings,CatBoost,77.6969696969697,693.4041047647557
Mornings,CatBoost,78.57575757575758,693.4041047647557
Mornings,CatBoost,79.45454545454545,693.4041047647557
Mornings,CatBoost,80.33333333333333,693.4041047647557
Mornings,CatBoost,81.21212121212122,693.4041047647557
Mornings,CatBoost,82.0909090909091,693.4041047647557
Mornings,CatBoost,82.96969696969697,693.4041047647557
Mornings,CatBoost,83.84848484848484,693.4041047647557
Mornings,CatBoost,84.72727272727273,693.1419571001182
Mornings,CatBoost,85.60606060606061,693.1419571001182
Mornings,CatBoost,86.48484848484848,693.1419571001182
Mornings,CatBoost,87.36363636363636,693.1419571001182
Mornings,CatBoost,88.24242424242424,693.1419571001182
Mornings,CatBoost,89.12121212121212,693.1419571001182
Mornings,CatBoost,90.0,693.1419571001182
Lunches,CatBoost,3.0,1132.1226540488751
Lunches,CatBoost,3.878787878787879,1131.767693280443
Lunches,CatBoost,4.757575757575758,1127.7123308119226
Lunches,CatBoost,5.636363636363637,1127.6857101640676
Lunches,CatBoost,6.515151515151516,1126.3454054549647
Lunches,CatBoost,7.393939393939394,1126.3454054549647
Lunches,CatBoost,8.272727272727273,1126.3345575364606
Lunches,CatBoost,9.151515151515152,1126.3406661638373
Lunches,CatBoost,10.030303030303031,1126.3406661638373
Lunches,CatBoost,10.90909090909091,1126.3406661638373
Lunches,CatBoost,11.787878787878787,1126.3406661638373
Lunches,CatBoost,12.666666666666666,1126.3406661638373
Lunches,CatBoost,13.545454545454545,1126.3406661638373
Lunches,CatBoost,14.424242424242424,1126.3406661638373
Lunches,CatBoost,15.303030303030303,1126.3406661638373
Lunches,CatBoost,16.18181818181818,1126.3406661638373
Lunches,CatBoost,17.060606060606062,1118.0920317804482
Lunches,CatBoost,17.939393939393938,1118.0920317804482
Lunches,CatBoost,18.81818181818182,1117.4530971876354
Lunches,CatBoost,19.696969696969695,1117.4530971876354
Lunches,CatBoost,20.575757575757574,1117.4530971876354
Lunches,CatBoost,21.454545454545453,1117.4530971876354
Lunches,CatBoost,22.333333333333332,1117.4530971876354
Lunches,CatBoost,23.21212121212121,1117.4530971876354
Lunches,CatBoost,24.09090909090909,1117.4530971876354
Lunches,CatBoost,24.96969696969697,1116.1351017709721
Lunches,CatBoost,25.848484848484848,1116.1351017709721
Lunches,CatBoost,26.727272727272727,1116.1351017709721
Lunches,CatBoost,27.606060606060606,1109.694251801674
Lunches,CatBoost,28.484848484848484,1109.694251801674
Lunches,CatBoost,29.363636363636363,1109.694251801674
Lunches,CatBoost,30.242424242424242,1109.7768054500434
Lunches,CatBoost,31.12121212121212,1104.5880050118706
Lunches,CatBoost,32.0,1104.5880050118706
Lunches,CatBoost,32.878787878787875,1104.5880050118706
Lunches,CatBoost,33.75757575757576,1104.4315095838115
Lunches,CatBoost,34.63636363636364,1104.4315095838115
Lunches,CatBoost,35.515151515151516,1104.4315095838115
Lunches,CatBoost,36.39393939393939,1104.4315095838115
Lunches,CatBoost,37.27272727272727,1087.3651375407208
Lunches,CatBoost,38.15151515151515,1087.3651375407208
Lunches,CatBoost,39.03030303030303,1093.5121149508202
Lunches,CatBoost,39.90909090909091,1093.5121149508202
Lunches,CatBoost,40.78787878787879,1097.4246906336539
Lunches,CatBoost,41.666666666666664,1097.4246906336539
Lunches,CatBoost,42.54545454545455,1096.0797663162243
Lunches,CatBoost,43.42424242424242,1096.0797663162243
Lunches,CatBoost,44.303030303030305,1096.0797663162243
Lunches,CatBoost,45.18181818181818,1096.0797663162243
Lunches,CatBoost,46.06060606060606,1096.0797663162243
Lunches,CatBoost,46.93939393939394,1096.0797663162243
Lunches,CatBoost,47.81818181818182,1096.0797663162243
Lunches,CatBoost,48.696969696969695,1096.0797663162243
Lunches,CatBoost,49.57575757575758,1096.0797663162243
Lunches,CatBoost,50.45454545454545,1096.0797663162243
Lunches,CatBoost,51.333333333333336,1096.0797663162243
Lunches,CatBoost,52.21212121212121,1096.0797663162243
Lunches,CatBoost,53.09090909090909,1096.0797663162243
Lunches,CatBoost,53.96969696969697,1096.0797663162243
Lunches,CatBoost,54.84848484848485,1096.0797663162243
Lunches,CatBoost,55.72727272727273,1096.0797663162243
Lunches,CatBoost,56.60606060606061,1096.0797663162243
Lunches,CatBoost,57.484848484848484,1096.0797663162243
Lunches,CatBoost,58.36363636363637,1096.0797663162243
Lunches,CatBoost,59.24242424242424,1096.0797663162243
Lunches,CatBoost,60.12121212121212,1096.0797663162243
Lunches,CatBoost,61.0,1096.0797663162243
Lunches,CatBoost,61.878787878787875,1096.0797663162243
Lunches,CatBoost,62.75757575757576,1096.0797663162243
Lunches,CatBoost,63.63636363636363,1096.0797663162243
Lunches,CatBoost,64.51515151515152,1096.0797663162243
Lunches,CatBoost,65.39393939393939,1096.0797663162243
Lunches,CatBoost,66.27272727272728,1096.0797663162243
Lunches,CatBoost,67.15151515151516,1096.0797663162243
Lunches,CatBoost,68.03030303030303,1096.0797663162243
Lunches,CatBoost,68.9090909090909,1096.0797663162243
Lunches,CatBoost,69.78787878787878,1096.0797663162243
Lunches,CatBoost,70.66666666666667,1096.0797663162243
Lunches,CatBoost,71.54545454545455,1096.0797663162243
Lunches,CatBoost,72.42424242424242,1096.0797663162243
Lunches,CatBoost,73.3030303030303,1096.0797663162243
Lunches,CatBoost,74.18181818181819,1096.0797663162243
Lunches,CatBoost,75.06060606060606,1096.0797663162243
Lunches,CatBoost,75.93939393939394,1096.0797663162243
Lunches,CatBoost,76.81818181818181,1096.0797663162243
Lunches,CatBoost,77.6969696969697,1096.0797663162243
Lunches,CatBoost,78.57575757575758,1096.0797663162243
Lunches,CatBoost,79.45454545454545,1096.0797663162243
Lunches,CatBoost,80.33333333333333,1096.0797663162243
Lunches,CatBoost,81.21212121212122,1096.0797663162243
Lunches,CatBoost,82.0909090909091,1096.0797663162243
Lunches,CatBoost,82.96969696969697,1096.0797663162243
Lunches,CatBoost,83.84848484848484,1096.0797663162243
Lunches,CatBoost,84.72727272727273,1094.5739632141047
Lunches,CatBoost,85.60606060606061,1094.5739632141047
Lunches,CatBoost,86.48484848484848,1094.5739632141047
Lunches,CatBoost,87.36363636363636,1094.5739632141047
Lunches,CatBoost,88.24242424242424,1094.5739632141047
Lunches,CatBoost,89.12121212121212,1094.5739632141047
Lunches,CatBoost,90.0,1094.5739632141047
Afternoons,CatBoost,3.0,1249.206283591967
Afternoons,CatBoost,3.878787878787879,1241.849274450851
Afternoons,CatBoost,4.757575757575758,1213.4095496495302
Afternoons,CatBoost,5.636363636363637,1213.4095496495302
Afternoons,CatBoost,6.515151515151516,1210.2423566470356
Afternoons,CatBoost,7.393939393939394,1210.2423566470356
Afternoons,CatBoost,8.272727272727273,1210.2423566470356
Afternoons,CatBoost,9.151515151515152,1206.654998379556
Afternoons,CatBoost,10.030303030303031,1206.654998379556
Afternoons,CatBoost,10.90909090909091,1206.654998379556
Afternoons,CatBoost,11.787878787878787,1206.654998379556
Afternoons,CatBoost,12.666666666666666,1205.938812193031
Afternoons,CatBoost,13.545454545454545,1205.938812193031
Afternoons,CatBoost,14.424242424242424,1205.938812193031
Afternoons,CatBoost,15.303030303030303,1205.938812193031
Afternoons,CatBoost,16.18181818181818,1205.938812193031
Afternoons,CatBoost,17.060606060606062,1205.938812193031
Afternoons,CatBoost,17.939393939393938,1205.938812193031
Afternoons,CatBoost,18.81818181818182,1205.8471031443858
Afternoons,CatBoost,19.696969696969695,1205.8471031443858
Afternoons,CatBoost,20.575757575757574,1205.8471031443858
Afternoons,CatBoost,21.454545454545453,1208.8310632047662
Afternoons,CatBoost,22.333333333333332,1208.8310632047662
Afternoons,CatBoost,23.21212121212121,1208.8310632047662
Afternoons,CatBoost,24.09090909090909,1208.8310632047662
Afternoons,CatBoost,24.96969696969697,1208.8310632047662
Afternoons,CatBoost,25.848484848484848,1208.8310632047662
Afternoons,CatBoost,26.727272727272727,1208.8310632047662
Afternoons,CatBoost,27.606060606060606,1206.4941767819462
Afternoons,CatBoost,28.484848484848484,1206.4941767819462
Afternoons,CatBoost,29.363636363636363,1203.2297538818182
Afternoons,CatBoost,30.242424242424242,1203.2297538818182
Afternoons,CatBoost,31.12121212121212,1203.2297538818182
Afternoons,CatBoost,32.0,1203.2297538818182
Afternoons,CatBoost,32.878787878787875,1203.2297538818182
Afternoons,CatBoost,33.75757575757576,1190.015237050198
Afternoons,CatBoost,34.63636363636364,1190.015237050198
Afternoons,CatBoost,35.515151515151516,1190.015237050198
Afternoons,CatBoost,36.39393939393939,1190.015237050198
Afternoons,CatBoost,37.27272727272727,1190.8715364714349
Afternoons,CatBoost,38.15151515151515,1190.8715364714349
Afternoons,CatBoost,39.03030303030303,1190.8715364714349
Afternoons,CatBoost,39.90909090909091,1190.8715364714349
Afternoons,CatBoost,40.78787878787879,1194.2366365267465
Afternoons,CatBoost,41.666666666666664,1194.2366365267465
Afternoons,CatBoost,42.54545454545455,1188.3672599568456
Afternoons,CatBoost,43.42424242424242,1188.3672599568456
Afternoons,CatBoost,44.303030303030305,1188.3672599568456
Afternoons,CatBoost,45.18181818181818,1188.3672599568456
Afternoons,CatBoost,46.06060606060606,1188.3672599568456
Afternoons,CatBoost,46.93939393939394,1188.3672599568456
Afternoons,CatBoost,47.81818181818182,1188.3672599568456
Afternoons,CatBoost,48.696969696969695,1188.3672599568456
Afternoons,CatBoost,49.57575757575758,1188.3672599568456
Afternoons,CatBoost,50.45454545454545,1188.3672599568456
Afternoons,CatBoost,51.333333333333336,1188.3672599568456
Afternoons,CatBoost,52.21212121212121,1188.3672599568456
Afternoons,CatBoost,53.09090909090909,1188.3672599568456
Afternoons,CatBoost,53.96969696969697,1188.3672599568456
Afternoons,CatBoost,54.84848484848485,1188.3672599568456
Afternoons,CatBoost,55.72727272727273,1188.3672599568456
Afternoons,CatBoost,56.60606060606061,1188.3672599568456
Afternoons,CatBoost,57.484848484848484,1188.3672599568456
Afternoons,CatBoost,58.36363636363637,1188.3672599568456
Afternoons,CatBoost,59.24242424242424,1188.3672599568456
Afternoons,CatBoost,60.12121212121212,1188.3672599568456
Afternoons,CatBoost,61.0,1188.3672599568456
Afternoons,CatBoost,61.878787878787875,1188.3672599568456
Afternoons,CatBoost,62.75757575757576,1188.3672599568456
Afternoons,CatBoost,63.63636363636363,1188.3672599568456
Afternoons,CatBoost,64.51515151515152,1188.3672599568456
Afternoons,CatBoost,65.39393939393939,1188.3672599568456
Afternoons,CatBoost,66.27272727272728,1188.3672599568456
Afternoons,CatBoost,67.15151515151516,1188.3672599568456
Afternoons,CatBoost,68.03030303030303,1188.3672599568456
Afternoons,CatBoost,68.9090909090909,1188.3672599568456
Afternoons,CatBoost,69.78787878787878,1188.3672599568456
Afternoons,CatBoost,70.66666666666667,1188.3672599568456
Afternoons,CatBoost,71.54545454545455,1188.3672599568456
Afternoons,CatBoost,72.42424242424242,1188.3672599568456
Afternoons,CatBoost,73.3030303030303,1188.3672599568456
Afternoons,CatBoost,74.18181818181819,1188.3672599568456
Afternoons,CatBoost,75.06060606060606,1188.3672599568456
Afternoons,CatBoost,75.93939393939394,1188.3672599568456
Afternoons,CatBoost,76.81818181818181,1188.3672599568456
Afternoons,CatBoost,77.6969696969697,1188.3672599568456
Afternoons,CatBoost,78.57575757575758,1188.3672599568456
Afternoons,CatBoost,79.45454545454545,1188.3672599568456
Afternoons,CatBoost,80.33333333333333,1188.3672599568456
Afternoons,CatBoost,81.21212121212122,1188.3672599568456
Afternoons,CatBoost,82.0909090909091,1188.3672599568456
Afternoons,CatBoost,82.96969696969697,1188.3672599568456
Afternoons,CatBoost,83.84848484848484,1188.3672599568456
Afternoons,CatBoost,84.72727272727273,1185.3072234048782
Afternoons,CatBoost,85.60606060606061,1185.3072234048782
Afternoons,CatBoost,86.48484848484848,1185.3072234048782
Afternoons,CatBoost,87.36363636363636,1185.3072234048782
Afternoons,CatBoost,88.24242424242424,1185.3072234048782
Afternoons,CatBoost,89.12121212121212,1185.3072234048782
Afternoons,CatBoost,90.0,1185.3072234048782
Mornings Special,LightGBM,3.0,623.914547979821
Mornings Special,LightGBM,3.878787878787879,624.7185363018556
Mornings Special,LightGBM,4.757575757575758,300.156020434842
Mornings Special,LightGBM,5.636363636363637,295.1039226613952
Mornings Special,LightGBM,6.515151515151516,294.236457190559
Mornings Special,LightGBM,7.393939393939394,294.236457190559
Mornings Special,LightGBM,8.272727272727273,294.6860766363235
Mornings Special,LightGBM,9.151515151515152,294.7798050159488
Mornings Special,LightGBM,10.030303030303031,294.7798050159488
Mornings Special,LightGBM,10.90909090909091,294.7798050159488
Mornings Special,LightGBM,11.787878787878787,294.7798050159488
Mornings Special,LightGBM,12.666666666666666,294.7798050159488
Mornings Special,LightGBM,13.545454545454545,294.7798050159488
Mornings Special,LightGBM,14.424242424242424,294.7798050159488
Mornings Special,LightGBM,15.303030303030303,294.7798050159488
Mornings Special,LightGBM,16.18181818181818,294.12413298578707
Mornings Special,LightGBM,17.060606060606062,294.25740839017095
Mornings Special,LightGBM,17.939393939393938,294.25740839017095
Mornings Special,LightGBM,18.81818181818182,292.76789617504403
Mornings Special,LightGBM,19.696969696969695,292.76789617504403
Mornings Special,LightGBM,20.575757575757574,292.76789617504403
Mornings Special,LightGBM,21.454545454545453,292.35413110738875
Mornings Special,LightGBM,22.333333333333332,292.35413110738875
Mornings Special,LightGBM,23.21212121212121,292.35413110738875
Mornings Special,LightGBM,24.09090909090909,292.35413110738875
Mornings Special,LightGBM,24.96969696969697,292.52751338040326
Mornings Special,LightGBM,25.848484848484848,292.52751338040326
Mornings Special,LightGBM,26.727272727272727,292.52751338040326
Mornings Special,LightGBM,27.606060606060606,291.47480443506487
Mornings Special,LightGBM,28.484848484848484,291.47480443506487
Mornings Special,LightGBM,29.363636363636363,291.4408872024668
Mornings Special,LightGBM,30.242424242424242,290.66414608821947
Mornings Special,LightGBM,31.12121212121212,284.344323674009
Mornings Special,LightGBM,32.0,284.344323674009
Mornings Special,LightGBM,32.878787878787875,284.344323674009
Mornings Special,LightGBM,33.75757575757576,281.51577470965583
Mornings Special,LightGBM,34.63636363636364,281.51577470965583
Mornings Special,LightGBM,35.515151515151516,281.51577470965583
Mornings Special,LightGBM,36.39393939393939,281.51577470965583
Mornings Special,LightGBM,37.27272727272727,281.57054883887173
Mornings Special,LightGBM,38.15151515151515,281.57054883887173
Mornings Special,LightGBM,39.03030303030303,282.2725642897283
Mornings Special,LightGBM,39.90909090909091,282.2725642897283
Mornings Special,LightGBM,40.78787878787879,284.4117069108575
Mornings Special,LightGBM,41.666666666666664,284.4117069108575
Mornings Special,LightGBM,42.54545454545455,260.33931218920645
Mornings Special,LightGBM,43.42424242424242,260.33931218920645
Mornings Special,LightGBM,44.303030303030305,260.40040188140733
Mornings Special,LightGBM,45.18181818181818,260.40040188140733
Mornings Special,LightGBM,46.06060606060606,260.3815122636076
Mornings Special,LightGBM,46.93939393939394,260.3815122636076
Mornings Special,LightGBM,47.81818181818182,260.3815122636076
Mornings Special,LightGBM,48.696969696969695,260.3815122636076
Mornings Special,LightGBM,49.57575757575758,260.3815122636076
Mornings Special,LightGBM,50.45454545454545,260.3815122636076
Mornings Special,LightGBM,51.333333333333336,260.3815122636076
Mornings Special,LightGBM,52.21212121212121,260.3815122636076
Mornings Special,LightGBM,53.09090909090909,263.65358336164354
Mornings Special,LightGBM,53.96969696969697,263.65358336164354
Mornings Special,LightGBM,54.84848484848485,263.65358336164354
Mornings Special,LightGBM,55.72727272727273,263.65358336164354
Mornings Special,LightGBM,56.60606060606061,263.65358336164354
Mornings Special,LightGBM,57.484848484848484,263.65358336164354
Mornings Special,LightGBM,58.36363636363637,263.65358336164354
Mornings Special,LightGBM,59.24242424242424,263.65358336164354
Mornings Special,LightGBM,60.12121212121212,263.65358336164354
Mornings Special,LightGBM,61.0,263.65358336164354
Mornings Special,LightGBM,61.878787878787875,263.65358336164354
Mornings Special,LightGBM,62.75757575757576,263.65358336164354
Mornings Special,LightGBM,63.63636363636363,263.65358336164354
Mornings Special,LightGBM,64.51515151515152,263.65358336164354
Mornings Special,LightGBM,65.39393939393939,263.65358336164354
Mornings Special,LightGBM,66.27272727272728,263.65358336164354
Mornings Special,LightGBM,67.15151515151516,263.65358336164354
Mornings Special,LightGBM,68.03030303030303,263.65358336164354
Mornings Special,LightGBM,68.9090909090909,263.65358336164354
Mornings Special,LightGBM,69.78787878787878,263.65358336164354
Mornings Special,LightGBM,70.66666666666667,263.65358336164354
Mornings Special,LightGBM,71.54545454545455,263.65358336164354
Mornings Special,LightGBM,72.42424242424242,263.65358336164354
Mornings Special,LightGBM,73.3030303030303,263.65358336164354
Mornings Special,LightGBM,74.18181818181819,263.65358336164354
Mornings Special,LightGBM,75.06060606060606,263.65358336164354
Mornings Special,LightGBM,75.93939393939394,263.65358336164354
Mornings Special,LightGBM,76.81818181818181,263.65358336164354
Mornings Special,LightGBM,77.6969696969697,263.65358336164354
Mornings Special,LightGBM,78.57575757575758,263.65358336164354
Mornings Special,LightGBM,79.45454545454545,263.65358336164354
Mornings Special,LightGBM,80.33333333333333,263.65358336164354
Mornings Special,LightGBM,81.21212121212122,263.65358336164354
Mornings Special,LightGBM,82.0909090909091,263.65358336164354
Mornings Special,LightGBM,82.96969696969697,263.65358336164354
Mornings Special,LightGBM,83.84848484848484,263.65358336164354
Mornings Special,LightGBM,84.72727272727273,274.25993601001534
Mornings Special,LightGBM,85.60606060606061,274.25993601001534
Mornings Special,LightGBM,86.48484848484848,274.25993601001534
Mornings Special,LightGBM,87.36363636363636,274.25993601001534
Mornings Special,LightGBM,88.24242424242424,274.25993601001534
Mornings Special,LightGBM,89.12121212121212,274.25993601001534
Mornings Special,LightGBM,90.0,274.25993601001534
Mornings Special,XGBoost,3.0,601.79833984375
Mornings Special,XGBoost,3.878787878787879,601.79833984375
Mornings Special,XGBoost,4.757575757575758,606.8349609375
Mornings Special,XGBoost,5.636363636363637,295.89129638671875
Mornings Special,XGBoost,6.515151515151516,295.6431884765625
Mornings Special,XGBoost,7.393939393939394,295.5702209472656
Mornings Special,XGBoost,8.272727272727273,295.6399841308594
Mornings Special,XGBoost,9.151515151515152,295.4842529296875
Mornings Special,XGBoost,10.030303030303031,295.4842529296875
Mornings Special,XGBoost,10.90909090909091,295.4842529296875
Mornings Special,XGBoost,11.787878787878787,295.4842529296875
Mornings Special,XGBoost,12.666666666666666,295.4842529296875
Mornings Special,XGBoost,13.545454545454545,295.4842529296875
Mornings Special,XGBoost,14.424242424242424,295.4842529296875
Mornings Special,XGBoost,15.303030303030303,295.6174011230469
Mornings Special,XGBoost,16.18181818181818,295.6174011230469
Mornings Special,XGBoost,17.060606060606062,295.6174011230469
Mornings Special,XGBoost,17.939393939393938,295.6174011230469
Mornings Special,XGBoost,18.81818181818182,295.6174011230469
Mornings Special,XGBoost,19.696969696969695,293.0400390625
Mornings Special,XGBoost,20.575757575757574,293.0400390625
Mornings Special,XGBoost,21.454545454545453,293.0400390625
Mornings Special,XGBoost,22.333333333333332,293.0400390625
Mornings Special,XGBoost,23.21212121212121,293.104248046875
Mornings Special,XGBoost,24.09090909090909,293.104248046875
Mornings Special,XGBoost,24.96969696969697,293.104248046875
Mornings Special,XGBoost,25.848484848484848,293.104248046875
Mornings Special,XGBoost,26.727272727272727,293.3324279785156
Mornings Special,XGBoost,27.606060606060606,293.3324279785156
Mornings Special,XGBoost,28.484848484848484,292.8537292480469
Mornings Special,XGBoost,29.363636363636363,292.8537292480469
Mornings Special,XGBoost,30.242424242424242,281.9683837890625
Mornings Special,XGBoost,31.12121212121212,281.9683837890625
Mornings Special,XGBoost,32.0,282.0274963378906
Mornings Special,XGBoost,32.878787878787875,282.0274963378906
Mornings Special,XGBoost,33.75757575757576,282.0274963378906
Mornings Special,XGBoost,34.63636363636364,282.0274963378906
Mornings Special,XGBoost,35.515151515151516,282.01422119140625
Mornings Special,XGBoost,36.39393939393939,282.01422119140625
Mornings Special,XGBoost,37.27272727272727,282.01422119140625
Mornings Special,XGBoost,38.15151515151515,282.73370361328125
Mornings Special,XGBoost,39.03030303030303,283.0149841308594
Mornings Special,XGBoost,39.90909090909091,283.0149841308594
Mornings Special,XGBoost,40.78787878787879,283.0149841308594
Mornings Special,XGBoost,41.666666666666664,283.6015930175781
Mornings Special,XGBoost,42.54545454545455,283.6015930175781
Mornings Special,XGBoost,43.42424242424242,283.8616638183594
Mornings Special,XGBoost,44.303030303030305,283.9435729980469
Mornings Special,XGBoost,45.18181818181818,283.9435729980469
Mornings Special,XGBoost,46.06060606060606,283.9435729980469
Mornings Special,XGBoost,46.93939393939394,283.9435729980469
Mornings Special,XGBoost,47.81818181818182,283.9435729980469
Mornings Special,XGBoost,48.696969696969695,284.39337158203125
Mornings Special,XGBoost,49.57575757575758,284.39337158203125
Mornings Special,XGBoost,50.45454545454545,284.39337158203125
Mornings Special,XGBoost,51.333333333333336,284.39337158203125
Mornings Special,XGBoost,52.21212121212121,284.39337158203125
Mornings Special,XGBoost,53.09090909090909,284.39337158203125
Mornings Special,XGBoost,53.96969696969697,284.39337158203125
Mornings Special,XGBoost,54.84848484848485,284.39337158203125
Mornings Special,XGBoost,55.72727272727273,284.39337158203125
Mornings Special,XGBoost,56.60606060606061,284.39337158203125
Mornings Special,XGBoost,57.484848484848484,289.3851623535156
Mornings Special,XGBoost,58.36363636363637,289.3851623535156
Mornings Special,XGBoost,59.24242424242424,289.3851623535156
Mornings Special,XGBoost,60.12121212121212,289.3851623535156
Mornings Special,XGBoost,61.0,289.3851623535156
Mornings Special,XGBoost,61.878787878787875,289.3851623535156
Mornings Special,XGBoost,62.75757575757576,289.3851623535156
Mornings Special,XGBoost,63.63636363636363,289.3851623535156
Mornings Special,XGBoost,64.51515151515152,289.3851623535156
Mornings Special,XGBoost,65.39393939393939,289.3851623535156
Mornings Special,XGBoost,66.27272727272728,293.13720703125
Mornings Special,XGBoost,67.15151515151516,293.13720703125
Mornings Special,XGBoost,68.03030303030303,293.13720703125
Mornings Special,XGBoost,68.9090909090909,293.13720703125
Mornings Special,XGBoost,69.78787878787878,293.13720703125
Mornings Special,XGBoost,70.66666666666667,293.13720703125
Mornings Special,XGBoost,71.54545454545455,293.13720703125
Mornings Special,XGBoost,72.42424242424242,293.13720703125
Mornings Special,XGBoost,73.3030303030303,293.13720703125
Mornings Special,XGBoost,74.18181818181819,293.13720703125
Mornings Special,XGBoost,75.06060606060606,293.13720703125
Mornings Special,XGBoost,75.93939393939394,293.13720703125
Mornings Special,XGBoost,76.81818181818181,293.13720703125
Mornings Special,XGBoost,77.6969696969697,293.13720703125
Mornings Special,XGBoost,78.57575757575758,293.9364318847656
Mornings Special,XGBoost,79.45454545454545,293.9364318847656
Mornings Special,XGBoost,80.33333333333333,293.9364318847656
Mornings Special,XGBoost,81.21212121212122,293.9364318847656
Mornings Special,XGBoost,82.0909090909091,293.9364318847656
Mornings Special,XGBoost,82.96969696969697,293.9364318847656
Mornings Special,XGBoost,83.84848484848484,293.9364318847656
Mornings Special,XGBoost,84.72727272727273,293.9364318847656
Mornings Special,XGBoost,85.60606060606061,293.9364318847656
Mornings Special,XGBoost,86.48484848484848,293.9364318847656
Mornings Special,XGBoost,87.36363636363636,293.9364318847656
Mornings Special,XGBoost,88.24242424242424,293.9364318847656
Mornings Special,XGBoost,89.12121212121212,293.9364318847656
Mornings Special,XGBoost,90.0,294.5740966796875
Afternoons Special,LightGBM,3.0,1504.5895114230314
Afternoons Special,LightGBM,3.878787878787879,1504.5895114230314
Afternoons Special,LightGBM,4.757575757575758,923.3575137786286
Afternoons Special,LightGBM,5.636363636363637,912.9999801032922
Afternoons Special,LightGBM,6.515151515151516,912.7886255218971
Afternoons Special,LightGBM,7.393939393939394,912.7886255218971
Afternoons Special,LightGBM,8.272727272727273,904.7808513299022
Afternoons Special,LightGBM,9.151515151515152,904.4817008855099
Afternoons Special,LightGBM,10.030303030303031,904.4817008855099
Afternoons Special,LightGBM,10.90909090909091,904.4817008855099
Afternoons Special,LightGBM,11.787878787878787,904.4817008855099
Afternoons Special,LightGBM,12.666666666666666,903.8465664701695
Afternoons Special,LightGBM,13.545454545454545,903.8465664701695
Afternoons Special,LightGBM,14.424242424242424,903.8465664701695
Afternoons Special,LightGBM,15.303030303030303,903.8465664701695
Afternoons Special,LightGBM,16.18181818181818,903.8827120122461
Afternoons Special,LightGBM,17.060606060606062,903.6779727344287
Afternoons Special,LightGBM,17.939393939393938,903.6779727344287
Afternoons Special,LightGBM,18.81818181818182,903.416305600122
Afternoons Special,LightGBM,19.696969696969695,903.416305600122
Afternoons Special,LightGBM,20.575757575757574,903.416305600122
Afternoons Special,LightGBM,21.454545454545453,902.4226593720066
Afternoons Special,LightGBM,22.333333333333332,902.4226593720066
Afternoons Special,LightGBM,23.21212121212121,902.4226593720066
Afternoons Special,LightGBM,24.09090909090909,902.4226593720066
Afternoons Special,LightGBM,24.96969696969697,893.0090073664825
Afternoons Special,LightGBM,25.848484848484848,893.0090073664825
Afternoons Special,LightGBM,26.727272727272727,893.0090073664825
Afternoons Special,LightGBM,27.606060606060606,891.971723988867
Afternoons Special,LightGBM,28.484848484848484,891.971723988867
Afternoons Special,LightGBM,29.363636363636363,892.5975665054702
Afternoons Special,LightGBM,30.242424242424242,892.6999413410126
Afternoons Special,LightGBM,31.12121212121212,892.6039414877463
Afternoons Special,LightGBM,32.0,892.6039414877463
Afternoons Special,LightGBM,32.878787878787875,892.6039414877463
Afternoons Special,LightGBM,33.75757575757576,885.89903302423
Afternoons Special,LightGBM,34.63636363636364,885.89903302423
Afternoons Special,LightGBM,35.515151515151516,885.89903302423
Afternoons Special,LightGBM,36.39393939393939,885.89903302423
Afternoons Special,LightGBM,37.27272727272727,884.4258395040761
Afternoons Special,LightGBM,38.15151515151515,884.4258395040761
Afternoons Special,LightGBM,39.03030303030303,897.8489209534498
Afternoons Special,LightGBM,39.90909090909091,897.8489209534498
Afternoons Special,LightGBM,40.78787878787879,896.7177960026519
Afternoons Special,LightGBM,41.666666666666664,896.7177960026519
Afternoons Special,LightGBM,42.54545454545455,904.1194841438105
Afternoons Special,LightGBM,43.42424242424242,904.1194841438105
Afternoons Special,LightGBM,44.303030303030305,913.4098456808488
Afternoons Special,LightGBM,45.18181818181818,913.4098456808488
Afternoons Special,LightGBM,46.06060606060606,910.0689994564951
Afternoons Special,LightGBM,46.93939393939394,910.0689994564951
Afternoons Special,LightGBM,47.81818181818182,912.181344042934
Afternoons Special,LightGBM,48.696969696969695,912.181344042934
Afternoons Special,LightGBM,49.57575757575758,912.181344042934
Afternoons Special,LightGBM,50.45454545454545,912.181344042934
Afternoons Special,LightGBM,51.333333333333336,912.181344042934
Afternoons Special,LightGBM,52.21212121212121,912.181344042934
Afternoons Special,LightGBM,53.09090909090909,926.8358644362651
Afternoons Special,LightGBM,53.96969696969697,926.8358644362651
Afternoons Special,LightGBM,54.84848484848485,926.8358644362651
Afternoons Special,LightGBM,55.72727272727273,926.8358644362651
Afternoons Special,LightGBM,56.60606060606061,926.8358644362651
Afternoons Special,LightGBM,57.484848484848484,926.8358644362651
Afternoons Special,LightGBM,58.36363636363637,926.8358644362651
Afternoons Special,LightGBM,59.24242424242424,926.8358644362651
Afternoons Special,LightGBM,60.12121212121212,926.8358644362651
Afternoons Special,LightGBM,61.0,926.8358644362651
Afternoons Special,LightGBM,61.878787878787875,932.8035802469647
Afternoons Special,LightGBM,62.75757575757576,932.8035802469647
Afternoons Special,LightGBM,63.63636363636363,932.8035802469647
Afternoons Special,LightGBM,64.51515151515152,932.8035802469647
Afternoons Special,LightGBM,65.39393939393939,932.8035802469647
Afternoons Special,LightGBM,66.27272727272728,932.8035802469647
Afternoons Special,LightGBM,67.15151515151516,932.8035802469647
Afternoons Special,LightGBM,68.03030303030303,932.8035802469647
Afternoons Special,LightGBM,68.9090909090909,932.8035802469647
Afternoons Special,LightGBM,69.78787878787878,932.8035802469647
Afternoons Special,LightGBM,70.66666666666667,932.8035802469647
Afternoons Special,LightGBM,71.54545454545455,932.8035802469647
Afternoons Special,LightGBM,72.42424242424242,932.8035802469647
Afternoons Special,LightGBM,73.3030303030303,932.8035802469647
Afternoons Special,LightGBM,74.18181818181819,932.8035802469647
Afternoons Special,LightGBM,75.06060606060606,932.8035802469647
Afternoons Special,LightGBM,75.93939393939394,932.8035802469647
Afternoons Special,LightGBM,76.81818181818181,932.8035802469647
Afternoons Special,LightGBM,77.6969696969697,932.8035802469647
Afternoons Special,LightGBM,78.57575757575758,932.8035802469647
Afternoons Special,LightGBM,79.45454545454545,932.8035802469647
Afternoons Special,LightGBM,80.33333333333333,932.8035802469647
Afternoons Special,LightGBM,81.21212121212122,932.8035802469647
Afternoons Special,LightGBM,82.0909090909091,932.8035802469647
Afternoons Special,LightGBM,82.96969696969697,932.8035802469647
Afternoons Special,LightGBM,83.84848484848484,932.8035802469647
Afternoons Special,LightGBM,84.72727272727273,950.7345387013168
Afternoons Special,LightGBM,85.60606060606061,950.7345387013168
Afternoons Special,LightGBM,86.48484848484848,950.7345387013168
Afternoons Special,LightGBM,87.36363636363636,950.7345387013168
Afternoons Special,LightGBM,88.24242424242424,950.7345387013168
Afternoons Special,LightGBM,89.12121212121212,950.7345387013168
Afternoons Special,LightGBM,90.0,950.7345387013168
Afternoons Special,XGBoost,3.0,1631.207763671875
Afternoons Special,XGBoost,3.878787878787879,1631.207763671875
Afternoons Special,XGBoost,4.757575757575758,1631.207763671875
Afternoons Special,XGBoost,5.636363636363637,895.6229858398438
Afternoons Special,XGBoost,6.515151515151516,888.0335083007812
Afternoons Special,XGBoost,7.393939393939394,887.9805297851562
Afternoons Special,XGBoost,8.272727272727273,908.3728637695312
Afternoons Special,XGBoost,9.151515151515152,908.4146728515625
Afternoons Special,XGBoost,10.030303030303031,908.4146728515625
Afternoons Special,XGBoost,10.90909090909091,908.4146728515625
Afternoons Special,XGBoost,11.787878787878787,908.4146728515625
Afternoons Special,XGBoost,12.666666666666666,908.4146728515625
Afternoons Special,XGBoost,13.545454545454545,908.4146728515625
Afternoons Special,XGBoost,14.424242424242424,908.4146728515625
Afternoons Special,XGBoost,15.303030303030303,908.021240234375
Afternoons Special,XGBoost,16.18181818181818,908.095947265625
Afternoons Special,XGBoost,17.060606060606062,908.095947265625
Afternoons Special,XGBoost,17.939393939393938,908.095947265625
Afternoons Special,XGBoost,18.81818181818182,908.095947265625
Afternoons Special,XGBoost,19.696969696969695,908.2308959960938
Afternoons Special,XGBoost,20.575757575757574,908.2308959960938
Afternoons Special,XGBoost,21.454545454545453,908.2308959960938
Afternoons Special,XGBoost,22.333333333333332,908.2308959960938
Afternoons Special,XGBoost,23.21212121212121,908.16552734375
Afternoons Special,XGBoost,24.09090909090909,908.16552734375
Afternoons Special,XGBoost,24.96969696969697,908.16552734375
Afternoons Special,XGBoost,25.848484848484848,908.16552734375
Afternoons Special,XGBoost,26.727272727272727,909.5670776367188
Afternoons Special,XGBoost,27.606060606060606,909.5670776367188
Afternoons Special,XGBoost,28.484848484848484,894.9400024414062
Afternoons Special,XGBoost,29.363636363636363,901.9283447265625
Afternoons Special,XGBoost,30.242424242424242,901.8800048828125
Afternoons Special,XGBoost,31.12121212121212,901.8800048828125
Afternoons Special,XGBoost,32.0,901.9205322265625
Afternoons Special,XGBoost,32.878787878787875,901.9205322265625
Afternoons Special,XGBoost,33.75757575757576,901.9205322265625
Afternoons Special,XGBoost,34.63636363636364,901.9205322265625
Afternoons Special,XGBoost,35.515151515151516,901.5264282226562
Afternoons Special,XGBoost,36.39393939393939,901.5264282226562
Afternoons Special,XGBoost,37.27272727272727,901.5264282226562
Afternoons Special,XGBoost,38.15151515151515,899.44384765625
Afternoons Special,XGBoost,39.03030303030303,900.1652221679688
Afternoons Special,XGBoost,39.90909090909091,900.1652221679688
Afternoons Special,XGBoost,40.78787878787879,900.1652221679688
Afternoons Special,XGBoost,41.666666666666664,902.6127319335938
Afternoons Special,XGBoost,42.54545454545455,902.6127319335938
Afternoons Special,XGBoost,43.42424242424242,901.8890991210938
Afternoons Special,XGBoost,44.303030303030305,902.55908203125
Afternoons Special,XGBoost,45.18181818181818,902.55908203125
Afternoons Special,XGBoost,46.06060606060606,902.55908203125
Afternoons Special,XGBoost,46.93939393939394,902.55908203125
Afternoons Special,XGBoost,47.81818181818182,911.8114624023438
Afternoons Special,XGBoost,48.696969696969695,912.7833251953125
Afternoons Special,XGBoost,49.57575757575758,912.7833251953125
Afternoons Special,XGBoost,50.45454545454545,912.7833251953125
Afternoons Special,XGBoost,51.333333333333336,912.7833251953125
Afternoons Special,XGBoost,52.21212121212121,912.7833251953125
Afternoons Special,XGBoost,53.09090909090909,912.7833251953125
Afternoons Special,XGBoost,53.96969696969697,912.7833251953125
Afternoons Special,XGBoost,54.84848484848485,912.7833251953125
Afternoons Special,XGBoost,55.72727272727273,912.7833251953125
Afternoons Special,XGBoost,56.60606060606061,912.7833251953125
Afternoons Special,XGBoost,57.484848484848484,949.1544799804688
Afternoons Special,XGBoost,58.36363636363637,949.1544799804688
Afternoons Special,XGBoost,59.24242424242424,949.1544799804688
Afternoons Special,XGBoost,60.12121212121212,949.1544799804688
Afternoons Special,XGBoost,61.0,949.1544799804688
Afternoons Special,XGBoost,61.878787878787875,949.1544799804688
Afternoons Special,XGBoost,62.75757575757576,949.1544799804688
Afternoons Special,XGBoost,63.63636363636363,949.1544799804688
Afternoons Special,XGBoost,64.51515151515152,949.1544799804688
Afternoons Special,XGBoost,65.39393939393939,949.477783203125
Afternoons Special,XGBoost,66.27272727272728,947.5186157226562
Afternoons Special,XGBoost,67.15151515151516,947.5186157226562
Afternoons Special,XGBoost,68.03030303030303,947.5186157226562
Afternoons Special,XGBoost,68.9090909090909,947.5186157226562
Afternoons Special,XGBoost,69.78787878787878,947.5186157226562
Afternoons Special,XGBoost,70.66666666666667,947.5186157226562
Afternoons Special,XGBoost,71.54545454545455,947.5186157226562
Afternoons Special,XGBoost,72.42424242424242,947.5186157226562
Afternoons Special,XGBoost,73.3030303030303,947.5186157226562
Afternoons Special,XGBoost,74.18181818181819,947.5186157226562
Afternoons Special,XGBoost,75.06060606060606,947.5186157226562
Afternoons Special,XGBoost,75.93939393939394,947.5186157226562
Afternoons Special,XGBoost,76.81818181818181,947.5186157226562
Afternoons Special,XGBoost,77.6969696969697,947.5186157226562
Afternoons Special,XGBoost,78.57575757575758,947.5186157226562
Afternoons Special,XGBoost,79.45454545454545,947.5186157226562
Afternoons Special,XGBoost,80.33333333333333,947.5186157226562
Afternoons Special,XGBoost,81.21212121212122,947.5186157226562
Afternoons Special,XGBoost,82.0909090909091,947.5186157226562
Afternoons Special,XGBoost,82.96969696969697,947.5186157226562
Afternoons Special,XGBoost,83.84848484848484,947.5186157226562
Afternoons Special,XGBoost,84.72727272727273,947.5186157226562
Afternoons Special,XGBoost,85.60606060606061,947.5186157226562
Afternoons Special,XGBoost,86.48484848484848,947.5186157226562
Afternoons Special,XGBoost,87.36363636363636,947.5186157226562
Afternoons Special,XGBoost,88.24242424242424,947.5186157226562
Afternoons Special,XGBoost,89.12121212121212,947.5186157226562
Afternoons Special,XGBoost,90.0,958.3145141601562
