Dataset,Model,Closeness centrality,Predicted Value
Afternoons,LightGBM,0.005,1306.837545830803
Afternoons,LightGBM,0.005121212121212121,1306.837545830803
Afternoons,LightGBM,0.005242424242424243,1306.837545830803
Afternoons,LightGBM,0.005363636363636364,1306.837545830803
Afternoons,LightGBM,0.005484848484848485,1306.837545830803
Afternoons,LightGBM,0.005606060606060606,1306.837545830803
Afternoons,LightGBM,0.0057272727272727275,1306.837545830803
Afternoons,LightGBM,0.0058484848484848485,1306.837545830803
Afternoons,LightGBM,0.0059696969696969695,1306.837545830803
Afternoons,LightGBM,0.006090909090909091,1306.837545830803
Afternoons,LightGBM,0.006212121212121212,1306.837545830803
Afternoons,LightGBM,0.006333333333333333,1306.837545830803
Afternoons,LightGBM,0.006454545454545454,1306.837545830803
Afternoons,LightGBM,0.006575757575757576,1306.837545830803
Afternoons,LightGBM,0.006696969696969697,1306.837545830803
Afternoons,LightGBM,0.006818181818181819,1306.837545830803
Afternoons,LightGBM,0.00693939393939394,1306.837545830803
Afternoons,LightGBM,0.007060606060606061,1306.837545830803
Afternoons,LightGBM,0.007181818181818182,1306.837545830803
Afternoons,LightGBM,0.0073030303030303025,1306.837545830803
Afternoons,LightGBM,0.007424242424242424,1306.837545830803
Afternoons,LightGBM,0.007545454545454545,1306.390238580168
Afternoons,LightGBM,0.007666666666666667,1306.390238580168
Afternoons,LightGBM,0.007787878787878788,1306.390238580168
Afternoons,LightGBM,0.007909090909090909,1306.390238580168
Afternoons,LightGBM,0.00803030303030303,1306.390238580168
Afternoons,LightGBM,0.008151515151515151,1306.390238580168
Afternoons,LightGBM,0.008272727272727272,1306.390238580168
Afternoons,LightGBM,0.008393939393939395,1306.390238580168
Afternoons,LightGBM,0.008515151515151516,1158.0456112124389
Afternoons,LightGBM,0.008636363636363636,1158.0456112124389
Afternoons,LightGBM,0.008757575757575757,1158.0456112124389
Afternoons,LightGBM,0.008878787878787878,1158.0456112124389
Afternoons,LightGBM,0.009000000000000001,1158.0456112124389
Afternoons,LightGBM,0.00912121212121212,1158.0456112124389
Afternoons,LightGBM,0.009242424242424243,1158.0456112124389
Afternoons,LightGBM,0.009363636363636364,1158.0456112124389
Afternoons,LightGBM,0.009484848484848485,1158.0456112124389
Afternoons,LightGBM,0.009606060606060606,1159.4000288562254
Afternoons,LightGBM,0.009727272727272727,1159.4000288562254
Afternoons,LightGBM,0.00984848484848485,1159.4000288562254
Afternoons,LightGBM,0.009969696969696969,1159.4000288562254
Afternoons,LightGBM,0.010090909090909091,1159.4000288562254
Afternoons,LightGBM,0.010212121212121212,1159.4000288562254
Afternoons,LightGBM,0.010333333333333333,1159.4000288562254
Afternoons,LightGBM,0.010454545454545454,1159.4000288562254
Afternoons,LightGBM,0.010575757575757575,1169.5635803909197
Afternoons,LightGBM,0.010696969696969698,1169.5635803909197
Afternoons,LightGBM,0.010818181818181817,1169.5635803909197
Afternoons,LightGBM,0.01093939393939394,1169.5635803909197
Afternoons,LightGBM,0.01106060606060606,1169.5635803909197
Afternoons,LightGBM,0.011181818181818182,1169.5635803909197
Afternoons,LightGBM,0.011303030303030303,1169.5635803909197
Afternoons,LightGBM,0.011424242424242424,1169.5635803909197
Afternoons,LightGBM,0.011545454545454546,1169.378466068392
Afternoons,LightGBM,0.011666666666666665,1169.378466068392
Afternoons,LightGBM,0.011787878787878788,1169.378466068392
Afternoons,LightGBM,0.011909090909090909,1169.378466068392
Afternoons,LightGBM,0.01203030303030303,1169.378466068392
Afternoons,LightGBM,0.012151515151515153,1169.378466068392
Afternoons,LightGBM,0.012272727272727272,1169.378466068392
Afternoons,LightGBM,0.012393939393939395,1169.378466068392
Afternoons,LightGBM,0.012515151515151514,1169.378466068392
Afternoons,LightGBM,0.012636363636363637,1169.378466068392
Afternoons,LightGBM,0.012757575757575757,1169.378466068392
Afternoons,LightGBM,0.012878787878787878,1169.378466068392
Afternoons,LightGBM,0.013000000000000001,1169.378466068392
Afternoons,LightGBM,0.01312121212121212,1167.346943219542
Afternoons,LightGBM,0.013242424242424243,1167.346943219542
Afternoons,LightGBM,0.013363636363636362,1167.346943219542
Afternoons,LightGBM,0.013484848484848485,1167.346943219542
Afternoons,LightGBM,0.013606060606060608,1167.346943219542
Afternoons,LightGBM,0.013727272727272727,1167.346943219542
Afternoons,LightGBM,0.01384848484848485,1167.346943219542
Afternoons,LightGBM,0.013969696969696969,1167.346943219542
Afternoons,LightGBM,0.014090909090909091,1167.346943219542
Afternoons,LightGBM,0.01421212121212121,1167.346943219542
Afternoons,LightGBM,0.014333333333333333,1167.346943219542
Afternoons,LightGBM,0.014454545454545456,1167.346943219542
Afternoons,LightGBM,0.014575757575757575,1167.346943219542
Afternoons,LightGBM,0.014696969696969698,1167.346943219542
Afternoons,LightGBM,0.014818181818181817,1167.346943219542
Afternoons,LightGBM,0.01493939393939394,1167.346943219542
Afternoons,LightGBM,0.015060606060606059,1167.346943219542
Afternoons,LightGBM,0.015181818181818182,1167.346943219542
Afternoons,LightGBM,0.015303030303030304,1167.346943219542
Afternoons,LightGBM,0.015424242424242424,1167.346943219542
Afternoons,LightGBM,0.015545454545454546,1167.346943219542
Afternoons,LightGBM,0.015666666666666666,1167.346943219542
Afternoons,LightGBM,0.015787878787878788,1167.346943219542
Afternoons,LightGBM,0.015909090909090907,1167.346943219542
Afternoons,LightGBM,0.01603030303030303,1209.9205302171838
Afternoons,LightGBM,0.016151515151515153,1209.9205302171838
Afternoons,LightGBM,0.016272727272727272,1209.9205302171838
Afternoons,LightGBM,0.016393939393939395,1209.9205302171838
Afternoons,LightGBM,0.016515151515151514,1209.9205302171838
Afternoons,LightGBM,0.016636363636363637,1209.9205302171838
Afternoons,LightGBM,0.016757575757575756,1209.9205302171838
Afternoons,LightGBM,0.01687878787878788,1209.9205302171838
Afternoons,LightGBM,0.017,1209.9205302171838
Afternoons,XGBoost,0.005,1304.759521484375
Afternoons,XGBoost,0.005121212121212121,1304.759521484375
Afternoons,XGBoost,0.005242424242424243,1304.759521484375
Afternoons,XGBoost,0.005363636363636364,1304.759521484375
Afternoons,XGBoost,0.005484848484848485,1304.759521484375
Afternoons,XGBoost,0.005606060606060606,1304.759521484375
Afternoons,XGBoost,0.0057272727272727275,1304.759521484375
Afternoons,XGBoost,0.0058484848484848485,1304.759521484375
Afternoons,XGBoost,0.0059696969696969695,1304.759521484375
Afternoons,XGBoost,0.006090909090909091,1304.759521484375
Afternoons,XGBoost,0.006212121212121212,1304.759521484375
Afternoons,XGBoost,0.006333333333333333,1304.759521484375
Afternoons,XGBoost,0.006454545454545454,1304.759521484375
Afternoons,XGBoost,0.006575757575757576,1304.759521484375
Afternoons,XGBoost,0.006696969696969697,1304.759521484375
Afternoons,XGBoost,0.006818181818181819,1304.759521484375
Afternoons,XGBoost,0.00693939393939394,1304.759521484375
Afternoons,XGBoost,0.007060606060606061,1308.82666015625
Afternoons,XGBoost,0.007181818181818182,1308.82666015625
Afternoons,XGBoost,0.0073030303030303025,1308.82666015625
Afternoons,XGBoost,0.007424242424242424,1308.82666015625
Afternoons,XGBoost,0.007545454545454545,1308.82666015625
Afternoons,XGBoost,0.007666666666666667,1308.82666015625
Afternoons,XGBoost,0.007787878787878788,1308.82666015625
Afternoons,XGBoost,0.007909090909090909,1308.82666015625
Afternoons,XGBoost,0.00803030303030303,1169.3892822265625
Afternoons,XGBoost,0.008151515151515151,1169.3892822265625
Afternoons,XGBoost,0.008272727272727272,1169.3892822265625
Afternoons,XGBoost,0.008393939393939395,1169.3892822265625
Afternoons,XGBoost,0.008515151515151516,1169.3892822265625
Afternoons,XGBoost,0.008636363636363636,1169.3892822265625
Afternoons,XGBoost,0.008757575757575757,1169.3892822265625
Afternoons,XGBoost,0.008878787878787878,1169.3892822265625
Afternoons,XGBoost,0.009000000000000001,1178.9757080078125
Afternoons,XGBoost,0.00912121212121212,1178.9757080078125
Afternoons,XGBoost,0.009242424242424243,1178.9757080078125
Afternoons,XGBoost,0.009363636363636364,1178.9757080078125
Afternoons,XGBoost,0.009484848484848485,1178.9757080078125
Afternoons,XGBoost,0.009606060606060606,1178.9757080078125
Afternoons,XGBoost,0.009727272727272727,1178.9757080078125
Afternoons,XGBoost,0.00984848484848485,1178.9757080078125
Afternoons,XGBoost,0.009969696969696969,1178.9757080078125
Afternoons,XGBoost,0.010090909090909091,1178.7056884765625
Afternoons,XGBoost,0.010212121212121212,1178.7056884765625
Afternoons,XGBoost,0.010333333333333333,1178.7056884765625
Afternoons,XGBoost,0.010454545454545454,1178.7056884765625
Afternoons,XGBoost,0.010575757575757575,1178.7056884765625
Afternoons,XGBoost,0.010696969696969698,1178.7056884765625
Afternoons,XGBoost,0.010818181818181817,1178.7056884765625
Afternoons,XGBoost,0.01093939393939394,1178.7056884765625
Afternoons,XGBoost,0.01106060606060606,1198.37353515625
Afternoons,XGBoost,0.011181818181818182,1198.37353515625
Afternoons,XGBoost,0.011303030303030303,1198.37353515625
Afternoons,XGBoost,0.011424242424242424,1198.37353515625
Afternoons,XGBoost,0.011545454545454546,1198.37353515625
Afternoons,XGBoost,0.011666666666666665,1198.37353515625
Afternoons,XGBoost,0.011787878787878788,1198.37353515625
Afternoons,XGBoost,0.011909090909090909,1198.37353515625
Afternoons,XGBoost,0.01203030303030303,1198.431884765625
Afternoons,XGBoost,0.012151515151515153,1198.431884765625
Afternoons,XGBoost,0.012272727272727272,1198.431884765625
Afternoons,XGBoost,0.012393939393939395,1198.431884765625
Afternoons,XGBoost,0.012515151515151514,1198.431884765625
Afternoons,XGBoost,0.012636363636363637,1198.431884765625
Afternoons,XGBoost,0.012757575757575757,1198.431884765625
Afternoons,XGBoost,0.012878787878787878,1198.431884765625
Afternoons,XGBoost,0.013000000000000001,1198.431884765625
Afternoons,XGBoost,0.01312121212121212,1198.431884765625
Afternoons,XGBoost,0.013242424242424243,1198.431884765625
Afternoons,XGBoost,0.013363636363636362,1198.431884765625
Afternoons,XGBoost,0.013484848484848485,1198.431884765625
Afternoons,XGBoost,0.013606060606060608,1198.431884765625
Afternoons,XGBoost,0.013727272727272727,1198.431884765625
Afternoons,XGBoost,0.01384848484848485,1198.431884765625
Afternoons,XGBoost,0.013969696969696969,1198.431884765625
Afternoons,XGBoost,0.014090909090909091,1198.431884765625
Afternoons,XGBoost,0.01421212121212121,1198.431884765625
Afternoons,XGBoost,0.014333333333333333,1198.431884765625
Afternoons,XGBoost,0.014454545454545456,1198.431884765625
Afternoons,XGBoost,0.014575757575757575,1198.431884765625
Afternoons,XGBoost,0.014696969696969698,1198.431884765625
Afternoons,XGBoost,0.014818181818181817,1198.431884765625
Afternoons,XGBoost,0.01493939393939394,1198.431884765625
Afternoons,XGBoost,0.015060606060606059,1202.2127685546875
Afternoons,XGBoost,0.015181818181818182,1202.2127685546875
Afternoons,XGBoost,0.015303030303030304,1202.2127685546875
Afternoons,XGBoost,0.015424242424242424,1202.2127685546875
Afternoons,XGBoost,0.015545454545454546,1202.2127685546875
Afternoons,XGBoost,0.015666666666666666,1202.2127685546875
Afternoons,XGBoost,0.015787878787878788,1202.2127685546875
Afternoons,XGBoost,0.015909090909090907,1202.2127685546875
Afternoons,XGBoost,0.01603030303030303,1202.2127685546875
Afternoons,XGBoost,0.016151515151515153,1202.2127685546875
Afternoons,XGBoost,0.016272727272727272,1202.2127685546875
Afternoons,XGBoost,0.016393939393939395,1202.2127685546875
Afternoons,XGBoost,0.016515151515151514,1202.2127685546875
Afternoons,XGBoost,0.016636363636363637,1202.2127685546875
Afternoons,XGBoost,0.016757575757575756,1202.2127685546875
Afternoons,XGBoost,0.01687878787878788,1202.2127685546875
Afternoons,XGBoost,0.017,1228.239013671875
Afternoons Special,LightGBM,0.005,1066.8141338997336
Afternoons Special,LightGBM,0.005121212121212121,1066.8141338997336
Afternoons Special,LightGBM,0.005242424242424243,1066.8141338997336
Afternoons Special,LightGBM,0.005363636363636364,1066.8141338997336
Afternoons Special,LightGBM,0.005484848484848485,1066.8141338997336
Afternoons Special,LightGBM,0.005606060606060606,1066.8141338997336
Afternoons Special,LightGBM,0.0057272727272727275,1066.8141338997336
Afternoons Special,LightGBM,0.0058484848484848485,1066.8141338997336
Afternoons Special,LightGBM,0.0059696969696969695,1066.8141338997336
Afternoons Special,LightGBM,0.006090909090909091,1064.8742786753212
Afternoons Special,LightGBM,0.006212121212121212,1064.8742786753212
Afternoons Special,LightGBM,0.006333333333333333,1064.8742786753212
Afternoons Special,LightGBM,0.006454545454545454,1064.8742786753212
Afternoons Special,LightGBM,0.006575757575757576,1064.8742786753212
Afternoons Special,LightGBM,0.006696969696969697,1064.8742786753212
Afternoons Special,LightGBM,0.006818181818181819,1064.8742786753212
Afternoons Special,LightGBM,0.00693939393939394,1064.8742786753212
Afternoons Special,LightGBM,0.007060606060606061,1064.8742786753212
Afternoons Special,LightGBM,0.007181818181818182,1064.8742786753212
Afternoons Special,LightGBM,0.0073030303030303025,1064.8742786753212
Afternoons Special,LightGBM,0.007424242424242424,1064.8742786753212
Afternoons Special,LightGBM,0.007545454545454545,1067.5253305617002
Afternoons Special,LightGBM,0.007666666666666667,1067.5253305617002
Afternoons Special,LightGBM,0.007787878787878788,1067.5253305617002
Afternoons Special,LightGBM,0.007909090909090909,1067.5253305617002
Afternoons Special,LightGBM,0.00803030303030303,1067.5253305617002
Afternoons Special,LightGBM,0.008151515151515151,1067.5253305617002
Afternoons Special,LightGBM,0.008272727272727272,1067.5253305617002
Afternoons Special,LightGBM,0.008393939393939395,1067.5253305617002
Afternoons Special,LightGBM,0.008515151515151516,876.911082968494
Afternoons Special,LightGBM,0.008636363636363636,876.911082968494
Afternoons Special,LightGBM,0.008757575757575757,876.911082968494
Afternoons Special,LightGBM,0.008878787878787878,876.911082968494
Afternoons Special,LightGBM,0.009000000000000001,876.911082968494
Afternoons Special,LightGBM,0.00912121212121212,876.911082968494
Afternoons Special,LightGBM,0.009242424242424243,876.911082968494
Afternoons Special,LightGBM,0.009363636363636364,876.911082968494
Afternoons Special,LightGBM,0.009484848484848485,876.911082968494
Afternoons Special,LightGBM,0.009606060606060606,891.9403741428758
Afternoons Special,LightGBM,0.009727272727272727,891.9403741428758
Afternoons Special,LightGBM,0.00984848484848485,891.9403741428758
Afternoons Special,LightGBM,0.009969696969696969,891.9403741428758
Afternoons Special,LightGBM,0.010090909090909091,891.9403741428758
Afternoons Special,LightGBM,0.010212121212121212,891.9403741428758
Afternoons Special,LightGBM,0.010333333333333333,891.9403741428758
Afternoons Special,LightGBM,0.010454545454545454,891.9403741428758
Afternoons Special,LightGBM,0.010575757575757575,894.8587893303214
Afternoons Special,LightGBM,0.010696969696969698,894.8587893303214
Afternoons Special,LightGBM,0.010818181818181817,894.8587893303214
Afternoons Special,LightGBM,0.01093939393939394,894.8587893303214
Afternoons Special,LightGBM,0.01106060606060606,894.8587893303214
Afternoons Special,LightGBM,0.011181818181818182,894.8587893303214
Afternoons Special,LightGBM,0.011303030303030303,894.8587893303214
Afternoons Special,LightGBM,0.011424242424242424,894.8587893303214
Afternoons Special,LightGBM,0.011545454545454546,891.4201879383219
Afternoons Special,LightGBM,0.011666666666666665,891.4201879383219
Afternoons Special,LightGBM,0.011787878787878788,891.4201879383219
Afternoons Special,LightGBM,0.011909090909090909,891.4201879383219
Afternoons Special,LightGBM,0.01203030303030303,891.4201879383219
Afternoons Special,LightGBM,0.012151515151515153,891.4201879383219
Afternoons Special,LightGBM,0.012272727272727272,891.4201879383219
Afternoons Special,LightGBM,0.012393939393939395,891.4201879383219
Afternoons Special,LightGBM,0.012515151515151514,891.4201879383219
Afternoons Special,LightGBM,0.012636363636363637,891.4201879383219
Afternoons Special,LightGBM,0.012757575757575757,891.4201879383219
Afternoons Special,LightGBM,0.012878787878787878,891.4201879383219
Afternoons Special,LightGBM,0.013000000000000001,891.4201879383219
Afternoons Special,LightGBM,0.01312121212121212,891.0604063483819
Afternoons Special,LightGBM,0.013242424242424243,891.0604063483819
Afternoons Special,LightGBM,0.013363636363636362,891.0604063483819
Afternoons Special,LightGBM,0.013484848484848485,891.0604063483819
Afternoons Special,LightGBM,0.013606060606060608,891.0604063483819
Afternoons Special,LightGBM,0.013727272727272727,891.0604063483819
Afternoons Special,LightGBM,0.01384848484848485,891.0604063483819
Afternoons Special,LightGBM,0.013969696969696969,891.0604063483819
Afternoons Special,LightGBM,0.014090909090909091,891.0604063483819
Afternoons Special,LightGBM,0.01421212121212121,891.0604063483819
Afternoons Special,LightGBM,0.014333333333333333,891.0604063483819
Afternoons Special,LightGBM,0.014454545454545456,891.0604063483819
Afternoons Special,LightGBM,0.014575757575757575,891.0604063483819
Afternoons Special,LightGBM,0.014696969696969698,891.0604063483819
Afternoons Special,LightGBM,0.014818181818181817,891.0604063483819
Afternoons Special,LightGBM,0.01493939393939394,891.0604063483819
Afternoons Special,LightGBM,0.015060606060606059,891.0604063483819
Afternoons Special,LightGBM,0.015181818181818182,891.0604063483819
Afternoons Special,LightGBM,0.015303030303030304,891.0604063483819
Afternoons Special,LightGBM,0.015424242424242424,891.0604063483819
Afternoons Special,LightGBM,0.015545454545454546,891.0604063483819
Afternoons Special,LightGBM,0.015666666666666666,891.0604063483819
Afternoons Special,LightGBM,0.015787878787878788,891.0604063483819
Afternoons Special,LightGBM,0.015909090909090907,891.0604063483819
Afternoons Special,LightGBM,0.01603030303030303,979.2707781797401
Afternoons Special,LightGBM,0.016151515151515153,979.2707781797401
Afternoons Special,LightGBM,0.016272727272727272,979.2707781797401
Afternoons Special,LightGBM,0.016393939393939395,979.2707781797401
Afternoons Special,LightGBM,0.016515151515151514,979.2707781797401
Afternoons Special,LightGBM,0.016636363636363637,979.2707781797401
Afternoons Special,LightGBM,0.016757575757575756,979.2707781797401
Afternoons Special,LightGBM,0.01687878787878788,979.2707781797401
Afternoons Special,LightGBM,0.017,979.2707781797401
Afternoons Special,XGBoost,0.005,1124.94287109375
Afternoons Special,XGBoost,0.005121212121212121,1124.94287109375
Afternoons Special,XGBoost,0.005242424242424243,1124.94287109375
Afternoons Special,XGBoost,0.005363636363636364,1124.94287109375
Afternoons Special,XGBoost,0.005484848484848485,1124.94287109375
Afternoons Special,XGBoost,0.005606060606060606,1124.94287109375
Afternoons Special,XGBoost,0.0057272727272727275,1124.94287109375
Afternoons Special,XGBoost,0.0058484848484848485,1124.94287109375
Afternoons Special,XGBoost,0.0059696969696969695,1124.94287109375
Afternoons Special,XGBoost,0.006090909090909091,1124.94287109375
Afternoons Special,XGBoost,0.006212121212121212,1124.94287109375
Afternoons Special,XGBoost,0.006333333333333333,1124.94287109375
Afternoons Special,XGBoost,0.006454545454545454,1124.94287109375
Afternoons Special,XGBoost,0.006575757575757576,1124.94287109375
Afternoons Special,XGBoost,0.006696969696969697,1124.94287109375
Afternoons Special,XGBoost,0.006818181818181819,1124.94287109375
Afternoons Special,XGBoost,0.00693939393939394,1124.94287109375
Afternoons Special,XGBoost,0.007060606060606061,1122.1123046875
Afternoons Special,XGBoost,0.007181818181818182,1122.1123046875
Afternoons Special,XGBoost,0.0073030303030303025,1122.1123046875
Afternoons Special,XGBoost,0.007424242424242424,1122.1123046875
Afternoons Special,XGBoost,0.007545454545454545,1122.1123046875
Afternoons Special,XGBoost,0.007666666666666667,1122.1123046875
Afternoons Special,XGBoost,0.007787878787878788,1122.1123046875
Afternoons Special,XGBoost,0.007909090909090909,1122.1123046875
Afternoons Special,XGBoost,0.00803030303030303,966.4180908203125
Afternoons Special,XGBoost,0.008151515151515151,966.4180908203125
Afternoons Special,XGBoost,0.008272727272727272,966.4180908203125
Afternoons Special,XGBoost,0.008393939393939395,966.4180908203125
Afternoons Special,XGBoost,0.008515151515151516,966.4180908203125
Afternoons Special,XGBoost,0.008636363636363636,966.4180908203125
Afternoons Special,XGBoost,0.008757575757575757,966.4180908203125
Afternoons Special,XGBoost,0.008878787878787878,966.4180908203125
Afternoons Special,XGBoost,0.009000000000000001,840.9395141601562
Afternoons Special,XGBoost,0.00912121212121212,840.9395141601562
Afternoons Special,XGBoost,0.009242424242424243,840.9395141601562
Afternoons Special,XGBoost,0.009363636363636364,840.9395141601562
Afternoons Special,XGBoost,0.009484848484848485,840.9395141601562
Afternoons Special,XGBoost,0.009606060606060606,840.9395141601562
Afternoons Special,XGBoost,0.009727272727272727,840.9395141601562
Afternoons Special,XGBoost,0.00984848484848485,840.9395141601562
Afternoons Special,XGBoost,0.009969696969696969,840.9395141601562
Afternoons Special,XGBoost,0.010090909090909091,881.742431640625
Afternoons Special,XGBoost,0.010212121212121212,881.742431640625
Afternoons Special,XGBoost,0.010333333333333333,881.742431640625
Afternoons Special,XGBoost,0.010454545454545454,881.742431640625
Afternoons Special,XGBoost,0.010575757575757575,881.742431640625
Afternoons Special,XGBoost,0.010696969696969698,881.742431640625
Afternoons Special,XGBoost,0.010818181818181817,881.742431640625
Afternoons Special,XGBoost,0.01093939393939394,881.742431640625
Afternoons Special,XGBoost,0.01106060606060606,868.5380859375
Afternoons Special,XGBoost,0.011181818181818182,868.5380859375
Afternoons Special,XGBoost,0.011303030303030303,868.5380859375
Afternoons Special,XGBoost,0.011424242424242424,868.5380859375
Afternoons Special,XGBoost,0.011545454545454546,868.5380859375
Afternoons Special,XGBoost,0.011666666666666665,868.5380859375
Afternoons Special,XGBoost,0.011787878787878788,868.5380859375
Afternoons Special,XGBoost,0.011909090909090909,868.5380859375
Afternoons Special,XGBoost,0.01203030303030303,867.486572265625
Afternoons Special,XGBoost,0.012151515151515153,867.486572265625
Afternoons Special,XGBoost,0.012272727272727272,867.486572265625
Afternoons Special,XGBoost,0.012393939393939395,867.486572265625
Afternoons Special,XGBoost,0.012515151515151514,867.486572265625
Afternoons Special,XGBoost,0.012636363636363637,867.486572265625
Afternoons Special,XGBoost,0.012757575757575757,867.486572265625
Afternoons Special,XGBoost,0.012878787878787878,867.486572265625
Afternoons Special,XGBoost,0.013000000000000001,867.486572265625
Afternoons Special,XGBoost,0.01312121212121212,867.486572265625
Afternoons Special,XGBoost,0.013242424242424243,867.486572265625
Afternoons Special,XGBoost,0.013363636363636362,867.486572265625
Afternoons Special,XGBoost,0.013484848484848485,867.486572265625
Afternoons Special,XGBoost,0.013606060606060608,867.486572265625
Afternoons Special,XGBoost,0.013727272727272727,867.486572265625
Afternoons Special,XGBoost,0.01384848484848485,867.486572265625
Afternoons Special,XGBoost,0.013969696969696969,867.486572265625
Afternoons Special,XGBoost,0.014090909090909091,868.2691040039062
Afternoons Special,XGBoost,0.01421212121212121,868.2691040039062
Afternoons Special,XGBoost,0.014333333333333333,868.2691040039062
Afternoons Special,XGBoost,0.014454545454545456,868.2691040039062
Afternoons Special,XGBoost,0.014575757575757575,868.2691040039062
Afternoons Special,XGBoost,0.014696969696969698,868.2691040039062
Afternoons Special,XGBoost,0.014818181818181817,868.2691040039062
Afternoons Special,XGBoost,0.01493939393939394,868.2691040039062
Afternoons Special,XGBoost,0.015060606060606059,867.1548461914062
Afternoons Special,XGBoost,0.015181818181818182,867.1548461914062
Afternoons Special,XGBoost,0.015303030303030304,867.1548461914062
Afternoons Special,XGBoost,0.015424242424242424,867.1548461914062
Afternoons Special,XGBoost,0.015545454545454546,867.1548461914062
Afternoons Special,XGBoost,0.015666666666666666,867.1548461914062
Afternoons Special,XGBoost,0.015787878787878788,867.1548461914062
Afternoons Special,XGBoost,0.015909090909090907,867.1548461914062
Afternoons Special,XGBoost,0.01603030303030303,867.1548461914062
Afternoons Special,XGBoost,0.016151515151515153,867.1548461914062
Afternoons Special,XGBoost,0.016272727272727272,867.1548461914062
Afternoons Special,XGBoost,0.016393939393939395,867.1548461914062
Afternoons Special,XGBoost,0.016515151515151514,867.1548461914062
Afternoons Special,XGBoost,0.016636363636363637,867.1548461914062
Afternoons Special,XGBoost,0.016757575757575756,867.1548461914062
Afternoons Special,XGBoost,0.01687878787878788,867.1548461914062
Afternoons Special,XGBoost,0.017,897.1641845703125
