Dataset,Model,Cloud cover,Predicted Value
Evenings,CatBoost,0.0,537.4899668322212
Evenings,CatBoost,0.010101010101010102,552.6826501597103
Evenings,CatBoost,0.020202020202020204,597.0435742678404
Evenings,CatBoost,0.030303030303030304,553.509944291764
Evenings,CatBoost,0.04040404040404041,545.858957312919
Evenings,CatBoost,0.05050505050505051,504.6084740363705
Evenings,CatBoost,0.06060606060606061,549.925478147152
Evenings,CatBoost,0.07070707070707072,549.925478147152
Evenings,CatBoost,0.08080808080808081,567.3313308541996
Evenings,CatBoost,0.09090909090909091,579.3283153210389
Evenings,CatBoost,0.10101010101010102,567.828314482221
Evenings,CatBoost,0.11111111111111112,534.6254463274043
Evenings,CatBoost,0.12121212121212122,534.8893235736898
Evenings,CatBoost,0.13131313131313133,534.9924651915928
Evenings,CatBoost,0.14141414141414144,565.5619649718708
Evenings,CatBoost,0.15151515151515152,543.8582872706457
Evenings,CatBoost,0.16161616161616163,537.8781846737419
Evenings,CatBoost,0.17171717171717174,534.4818090414185
Evenings,CatBoost,0.18181818181818182,534.4818090414185
Evenings,CatBoost,0.19191919191919193,517.1090435352362
Evenings,CatBoost,0.20202020202020204,509.127055869818
Evenings,CatBoost,0.21212121212121213,531.8539181318696
Evenings,CatBoost,0.22222222222222224,541.4800884749608
Evenings,CatBoost,0.23232323232323235,525.3396833796241
Evenings,CatBoost,0.24242424242424243,526.0019102351173
Evenings,CatBoost,0.25252525252525254,525.4949295799754
Evenings,CatBoost,0.26262626262626265,527.7782707320449
Evenings,CatBoost,0.27272727272727276,528.7548795492194
Evenings,CatBoost,0.2828282828282829,530.9433886648321
Evenings,CatBoost,0.29292929292929293,535.632197380343
Evenings,CatBoost,0.30303030303030304,535.8068994780414
Evenings,CatBoost,0.31313131313131315,536.2629651442887
Evenings,CatBoost,0.32323232323232326,539.9926304551609
Evenings,CatBoost,0.33333333333333337,543.3776587998118
Evenings,CatBoost,0.3434343434343435,543.3776587998118
Evenings,CatBoost,0.3535353535353536,545.7765993945677
Evenings,CatBoost,0.36363636363636365,548.6017279322879
Evenings,CatBoost,0.37373737373737376,548.8483529730188
Evenings,CatBoost,0.38383838383838387,552.7414157036052
Evenings,CatBoost,0.393939393939394,548.7942421194209
Evenings,CatBoost,0.4040404040404041,541.2743723170189
Evenings,CatBoost,0.4141414141414142,537.6079144603037
Evenings,CatBoost,0.42424242424242425,533.0161306842491
Evenings,CatBoost,0.43434343434343436,533.1587295321407
Evenings,CatBoost,0.4444444444444445,540.7441673509657
Evenings,CatBoost,0.4545454545454546,541.1923640385623
Evenings,CatBoost,0.4646464646464647,541.2495197521081
Evenings,CatBoost,0.4747474747474748,545.1941526897136
Evenings,CatBoost,0.48484848484848486,537.7590687439883
Evenings,CatBoost,0.494949494949495,540.4177982965222
Evenings,CatBoost,0.5050505050505051,542.8054149144339
Evenings,CatBoost,0.5151515151515152,565.5549129210386
Evenings,CatBoost,0.5252525252525253,548.9021680836307
Evenings,CatBoost,0.5353535353535354,553.5039119569049
Evenings,CatBoost,0.5454545454545455,565.0767087684894
Evenings,CatBoost,0.5555555555555556,565.05850939486
Evenings,CatBoost,0.5656565656565657,550.1026387010623
Evenings,CatBoost,0.5757575757575758,547.3081964062785
Evenings,CatBoost,0.5858585858585859,541.2171920422209
Evenings,CatBoost,0.595959595959596,544.3951111571125
Evenings,CatBoost,0.6060606060606061,544.3315827571628
Evenings,CatBoost,0.6161616161616162,543.4034295210455
Evenings,CatBoost,0.6262626262626263,546.1005767990727
Evenings,CatBoost,0.6363636363636365,545.4759656542964
Evenings,CatBoost,0.6464646464646465,533.2777846327067
Evenings,CatBoost,0.6565656565656566,533.2906786571189
Evenings,CatBoost,0.6666666666666667,543.1205454838886
Evenings,CatBoost,0.6767676767676768,543.1205454838886
Evenings,CatBoost,0.686868686868687,538.4174360892906
Evenings,CatBoost,0.696969696969697,521.931148674386
Evenings,CatBoost,0.7070707070707072,521.6635008634375
Evenings,CatBoost,0.7171717171717172,534.0752381674254
Evenings,CatBoost,0.7272727272727273,521.2791100795055
Evenings,CatBoost,0.7373737373737375,522.7202973204031
Evenings,CatBoost,0.7474747474747475,525.9005763456705
Evenings,CatBoost,0.7575757575757577,563.8166303914703
Evenings,CatBoost,0.7676767676767677,563.559369779294
Evenings,CatBoost,0.7777777777777778,531.7962925693357
Evenings,CatBoost,0.787878787878788,531.7962925693357
Evenings,CatBoost,0.797979797979798,529.4743644076041
Evenings,CatBoost,0.8080808080808082,522.6850625830157
Evenings,CatBoost,0.8181818181818182,516.4881075204595
Evenings,CatBoost,0.8282828282828284,507.68946282642145
Evenings,CatBoost,0.8383838383838385,526.733952556418
Evenings,CatBoost,0.8484848484848485,541.1343743489065
Evenings,CatBoost,0.8585858585858587,539.0347729918926
Evenings,CatBoost,0.8686868686868687,539.1610584295966
Evenings,CatBoost,0.8787878787878789,535.2654661679239
Evenings,CatBoost,0.888888888888889,535.4837102510255
Evenings,CatBoost,0.8989898989898991,534.7062282444408
Evenings,CatBoost,0.9090909090909092,536.6525857527632
Evenings,CatBoost,0.9191919191919192,545.360485111069
Evenings,CatBoost,0.9292929292929294,554.7263695401256
Evenings,CatBoost,0.9393939393939394,558.3198575887583
Evenings,CatBoost,0.9494949494949496,558.1769065997597
Evenings,CatBoost,0.9595959595959597,548.8777495126909
Evenings,CatBoost,0.9696969696969697,514.7359732577333
Evenings,CatBoost,0.9797979797979799,524.4287710916722
Evenings,CatBoost,0.98989898989899,536.440178628137
Evenings,CatBoost,1.0,506.2972123164885
Evenings,LightGBM,0.0,551.6322700958187
Evenings,LightGBM,0.010101010101010102,548.6890658474049
Evenings,LightGBM,0.020202020202020204,550.7120673350632
Evenings,LightGBM,0.030303030303030304,548.3995735415725
Evenings,LightGBM,0.04040404040404041,546.3824300460951
Evenings,LightGBM,0.05050505050505051,536.2005856021067
Evenings,LightGBM,0.06060606060606061,547.7064236463867
Evenings,LightGBM,0.07070707070707072,548.3438902678308
Evenings,LightGBM,0.08080808080808081,565.2661964871402
Evenings,LightGBM,0.09090909090909091,576.6215344880814
Evenings,LightGBM,0.10101010101010102,567.4951876441396
Evenings,LightGBM,0.11111111111111112,548.1293567186142
Evenings,LightGBM,0.12121212121212122,543.0091340784074
Evenings,LightGBM,0.13131313131313133,542.414214524362
Evenings,LightGBM,0.14141414141414144,547.334266601165
Evenings,LightGBM,0.15151515151515152,540.3710765710042
Evenings,LightGBM,0.16161616161616163,539.797840383537
Evenings,LightGBM,0.17171717171717174,538.8455003373571
Evenings,LightGBM,0.18181818181818182,540.3849531174885
Evenings,LightGBM,0.19191919191919193,522.0276196511475
Evenings,LightGBM,0.20202020202020204,519.6744688272745
Evenings,LightGBM,0.21212121212121213,530.5638659416024
Evenings,LightGBM,0.22222222222222224,532.8103587453738
Evenings,LightGBM,0.23232323232323235,529.9498021899628
Evenings,LightGBM,0.24242424242424243,529.4907425017539
Evenings,LightGBM,0.25252525252525254,529.3669684605558
Evenings,LightGBM,0.26262626262626265,528.5583844989306
Evenings,LightGBM,0.27272727272727276,530.8799995336897
Evenings,LightGBM,0.2828282828282829,531.9107195709087
Evenings,LightGBM,0.29292929292929293,536.1970209261995
Evenings,LightGBM,0.30303030303030304,536.1970209261995
Evenings,LightGBM,0.31313131313131315,540.3865432628234
Evenings,LightGBM,0.32323232323232326,544.5985023833459
Evenings,LightGBM,0.33333333333333337,547.8909739401786
Evenings,LightGBM,0.3434343434343435,546.9414472035289
Evenings,LightGBM,0.3535353535353536,551.8242820532929
Evenings,LightGBM,0.36363636363636365,551.7509450959473
Evenings,LightGBM,0.37373737373737376,551.5115666117697
Evenings,LightGBM,0.38383838383838387,551.7960272041693
Evenings,LightGBM,0.393939393939394,551.689994586919
Evenings,LightGBM,0.4040404040404041,539.7073529704134
Evenings,LightGBM,0.4141414141414142,536.4100051219712
Evenings,LightGBM,0.42424242424242425,535.1624355324652
Evenings,LightGBM,0.43434343434343436,537.5436920750831
Evenings,LightGBM,0.4444444444444445,537.2772128659351
Evenings,LightGBM,0.4545454545454546,538.8890775530544
Evenings,LightGBM,0.4646464646464647,541.8004347433009
Evenings,LightGBM,0.4747474747474748,539.8882083248087
Evenings,LightGBM,0.48484848484848486,539.9841541225163
Evenings,LightGBM,0.494949494949495,542.3250672804287
Evenings,LightGBM,0.5050505050505051,542.6925508513673
Evenings,LightGBM,0.5151515151515152,568.0369510047946
Evenings,LightGBM,0.5252525252525253,551.4093453616915
Evenings,LightGBM,0.5353535353535354,553.3610195555913
Evenings,LightGBM,0.5454545454545455,553.4895547100024
Evenings,LightGBM,0.5555555555555556,552.8236100374203
Evenings,LightGBM,0.5656565656565657,552.429056875616
Evenings,LightGBM,0.5757575757575758,540.6049971737056
Evenings,LightGBM,0.5858585858585859,539.1091711624999
Evenings,LightGBM,0.595959595959596,539.6984278445792
Evenings,LightGBM,0.6060606060606061,540.4094937168502
Evenings,LightGBM,0.6161616161616162,539.6440315353349
Evenings,LightGBM,0.6262626262626263,539.7855528754767
Evenings,LightGBM,0.6363636363636365,540.5699458768726
Evenings,LightGBM,0.6464646464646465,539.6790097505382
Evenings,LightGBM,0.6565656565656566,540.990630950678
Evenings,LightGBM,0.6666666666666667,541.7432746852755
Evenings,LightGBM,0.6767676767676768,539.7624075873342
Evenings,LightGBM,0.686868686868687,542.694136912568
Evenings,LightGBM,0.696969696969697,541.3403698924042
Evenings,LightGBM,0.7070707070707072,540.0831753223287
Evenings,LightGBM,0.7171717171717172,536.9213746587968
Evenings,LightGBM,0.7272727272727273,533.649428156754
Evenings,LightGBM,0.7373737373737375,533.7860558861856
Evenings,LightGBM,0.7474747474747475,533.9544677714823
Evenings,LightGBM,0.7575757575757577,546.3698449300903
Evenings,LightGBM,0.7676767676767677,547.1763466341338
Evenings,LightGBM,0.7777777777777778,536.7278028553324
Evenings,LightGBM,0.787878787878788,537.267715063572
Evenings,LightGBM,0.797979797979798,536.2208312107917
Evenings,LightGBM,0.8080808080808082,533.4090944050597
Evenings,LightGBM,0.8181818181818182,527.7759556123985
Evenings,LightGBM,0.8282828282828284,520.8434663486341
Evenings,LightGBM,0.8383838383838385,529.167034574542
Evenings,LightGBM,0.8484848484848485,535.8951060339186
Evenings,LightGBM,0.8585858585858587,536.0365907771992
Evenings,LightGBM,0.8686868686868687,535.0973181161525
Evenings,LightGBM,0.8787878787878789,535.0876068156041
Evenings,LightGBM,0.888888888888889,534.830199554135
Evenings,LightGBM,0.8989898989898991,535.0654387476062
Evenings,LightGBM,0.9090909090909092,537.4680563013976
Evenings,LightGBM,0.9191919191919192,538.6746004540643
Evenings,LightGBM,0.9292929292929294,550.9983165076192
Evenings,LightGBM,0.9393939393939394,549.9639165692113
Evenings,LightGBM,0.9494949494949496,547.7788581954239
Evenings,LightGBM,0.9595959595959597,547.6639418481732
Evenings,LightGBM,0.9696969696969697,518.0659972808431
Evenings,LightGBM,0.9797979797979799,527.749195266719
Evenings,LightGBM,0.98989898989899,542.1287644702172
Evenings,LightGBM,1.0,512.7902423177419
Evenings,XGBoost,0.0,562.6646118164062
Evenings,XGBoost,0.010101010101010102,557.9970703125
Evenings,XGBoost,0.020202020202020204,567.5579833984375
Evenings,XGBoost,0.030303030303030304,554.4925537109375
Evenings,XGBoost,0.04040404040404041,553.325439453125
Evenings,XGBoost,0.05050505050505051,552.3538818359375
Evenings,XGBoost,0.06060606060606061,574.46044921875
Evenings,XGBoost,0.07070707070707072,574.6096801757812
Evenings,XGBoost,0.08080808080808081,574.8197631835938
Evenings,XGBoost,0.09090909090909091,601.3073120117188
Evenings,XGBoost,0.10101010101010102,554.4601440429688
Evenings,XGBoost,0.11111111111111112,562.2169189453125
Evenings,XGBoost,0.12121212121212122,556.1497802734375
Evenings,XGBoost,0.13131313131313133,552.1823120117188
Evenings,XGBoost,0.14141414141414144,552.1412963867188
Evenings,XGBoost,0.15151515151515152,547.3399047851562
Evenings,XGBoost,0.16161616161616163,553.8688354492188
Evenings,XGBoost,0.17171717171717174,544.0401611328125
Evenings,XGBoost,0.18181818181818182,544.0401611328125
Evenings,XGBoost,0.19191919191919193,533.040283203125
Evenings,XGBoost,0.20202020202020204,528.624755859375
Evenings,XGBoost,0.21212121212121213,544.0650024414062
Evenings,XGBoost,0.22222222222222224,544.8138427734375
Evenings,XGBoost,0.23232323232323235,541.3997802734375
Evenings,XGBoost,0.24242424242424243,533.4699096679688
Evenings,XGBoost,0.25252525252525254,534.847900390625
Evenings,XGBoost,0.26262626262626265,530.4414672851562
Evenings,XGBoost,0.27272727272727276,531.3665161132812
Evenings,XGBoost,0.2828282828282829,532.8814697265625
Evenings,XGBoost,0.29292929292929293,549.9757080078125
Evenings,XGBoost,0.30303030303030304,534.2471923828125
Evenings,XGBoost,0.31313131313131315,534.3221435546875
Evenings,XGBoost,0.32323232323232326,540.3888549804688
Evenings,XGBoost,0.33333333333333337,543.6861572265625
Evenings,XGBoost,0.3434343434343435,543.7417602539062
Evenings,XGBoost,0.3535353535353536,563.7379760742188
Evenings,XGBoost,0.36363636363636365,545.2968139648438
Evenings,XGBoost,0.37373737373737376,547.3512573242188
Evenings,XGBoost,0.38383838383838387,549.8712158203125
Evenings,XGBoost,0.393939393939394,547.9208374023438
Evenings,XGBoost,0.4040404040404041,544.382568359375
Evenings,XGBoost,0.4141414141414142,543.9898681640625
Evenings,XGBoost,0.42424242424242425,533.8851928710938
Evenings,XGBoost,0.43434343434343436,527.0240478515625
Evenings,XGBoost,0.4444444444444445,543.125
Evenings,XGBoost,0.4545454545454546,542.6436767578125
Evenings,XGBoost,0.4646464646464647,539.0692138671875
Evenings,XGBoost,0.4747474747474748,536.58984375
Evenings,XGBoost,0.48484848484848486,539.4378051757812
Evenings,XGBoost,0.494949494949495,570.9893188476562
Evenings,XGBoost,0.5050505050505051,552.9877319335938
Evenings,XGBoost,0.5151515151515152,562.9065551757812
Evenings,XGBoost,0.5252525252525253,554.4204711914062
Evenings,XGBoost,0.5353535353535354,559.9054565429688
Evenings,XGBoost,0.5454545454545455,558.1904296875
Evenings,XGBoost,0.5555555555555556,558.3878784179688
Evenings,XGBoost,0.5656565656565657,541.0509033203125
Evenings,XGBoost,0.5757575757575758,543.7335205078125
Evenings,XGBoost,0.5858585858585859,542.07177734375
Evenings,XGBoost,0.595959595959596,540.9104614257812
Evenings,XGBoost,0.6060606060606061,544.8463134765625
Evenings,XGBoost,0.6161616161616162,543.9462890625
Evenings,XGBoost,0.6262626262626263,541.1010131835938
Evenings,XGBoost,0.6363636363636365,563.3694458007812
Evenings,XGBoost,0.6464646464646465,541.7509155273438
Evenings,XGBoost,0.6565656565656566,541.8681640625
Evenings,XGBoost,0.6666666666666667,544.6438598632812
Evenings,XGBoost,0.6767676767676768,541.51416015625
Evenings,XGBoost,0.686868686868687,524.847900390625
Evenings,XGBoost,0.696969696969697,524.8291625976562
Evenings,XGBoost,0.7070707070707072,531.992919921875
Evenings,XGBoost,0.7171717171717172,533.7832641601562
Evenings,XGBoost,0.7272727272727273,529.9385986328125
Evenings,XGBoost,0.7373737373737375,529.7739868164062
Evenings,XGBoost,0.7474747474747475,530.7363891601562
Evenings,XGBoost,0.7575757575757577,556.1948852539062
Evenings,XGBoost,0.7676767676767677,556.0279541015625
Evenings,XGBoost,0.7777777777777778,538.849853515625
Evenings,XGBoost,0.787878787878788,537.6399536132812
Evenings,XGBoost,0.797979797979798,530.3281860351562
Evenings,XGBoost,0.8080808080808082,529.8157958984375
Evenings,XGBoost,0.8181818181818182,523.0470581054688
Evenings,XGBoost,0.8282828282828284,521.144775390625
Evenings,XGBoost,0.8383838383838385,524.1956176757812
Evenings,XGBoost,0.8484848484848485,546.740234375
Evenings,XGBoost,0.8585858585858587,534.6641235351562
Evenings,XGBoost,0.8686868686868687,534.4021606445312
Evenings,XGBoost,0.8787878787878789,535.0340576171875
Evenings,XGBoost,0.888888888888889,536.8726806640625
Evenings,XGBoost,0.8989898989898991,536.8013916015625
Evenings,XGBoost,0.9090909090909092,538.71240234375
Evenings,XGBoost,0.9191919191919192,540.9619140625
Evenings,XGBoost,0.9292929292929294,541.2626342773438
Evenings,XGBoost,0.9393939393939394,549.4082641601562
Evenings,XGBoost,0.9494949494949496,557.0347900390625
Evenings,XGBoost,0.9595959595959597,556.9561157226562
Evenings,XGBoost,0.9696969696969697,526.144775390625
Evenings,XGBoost,0.9797979797979799,521.6174926757812
Evenings,XGBoost,0.98989898989899,559.5142211914062
Evenings,XGBoost,1.0,519.3867797851562
Mornings Special,CatBoost,0.0,310.23377932327554
Mornings Special,CatBoost,0.010101010101010102,296.2832599473138
Mornings Special,CatBoost,0.020202020202020204,413.5483454290382
Mornings Special,CatBoost,0.030303030303030304,306.20286902728213
Mornings Special,CatBoost,0.04040404040404041,306.58575338089827
Mornings Special,CatBoost,0.05050505050505051,310.58457258201713
Mornings Special,CatBoost,0.06060606060606061,307.81477365468436
Mornings Special,CatBoost,0.07070707070707072,304.8245669629869
Mornings Special,CatBoost,0.08080808080808081,304.7488875417381
Mornings Special,CatBoost,0.09090909090909091,318.3639456442009
Mornings Special,CatBoost,0.10101010101010102,300.66973481295196
Mornings Special,CatBoost,0.11111111111111112,300.3596548923194
Mornings Special,CatBoost,0.12121212121212122,295.45891843065704
Mornings Special,CatBoost,0.13131313131313133,295.44441238787874
Mornings Special,CatBoost,0.14141414141414144,296.7469908585255
Mornings Special,CatBoost,0.15151515151515152,297.55036943779675
Mornings Special,CatBoost,0.16161616161616163,298.1808008833486
Mornings Special,CatBoost,0.17171717171717174,298.1808008833486
Mornings Special,CatBoost,0.18181818181818182,298.1808008833486
Mornings Special,CatBoost,0.19191919191919193,298.3341524695873
Mornings Special,CatBoost,0.20202020202020204,328.3402251074065
Mornings Special,CatBoost,0.21212121212121213,329.8614037773719
Mornings Special,CatBoost,0.22222222222222224,331.07675793987494
Mornings Special,CatBoost,0.23232323232323235,310.8752638603748
Mornings Special,CatBoost,0.24242424242424243,311.3263932187361
Mornings Special,CatBoost,0.25252525252525254,311.3263932187361
Mornings Special,CatBoost,0.26262626262626265,311.1446257343275
Mornings Special,CatBoost,0.27272727272727276,313.4616864858519
Mornings Special,CatBoost,0.2828282828282829,313.4616864858519
Mornings Special,CatBoost,0.29292929292929293,304.2653412859195
Mornings Special,CatBoost,0.30303030303030304,298.1532055962685
Mornings Special,CatBoost,0.31313131313131315,297.60814388625835
Mornings Special,CatBoost,0.32323232323232326,297.63290015009153
Mornings Special,CatBoost,0.33333333333333337,297.6365912697682
Mornings Special,CatBoost,0.3434343434343435,300.17709951212106
Mornings Special,CatBoost,0.3535353535353536,303.318221891078
Mornings Special,CatBoost,0.36363636363636365,303.3362505789851
Mornings Special,CatBoost,0.37373737373737376,304.654868418958
Mornings Special,CatBoost,0.38383838383838387,301.6691427363796
Mornings Special,CatBoost,0.393939393939394,301.06651770143935
Mornings Special,CatBoost,0.4040404040404041,298.2781220837445
Mornings Special,CatBoost,0.4141414141414142,298.2781220837445
Mornings Special,CatBoost,0.42424242424242425,298.2781220837445
Mornings Special,CatBoost,0.43434343434343436,298.2781220837445
Mornings Special,CatBoost,0.4444444444444445,294.06423914162804
Mornings Special,CatBoost,0.4545454545454546,291.459120941641
Mornings Special,CatBoost,0.4646464646464647,291.459120941641
Mornings Special,CatBoost,0.4747474747474748,294.8585635128177
Mornings Special,CatBoost,0.48484848484848486,294.10759311582154
Mornings Special,CatBoost,0.494949494949495,294.4785839394482
Mornings Special,CatBoost,0.5050505050505051,294.50199743316864
Mornings Special,CatBoost,0.5151515151515152,294.50199743316864
Mornings Special,CatBoost,0.5252525252525253,289.54269436041795
Mornings Special,CatBoost,0.5353535353535354,289.658857273257
Mornings Special,CatBoost,0.5454545454545455,289.87873721253044
Mornings Special,CatBoost,0.5555555555555556,287.1490858850514
Mornings Special,CatBoost,0.5656565656565657,287.1490858850514
Mornings Special,CatBoost,0.5757575757575758,302.00123283446624
Mornings Special,CatBoost,0.5858585858585859,302.00123283446624
Mornings Special,CatBoost,0.595959595959596,302.22978732400554
Mornings Special,CatBoost,0.6060606060606061,303.0207658794799
Mornings Special,CatBoost,0.6161616161616162,312.0217748716855
Mornings Special,CatBoost,0.6262626262626263,299.4117178438535
Mornings Special,CatBoost,0.6363636363636365,305.55867446849845
Mornings Special,CatBoost,0.6464646464646465,312.5357507240419
Mornings Special,CatBoost,0.6565656565656566,300.3760026539684
Mornings Special,CatBoost,0.6666666666666667,300.4591631904679
Mornings Special,CatBoost,0.6767676767676768,300.4591631904679
Mornings Special,CatBoost,0.686868686868687,300.4591631904679
Mornings Special,CatBoost,0.696969696969697,300.5310196522807
Mornings Special,CatBoost,0.7070707070707072,299.7519966127883
Mornings Special,CatBoost,0.7171717171717172,299.7519966127883
Mornings Special,CatBoost,0.7272727272727273,299.7519966127883
Mornings Special,CatBoost,0.7373737373737375,298.6779633269806
Mornings Special,CatBoost,0.7474747474747475,299.75893916956454
Mornings Special,CatBoost,0.7575757575757577,299.86555604261696
Mornings Special,CatBoost,0.7676767676767677,299.88935432752555
Mornings Special,CatBoost,0.7777777777777778,298.69770855791364
Mornings Special,CatBoost,0.787878787878788,298.69770855791364
Mornings Special,CatBoost,0.797979797979798,298.1275893221955
Mornings Special,CatBoost,0.8080808080808082,299.8416257521794
Mornings Special,CatBoost,0.8181818181818182,298.96496192401247
Mornings Special,CatBoost,0.8282828282828284,299.0956050748529
Mornings Special,CatBoost,0.8383838383838385,295.3360910118371
Mornings Special,CatBoost,0.8484848484848485,295.2988016179312
Mornings Special,CatBoost,0.8585858585858587,295.23566871749915
Mornings Special,CatBoost,0.8686868686868687,295.23566871749915
Mornings Special,CatBoost,0.8787878787878789,293.42145630515546
Mornings Special,CatBoost,0.888888888888889,291.24557584313015
Mornings Special,CatBoost,0.8989898989898991,288.356452257902
Mornings Special,CatBoost,0.9090909090909092,293.2013474853071
Mornings Special,CatBoost,0.9191919191919192,292.8866569508357
Mornings Special,CatBoost,0.9292929292929294,293.30545866843585
Mornings Special,CatBoost,0.9393939393939394,293.0433747962982
Mornings Special,CatBoost,0.9494949494949496,291.62741271483503
Mornings Special,CatBoost,0.9595959595959597,290.9734717591106
Mornings Special,CatBoost,0.9696969696969697,290.7847123760121
Mornings Special,CatBoost,0.9797979797979799,290.43398593754466
Mornings Special,CatBoost,0.98989898989899,291.39645689915585
Mornings Special,CatBoost,1.0,296.749164235333
Mornings Special,XGBoost,0.0,323.70233154296875
Mornings Special,XGBoost,0.010101010101010102,308.63720703125
Mornings Special,XGBoost,0.020202020202020204,369.94232177734375
Mornings Special,XGBoost,0.030303030303030304,319.0255432128906
Mornings Special,XGBoost,0.04040404040404041,307.0308532714844
Mornings Special,XGBoost,0.05050505050505051,312.40045166015625
Mornings Special,XGBoost,0.06060606060606061,305.41229248046875
Mornings Special,XGBoost,0.07070707070707072,307.73419189453125
Mornings Special,XGBoost,0.08080808080808081,307.7655029296875
Mornings Special,XGBoost,0.09090909090909091,335.5101013183594
Mornings Special,XGBoost,0.10101010101010102,304.7679138183594
Mornings Special,XGBoost,0.11111111111111112,306.0491027832031
Mornings Special,XGBoost,0.12121212121212122,306.20672607421875
Mornings Special,XGBoost,0.13131313131313133,306.21624755859375
Mornings Special,XGBoost,0.14141414141414144,300.829833984375
Mornings Special,XGBoost,0.15151515151515152,300.5967102050781
Mornings Special,XGBoost,0.16161616161616163,298.205322265625
Mornings Special,XGBoost,0.17171717171717174,300.7065124511719
Mornings Special,XGBoost,0.18181818181818182,300.9207458496094
Mornings Special,XGBoost,0.19191919191919193,301.2265319824219
Mornings Special,XGBoost,0.20202020202020204,320.7155456542969
Mornings Special,XGBoost,0.21212121212121213,323.7555847167969
Mornings Special,XGBoost,0.22222222222222224,332.573486328125
Mornings Special,XGBoost,0.23232323232323235,312.5008544921875
Mornings Special,XGBoost,0.24242424242424243,312.63824462890625
Mornings Special,XGBoost,0.25252525252525254,313.51397705078125
Mornings Special,XGBoost,0.26262626262626265,313.6574401855469
Mornings Special,XGBoost,0.27272727272727276,309.68438720703125
Mornings Special,XGBoost,0.2828282828282829,309.68438720703125
Mornings Special,XGBoost,0.29292929292929293,306.76055908203125
Mornings Special,XGBoost,0.30303030303030304,296.47491455078125
Mornings Special,XGBoost,0.31313131313131315,296.5858154296875
Mornings Special,XGBoost,0.32323232323232326,296.5858154296875
Mornings Special,XGBoost,0.33333333333333337,296.37420654296875
Mornings Special,XGBoost,0.3434343434343435,305.45452880859375
Mornings Special,XGBoost,0.3535353535353536,302.4774169921875
Mornings Special,XGBoost,0.36363636363636365,302.47552490234375
Mornings Special,XGBoost,0.37373737373737376,300.6976623535156
Mornings Special,XGBoost,0.38383838383838387,295.39825439453125
Mornings Special,XGBoost,0.393939393939394,295.4922180175781
Mornings Special,XGBoost,0.4040404040404041,300.4635314941406
Mornings Special,XGBoost,0.4141414141414142,300.593017578125
Mornings Special,XGBoost,0.42424242424242425,302.1013488769531
Mornings Special,XGBoost,0.43434343434343436,302.13616943359375
Mornings Special,XGBoost,0.4444444444444445,298.1584777832031
Mornings Special,XGBoost,0.4545454545454546,294.3974914550781
Mornings Special,XGBoost,0.4646464646464647,291.8145751953125
Mornings Special,XGBoost,0.4747474747474748,291.55914306640625
Mornings Special,XGBoost,0.48484848484848486,283.29754638671875
Mornings Special,XGBoost,0.494949494949495,294.84979248046875
Mornings Special,XGBoost,0.5050505050505051,293.9889221191406
Mornings Special,XGBoost,0.5151515151515152,297.42449951171875
Mornings Special,XGBoost,0.5252525252525253,293.8962707519531
Mornings Special,XGBoost,0.5353535353535354,294.76177978515625
Mornings Special,XGBoost,0.5454545454545455,295.18548583984375
Mornings Special,XGBoost,0.5555555555555556,295.93450927734375
Mornings Special,XGBoost,0.5656565656565657,298.1239013671875
Mornings Special,XGBoost,0.5757575757575758,300.2702331542969
Mornings Special,XGBoost,0.5858585858585859,299.6109924316406
Mornings Special,XGBoost,0.595959595959596,303.3943786621094
Mornings Special,XGBoost,0.6060606060606061,296.4966125488281
Mornings Special,XGBoost,0.6161616161616162,300.4422302246094
Mornings Special,XGBoost,0.6262626262626263,297.6820983886719
Mornings Special,XGBoost,0.6363636363636365,297.5155944824219
Mornings Special,XGBoost,0.6464646464646465,305.34869384765625
Mornings Special,XGBoost,0.6565656565656566,299.30767822265625
Mornings Special,XGBoost,0.6666666666666667,299.1748962402344
Mornings Special,XGBoost,0.6767676767676768,301.0411071777344
Mornings Special,XGBoost,0.686868686868687,301.0570983886719
Mornings Special,XGBoost,0.696969696969697,299.64764404296875
Mornings Special,XGBoost,0.7070707070707072,298.8727111816406
Mornings Special,XGBoost,0.7171717171717172,299.1181945800781
Mornings Special,XGBoost,0.7272727272727273,299.45849609375
Mornings Special,XGBoost,0.7373737373737375,296.9241943359375
Mornings Special,XGBoost,0.7474747474747475,300.60107421875
Mornings Special,XGBoost,0.7575757575757577,299.1207275390625
Mornings Special,XGBoost,0.7676767676767677,299.6321105957031
Mornings Special,XGBoost,0.7777777777777778,299.15899658203125
Mornings Special,XGBoost,0.787878787878788,299.073486328125
Mornings Special,XGBoost,0.797979797979798,298.7572937011719
Mornings Special,XGBoost,0.8080808080808082,299.0849304199219
Mornings Special,XGBoost,0.8181818181818182,298.3851013183594
Mornings Special,XGBoost,0.8282828282828284,297.629150390625
Mornings Special,XGBoost,0.8383838383838385,294.81182861328125
Mornings Special,XGBoost,0.8484848484848485,294.75372314453125
Mornings Special,XGBoost,0.8585858585858587,293.8178405761719
Mornings Special,XGBoost,0.8686868686868687,294.468505859375
Mornings Special,XGBoost,0.8787878787878789,293.8059387207031
Mornings Special,XGBoost,0.888888888888889,294.1398620605469
Mornings Special,XGBoost,0.8989898989898991,291.2793884277344
Mornings Special,XGBoost,0.9090909090909092,292.4642028808594
Mornings Special,XGBoost,0.9191919191919192,292.5041198730469
Mornings Special,XGBoost,0.9292929292929294,294.1825866699219
Mornings Special,XGBoost,0.9393939393939394,293.10662841796875
Mornings Special,XGBoost,0.9494949494949496,292.6242980957031
Mornings Special,XGBoost,0.9595959595959597,292.1685791015625
Mornings Special,XGBoost,0.9696969696969697,289.2040100097656
Mornings Special,XGBoost,0.9797979797979799,291.12286376953125
Mornings Special,XGBoost,0.98989898989899,294.98101806640625
Mornings Special,XGBoost,1.0,297.2291259765625
