Dataset,Model,Day,Predicted Value
All,XGBoost,1.0,586.0128784179688
All,XGBoost,1.303030303030303,586.0128784179688
All,XGBoost,1.606060606060606,586.0128784179688
All,XGBoost,1.9090909090909092,586.0128784179688
All,XGBoost,2.212121212121212,576.6443481445312
All,XGBoost,2.515151515151515,576.6443481445312
All,XGBoost,2.8181818181818183,576.6443481445312
All,XGBoost,3.121212121212121,577.6307373046875
All,XGBoost,3.4242424242424243,577.6307373046875
All,XGBoost,3.7272727272727275,577.6307373046875
All,XGBoost,4.03030303030303,581.8798828125
All,XGBoost,4.333333333333334,581.8798828125
All,XGBoost,4.636363636363637,581.8798828125
All,XGBoost,4.9393939393939394,581.8798828125
All,XGBoost,5.242424242424242,588.7560424804688
All,XGBoost,5.545454545454546,588.7560424804688
All,XGBoost,5.848484848484849,588.7560424804688
All,XGBoost,6.151515151515151,590.8030395507812
All,XGBoost,6.454545454545455,590.8030395507812
All,XGBoost,6.757575757575758,590.8030395507812
All,XGBoost,7.0606060606060606,593.2025756835938
All,XGBoost,7.363636363636364,593.2025756835938
All,XGBoost,7.666666666666667,593.2025756835938
All,XGBoost,7.96969696969697,593.2025756835938
All,XGBoost,8.272727272727273,591.9249877929688
All,XGBoost,8.575757575757576,591.9249877929688
All,XGBoost,8.878787878787879,591.9249877929688
All,XGBoost,9.181818181818182,592.1298828125
All,XGBoost,9.484848484848484,592.1298828125
All,XGBoost,9.787878787878789,592.1298828125
All,XGBoost,10.090909090909092,594.4130249023438
All,XGBoost,10.393939393939394,594.4130249023438
All,XGBoost,10.696969696969697,594.4130249023438
All,XGBoost,11.0,595.2117919921875
All,XGBoost,11.303030303030303,595.2117919921875
All,XGBoost,11.606060606060606,595.2117919921875
All,XGBoost,11.90909090909091,595.2117919921875
All,XGBoost,12.212121212121213,594.8162231445312
All,XGBoost,12.515151515151516,594.8162231445312
All,XGBoost,12.818181818181818,594.8162231445312
All,XGBoost,13.121212121212121,596.9921264648438
All,XGBoost,13.424242424242424,596.9921264648438
All,XGBoost,13.727272727272728,596.9921264648438
All,XGBoost,14.030303030303031,597.9530639648438
All,XGBoost,14.333333333333334,597.9530639648438
All,XGBoost,14.636363636363637,597.9530639648438
All,XGBoost,14.93939393939394,597.9530639648438
All,XGBoost,15.242424242424242,596.106689453125
All,XGBoost,15.545454545454547,596.106689453125
All,XGBoost,15.84848484848485,596.106689453125
All,XGBoost,16.151515151515152,597.3184814453125
All,XGBoost,16.454545454545453,597.3184814453125
All,XGBoost,16.757575757575758,597.3184814453125
All,XGBoost,17.060606060606062,598.1021728515625
All,XGBoost,17.363636363636363,598.1021728515625
All,XGBoost,17.666666666666668,598.1021728515625
All,XGBoost,17.96969696969697,598.1021728515625
All,XGBoost,18.272727272727273,597.5524291992188
All,XGBoost,18.575757575757578,597.5524291992188
All,XGBoost,18.87878787878788,597.5524291992188
All,XGBoost,19.181818181818183,597.4456176757812
All,XGBoost,19.484848484848484,597.4456176757812
All,XGBoost,19.78787878787879,597.4456176757812
All,XGBoost,20.09090909090909,600.5533447265625
All,XGBoost,20.393939393939394,600.5533447265625
All,XGBoost,20.6969696969697,600.5533447265625
All,XGBoost,21.0,601.3387451171875
All,XGBoost,21.303030303030305,601.3387451171875
All,XGBoost,21.606060606060606,601.3387451171875
All,XGBoost,21.90909090909091,601.3387451171875
All,XGBoost,22.21212121212121,602.311767578125
All,XGBoost,22.515151515151516,602.311767578125
All,XGBoost,22.81818181818182,602.311767578125
All,XGBoost,23.12121212121212,602.5929565429688
All,XGBoost,23.424242424242426,602.5929565429688
All,XGBoost,23.727272727272727,602.5929565429688
All,XGBoost,24.03030303030303,597.1590576171875
All,XGBoost,24.333333333333336,597.1590576171875
All,XGBoost,24.636363636363637,597.1590576171875
All,XGBoost,24.93939393939394,597.1590576171875
All,XGBoost,25.242424242424242,586.5111694335938
All,XGBoost,25.545454545454547,586.5111694335938
All,XGBoost,25.848484848484848,586.5111694335938
All,XGBoost,26.151515151515152,602.739013671875
All,XGBoost,26.454545454545457,602.739013671875
All,XGBoost,26.757575757575758,602.739013671875
All,XGBoost,27.060606060606062,593.6214599609375
All,XGBoost,27.363636363636363,593.6214599609375
All,XGBoost,27.666666666666668,593.6214599609375
All,XGBoost,27.96969696969697,593.6214599609375
All,XGBoost,28.272727272727273,587.8993530273438
All,XGBoost,28.575757575757578,587.8993530273438
All,XGBoost,28.87878787878788,587.8993530273438
All,XGBoost,29.181818181818183,585.5523071289062
All,XGBoost,29.484848484848484,585.5523071289062
All,XGBoost,29.78787878787879,585.5523071289062
All,XGBoost,30.090909090909093,584.7684936523438
All,XGBoost,30.393939393939394,584.7684936523438
All,XGBoost,30.6969696969697,584.7684936523438
All,XGBoost,31.0,609.1359252929688
Mornings,CatBoost,1.0,692.9437283281264
Mornings,CatBoost,1.303030303030303,692.9437283281264
Mornings,CatBoost,1.606060606060606,694.7781158291289
Mornings,CatBoost,1.9090909090909092,694.7781158291289
Mornings,CatBoost,2.212121212121212,694.7781158291289
Mornings,CatBoost,2.515151515151515,702.3905199050581
Mornings,CatBoost,2.8181818181818183,702.3905199050581
Mornings,CatBoost,3.121212121212121,702.3905199050581
Mornings,CatBoost,3.4242424242424243,702.3905199050581
Mornings,CatBoost,3.7272727272727275,707.0112207788147
Mornings,CatBoost,4.03030303030303,707.0112207788147
Mornings,CatBoost,4.333333333333334,707.0112207788147
Mornings,CatBoost,4.636363636363637,712.2229380784764
Mornings,CatBoost,4.9393939393939394,712.2229380784764
Mornings,CatBoost,5.242424242424242,712.2229380784764
Mornings,CatBoost,5.545454545454546,718.3600963565569
Mornings,CatBoost,5.848484848484849,718.3600963565569
Mornings,CatBoost,6.151515151515151,718.3600963565569
Mornings,CatBoost,6.454545454545455,718.3600963565569
Mornings,CatBoost,6.757575757575758,719.9338738043691
Mornings,CatBoost,7.0606060606060606,719.9338738043691
Mornings,CatBoost,7.363636363636364,719.9338738043691
Mornings,CatBoost,7.666666666666667,723.4985068595954
Mornings,CatBoost,7.96969696969697,723.4985068595954
Mornings,CatBoost,8.272727272727273,723.4985068595954
Mornings,CatBoost,8.575757575757576,721.2562824668854
Mornings,CatBoost,8.878787878787879,721.2562824668854
Mornings,CatBoost,9.181818181818182,721.2562824668854
Mornings,CatBoost,9.484848484848484,721.2562824668854
Mornings,CatBoost,9.787878787878789,722.6989703426013
Mornings,CatBoost,10.090909090909092,722.6989703426013
Mornings,CatBoost,10.393939393939394,722.6989703426013
Mornings,CatBoost,10.696969696969697,722.0804421333171
Mornings,CatBoost,11.0,722.0804421333171
Mornings,CatBoost,11.303030303030303,722.0804421333171
Mornings,CatBoost,11.606060606060606,722.6585707249094
Mornings,CatBoost,11.90909090909091,722.6585707249094
Mornings,CatBoost,12.212121212121213,722.6585707249094
Mornings,CatBoost,12.515151515151516,723.4251124348079
Mornings,CatBoost,12.818181818181818,723.4251124348079
Mornings,CatBoost,13.121212121212121,723.4251124348079
Mornings,CatBoost,13.424242424242424,723.4251124348079
Mornings,CatBoost,13.727272727272728,726.3969254471219
Mornings,CatBoost,14.030303030303031,726.3969254471219
Mornings,CatBoost,14.333333333333334,726.3969254471219
Mornings,CatBoost,14.636363636363637,727.6021082196362
Mornings,CatBoost,14.93939393939394,727.6021082196362
Mornings,CatBoost,15.242424242424242,727.6021082196362
Mornings,CatBoost,15.545454545454547,728.399478233459
Mornings,CatBoost,15.84848484848485,728.399478233459
Mornings,CatBoost,16.151515151515152,728.399478233459
Mornings,CatBoost,16.454545454545453,728.399478233459
Mornings,CatBoost,16.757575757575758,732.7824266271423
Mornings,CatBoost,17.060606060606062,732.7824266271423
Mornings,CatBoost,17.363636363636363,732.7824266271423
Mornings,CatBoost,17.666666666666668,731.8279361696682
Mornings,CatBoost,17.96969696969697,731.8279361696682
Mornings,CatBoost,18.272727272727273,731.8279361696682
Mornings,CatBoost,18.575757575757578,731.4529613405065
Mornings,CatBoost,18.87878787878788,731.4529613405065
Mornings,CatBoost,19.181818181818183,731.4529613405065
Mornings,CatBoost,19.484848484848484,731.4529613405065
Mornings,CatBoost,19.78787878787879,727.0101256961627
Mornings,CatBoost,20.09090909090909,727.0101256961627
Mornings,CatBoost,20.393939393939394,727.0101256961627
Mornings,CatBoost,20.6969696969697,725.2070340459443
Mornings,CatBoost,21.0,725.2070340459443
Mornings,CatBoost,21.303030303030305,725.2070340459443
Mornings,CatBoost,21.606060606060606,721.5236281953421
Mornings,CatBoost,21.90909090909091,721.5236281953421
Mornings,CatBoost,22.21212121212121,721.5236281953421
Mornings,CatBoost,22.515151515151516,718.0567047829704
Mornings,CatBoost,22.81818181818182,718.0567047829704
Mornings,CatBoost,23.12121212121212,718.0567047829704
Mornings,CatBoost,23.424242424242426,718.0567047829704
Mornings,CatBoost,23.727272727272727,707.296807761278
Mornings,CatBoost,24.03030303030303,707.296807761278
Mornings,CatBoost,24.333333333333336,707.296807761278
Mornings,CatBoost,24.636363636363637,702.5887037071376
Mornings,CatBoost,24.93939393939394,702.5887037071376
Mornings,CatBoost,25.242424242424242,702.5887037071376
Mornings,CatBoost,25.545454545454547,704.4541612296954
Mornings,CatBoost,25.848484848484848,704.4541612296954
Mornings,CatBoost,26.151515151515152,704.4541612296954
Mornings,CatBoost,26.454545454545457,704.4541612296954
Mornings,CatBoost,26.757575757575758,702.8009503176173
Mornings,CatBoost,27.060606060606062,702.8009503176173
Mornings,CatBoost,27.363636363636363,702.8009503176173
Mornings,CatBoost,27.666666666666668,703.1736517834304
Mornings,CatBoost,27.96969696969697,703.1736517834304
Mornings,CatBoost,28.272727272727273,703.1736517834304
Mornings,CatBoost,28.575757575757578,697.0720202001609
Mornings,CatBoost,28.87878787878788,697.0720202001609
Mornings,CatBoost,29.181818181818183,697.0720202001609
Mornings,CatBoost,29.484848484848484,697.0720202001609
Mornings,CatBoost,29.78787878787879,693.1603169840033
Mornings,CatBoost,30.090909090909093,693.1603169840033
Mornings,CatBoost,30.393939393939394,693.1603169840033
Mornings,CatBoost,30.6969696969697,686.5223842516085
Mornings,CatBoost,31.0,686.5223842516085
Mornings,LightGBM,1.0,696.7489721932026
Mornings,LightGBM,1.303030303030303,696.7489721932026
Mornings,LightGBM,1.606060606060606,697.7919318465423
Mornings,LightGBM,1.9090909090909092,697.7919318465423
Mornings,LightGBM,2.212121212121212,697.7919318465423
Mornings,LightGBM,2.515151515151515,703.189952946197
Mornings,LightGBM,2.8181818181818183,703.189952946197
Mornings,LightGBM,3.121212121212121,703.189952946197
Mornings,LightGBM,3.4242424242424243,703.189952946197
Mornings,LightGBM,3.7272727272727275,705.4081133042449
Mornings,LightGBM,4.03030303030303,705.4081133042449
Mornings,LightGBM,4.333333333333334,705.4081133042449
Mornings,LightGBM,4.636363636363637,711.035038840656
Mornings,LightGBM,4.9393939393939394,711.035038840656
Mornings,LightGBM,5.242424242424242,711.035038840656
Mornings,LightGBM,5.545454545454546,716.8289616975812
Mornings,LightGBM,5.848484848484849,716.8289616975812
Mornings,LightGBM,6.151515151515151,716.8289616975812
Mornings,LightGBM,6.454545454545455,716.8289616975812
Mornings,LightGBM,6.757575757575758,719.556922677465
Mornings,LightGBM,7.0606060606060606,719.556922677465
Mornings,LightGBM,7.363636363636364,719.556922677465
Mornings,LightGBM,7.666666666666667,723.7438165925695
Mornings,LightGBM,7.96969696969697,723.7438165925695
Mornings,LightGBM,8.272727272727273,723.7438165925695
Mornings,LightGBM,8.575757575757576,724.5169876212751
Mornings,LightGBM,8.878787878787879,724.5169876212751
Mornings,LightGBM,9.181818181818182,724.5169876212751
Mornings,LightGBM,9.484848484848484,724.5169876212751
Mornings,LightGBM,9.787878787878789,722.8545737561107
Mornings,LightGBM,10.090909090909092,722.8545737561107
Mornings,LightGBM,10.393939393939394,722.8545737561107
Mornings,LightGBM,10.696969696969697,722.3146434985753
Mornings,LightGBM,11.0,722.3146434985753
Mornings,LightGBM,11.303030303030303,722.3146434985753
Mornings,LightGBM,11.606060606060606,722.5355345862617
Mornings,LightGBM,11.90909090909091,722.5355345862617
Mornings,LightGBM,12.212121212121213,722.5355345862617
Mornings,LightGBM,12.515151515151516,724.0110601565693
Mornings,LightGBM,12.818181818181818,724.0110601565693
Mornings,LightGBM,13.121212121212121,724.0110601565693
Mornings,LightGBM,13.424242424242424,724.0110601565693
Mornings,LightGBM,13.727272727272728,725.5175498217748
Mornings,LightGBM,14.030303030303031,725.5175498217748
Mornings,LightGBM,14.333333333333334,725.5175498217748
Mornings,LightGBM,14.636363636363637,728.939707864643
Mornings,LightGBM,14.93939393939394,728.939707864643
Mornings,LightGBM,15.242424242424242,728.939707864643
Mornings,LightGBM,15.545454545454547,729.2454494140488
Mornings,LightGBM,15.84848484848485,729.2454494140488
Mornings,LightGBM,16.151515151515152,729.2454494140488
Mornings,LightGBM,16.454545454545453,729.2454494140488
Mornings,LightGBM,16.757575757575758,730.8766088758658
Mornings,LightGBM,17.060606060606062,730.8766088758658
Mornings,LightGBM,17.363636363636363,730.8766088758658
Mornings,LightGBM,17.666666666666668,730.4407225568486
Mornings,LightGBM,17.96969696969697,730.4407225568486
Mornings,LightGBM,18.272727272727273,730.4407225568486
Mornings,LightGBM,18.575757575757578,730.005207330299
Mornings,LightGBM,18.87878787878788,730.005207330299
Mornings,LightGBM,19.181818181818183,730.005207330299
Mornings,LightGBM,19.484848484848484,730.005207330299
Mornings,LightGBM,19.78787878787879,728.6695896668692
Mornings,LightGBM,20.09090909090909,728.6695896668692
Mornings,LightGBM,20.393939393939394,728.6695896668692
Mornings,LightGBM,20.6969696969697,726.5296682069807
Mornings,LightGBM,21.0,726.5296682069807
Mornings,LightGBM,21.303030303030305,726.5296682069807
Mornings,LightGBM,21.606060606060606,721.7284570384346
Mornings,LightGBM,21.90909090909091,721.7284570384346
Mornings,LightGBM,22.21212121212121,721.7284570384346
Mornings,LightGBM,22.515151515151516,717.4452606273627
Mornings,LightGBM,22.81818181818182,717.4452606273627
Mornings,LightGBM,23.12121212121212,717.4452606273627
Mornings,LightGBM,23.424242424242426,717.4452606273627
Mornings,LightGBM,23.727272727272727,709.7129353634352
Mornings,LightGBM,24.03030303030303,709.7129353634352
Mornings,LightGBM,24.333333333333336,709.7129353634352
Mornings,LightGBM,24.636363636363637,708.3979232577584
Mornings,LightGBM,24.93939393939394,708.3979232577584
Mornings,LightGBM,25.242424242424242,708.3979232577584
Mornings,LightGBM,25.545454545454547,708.9297956604516
Mornings,LightGBM,25.848484848484848,708.9297956604516
Mornings,LightGBM,26.151515151515152,708.9297956604516
Mornings,LightGBM,26.454545454545457,708.9297956604516
Mornings,LightGBM,26.757575757575758,702.71093696374
Mornings,LightGBM,27.060606060606062,702.71093696374
Mornings,LightGBM,27.363636363636363,702.71093696374
Mornings,LightGBM,27.666666666666668,701.06353438223
Mornings,LightGBM,27.96969696969697,701.06353438223
Mornings,LightGBM,28.272727272727273,701.06353438223
Mornings,LightGBM,28.575757575757578,695.7591841763298
Mornings,LightGBM,28.87878787878788,695.7591841763298
Mornings,LightGBM,29.181818181818183,695.7591841763298
Mornings,LightGBM,29.484848484848484,695.7591841763298
Mornings,LightGBM,29.78787878787879,692.6201326907795
Mornings,LightGBM,30.090909090909093,692.6201326907795
Mornings,LightGBM,30.393939393939394,692.6201326907795
Mornings,LightGBM,30.6969696969697,688.3148079763749
Mornings,LightGBM,31.0,688.3148079763749
Mornings,XGBoost,1.0,696.3032836914062
Mornings,XGBoost,1.303030303030303,696.3032836914062
Mornings,XGBoost,1.606060606060606,696.3032836914062
Mornings,XGBoost,1.9090909090909092,696.3032836914062
Mornings,XGBoost,2.212121212121212,695.2958984375
Mornings,XGBoost,2.515151515151515,695.2958984375
Mornings,XGBoost,2.8181818181818183,695.2958984375
Mornings,XGBoost,3.121212121212121,702.7369995117188
Mornings,XGBoost,3.4242424242424243,702.7369995117188
Mornings,XGBoost,3.7272727272727275,702.7369995117188
Mornings,XGBoost,4.03030303030303,707.6199340820312
Mornings,XGBoost,4.333333333333334,707.6199340820312
Mornings,XGBoost,4.636363636363637,707.6199340820312
Mornings,XGBoost,4.9393939393939394,707.6199340820312
Mornings,XGBoost,5.242424242424242,712.12939453125
Mornings,XGBoost,5.545454545454546,712.12939453125
Mornings,XGBoost,5.848484848484849,712.12939453125
Mornings,XGBoost,6.151515151515151,718.2667846679688
Mornings,XGBoost,6.454545454545455,718.2667846679688
Mornings,XGBoost,6.757575757575758,718.2667846679688
Mornings,XGBoost,7.0606060606060606,720.4617919921875
Mornings,XGBoost,7.363636363636364,720.4617919921875
Mornings,XGBoost,7.666666666666667,720.4617919921875
Mornings,XGBoost,7.96969696969697,720.4617919921875
Mornings,XGBoost,8.272727272727273,724.5670166015625
Mornings,XGBoost,8.575757575757576,724.5670166015625
Mornings,XGBoost,8.878787878787879,724.5670166015625
Mornings,XGBoost,9.181818181818182,721.6064453125
Mornings,XGBoost,9.484848484848484,721.6064453125
Mornings,XGBoost,9.787878787878789,721.6064453125
Mornings,XGBoost,10.090909090909092,721.4364013671875
Mornings,XGBoost,10.393939393939394,721.4364013671875
Mornings,XGBoost,10.696969696969697,721.4364013671875
Mornings,XGBoost,11.0,721.6910400390625
Mornings,XGBoost,11.303030303030303,721.6910400390625
Mornings,XGBoost,11.606060606060606,721.6910400390625
Mornings,XGBoost,11.90909090909091,721.6910400390625
Mornings,XGBoost,12.212121212121213,722.9996948242188
Mornings,XGBoost,12.515151515151516,722.9996948242188
Mornings,XGBoost,12.818181818181818,722.9996948242188
Mornings,XGBoost,13.121212121212121,723.1878662109375
Mornings,XGBoost,13.424242424242424,723.1878662109375
Mornings,XGBoost,13.727272727272728,723.1878662109375
Mornings,XGBoost,14.030303030303031,726.5366821289062
Mornings,XGBoost,14.333333333333334,726.5366821289062
Mornings,XGBoost,14.636363636363637,726.5366821289062
Mornings,XGBoost,14.93939393939394,726.5366821289062
Mornings,XGBoost,15.242424242424242,728.8372192382812
Mornings,XGBoost,15.545454545454547,728.8372192382812
Mornings,XGBoost,15.84848484848485,728.8372192382812
Mornings,XGBoost,16.151515151515152,727.5247802734375
Mornings,XGBoost,16.454545454545453,727.5247802734375
Mornings,XGBoost,16.757575757575758,727.5247802734375
Mornings,XGBoost,17.060606060606062,734.2556762695312
Mornings,XGBoost,17.363636363636363,734.2556762695312
Mornings,XGBoost,17.666666666666668,734.2556762695312
Mornings,XGBoost,17.96969696969697,734.2556762695312
Mornings,XGBoost,18.272727272727273,731.0772094726562
Mornings,XGBoost,18.575757575757578,731.0772094726562
Mornings,XGBoost,18.87878787878788,731.0772094726562
Mornings,XGBoost,19.181818181818183,731.7504272460938
Mornings,XGBoost,19.484848484848484,731.7504272460938
Mornings,XGBoost,19.78787878787879,731.7504272460938
Mornings,XGBoost,20.09090909090909,727.0399169921875
Mornings,XGBoost,20.393939393939394,727.0399169921875
Mornings,XGBoost,20.6969696969697,727.0399169921875
Mornings,XGBoost,21.0,724.4952392578125
Mornings,XGBoost,21.303030303030305,724.4952392578125
Mornings,XGBoost,21.606060606060606,724.4952392578125
Mornings,XGBoost,21.90909090909091,724.4952392578125
Mornings,XGBoost,22.21212121212121,718.666748046875
Mornings,XGBoost,22.515151515151516,718.666748046875
Mornings,XGBoost,22.81818181818182,718.666748046875
Mornings,XGBoost,23.12121212121212,716.4981079101562
Mornings,XGBoost,23.424242424242426,716.4981079101562
Mornings,XGBoost,23.727272727272727,716.4981079101562
Mornings,XGBoost,24.03030303030303,706.0635375976562
Mornings,XGBoost,24.333333333333336,706.0635375976562
Mornings,XGBoost,24.636363636363637,706.0635375976562
Mornings,XGBoost,24.93939393939394,706.0635375976562
Mornings,XGBoost,25.242424242424242,701.7020874023438
Mornings,XGBoost,25.545454545454547,701.7020874023438
Mornings,XGBoost,25.848484848484848,701.7020874023438
Mornings,XGBoost,26.151515151515152,702.4976806640625
Mornings,XGBoost,26.454545454545457,702.4976806640625
Mornings,XGBoost,26.757575757575758,702.4976806640625
Mornings,XGBoost,27.060606060606062,705.1655883789062
Mornings,XGBoost,27.363636363636363,705.1655883789062
Mornings,XGBoost,27.666666666666668,705.1655883789062
Mornings,XGBoost,27.96969696969697,705.1655883789062
Mornings,XGBoost,28.272727272727273,702.1737670898438
Mornings,XGBoost,28.575757575757578,702.1737670898438
Mornings,XGBoost,28.87878787878788,702.1737670898438
Mornings,XGBoost,29.181818181818183,698.1505126953125
Mornings,XGBoost,29.484848484848484,698.1505126953125
Mornings,XGBoost,29.78787878787879,698.1505126953125
Mornings,XGBoost,30.090909090909093,694.4369506835938
Mornings,XGBoost,30.393939393939394,694.4369506835938
Mornings,XGBoost,30.6969696969697,694.4369506835938
Mornings,XGBoost,31.0,687.5660400390625
Lunches,CatBoost,1.0,1091.5033150654012
Lunches,CatBoost,1.303030303030303,1091.5033150654012
Lunches,CatBoost,1.606060606060606,1115.0879680659357
Lunches,CatBoost,1.9090909090909092,1115.0879680659357
Lunches,CatBoost,2.212121212121212,1115.0879680659357
Lunches,CatBoost,2.515151515151515,1114.2168092303489
Lunches,CatBoost,2.8181818181818183,1114.2168092303489
Lunches,CatBoost,3.121212121212121,1114.2168092303489
Lunches,CatBoost,3.4242424242424243,1114.2168092303489
Lunches,CatBoost,3.7272727272727275,1116.9760665821536
Lunches,CatBoost,4.03030303030303,1116.9760665821536
Lunches,CatBoost,4.333333333333334,1116.9760665821536
Lunches,CatBoost,4.636363636363637,1118.7604408222082
Lunches,CatBoost,4.9393939393939394,1118.7604408222082
Lunches,CatBoost,5.242424242424242,1118.7604408222082
Lunches,CatBoost,5.545454545454546,1120.2516000788705
Lunches,CatBoost,5.848484848484849,1120.2516000788705
Lunches,CatBoost,6.151515151515151,1120.2516000788705
Lunches,CatBoost,6.454545454545455,1120.2516000788705
Lunches,CatBoost,6.757575757575758,1114.8653764597461
Lunches,CatBoost,7.0606060606060606,1114.8653764597461
Lunches,CatBoost,7.363636363636364,1114.8653764597461
Lunches,CatBoost,7.666666666666667,1112.961222214702
Lunches,CatBoost,7.96969696969697,1112.961222214702
Lunches,CatBoost,8.272727272727273,1112.961222214702
Lunches,CatBoost,8.575757575757576,1111.5001455719175
Lunches,CatBoost,8.878787878787879,1111.5001455719175
Lunches,CatBoost,9.181818181818182,1111.5001455719175
Lunches,CatBoost,9.484848484848484,1111.5001455719175
Lunches,CatBoost,9.787878787878789,1112.2277598024937
Lunches,CatBoost,10.090909090909092,1112.2277598024937
Lunches,CatBoost,10.393939393939394,1112.2277598024937
Lunches,CatBoost,10.696969696969697,1109.8310710193364
Lunches,CatBoost,11.0,1109.8310710193364
Lunches,CatBoost,11.303030303030303,1109.8310710193364
Lunches,CatBoost,11.606060606060606,1109.5957982818813
Lunches,CatBoost,11.90909090909091,1109.5957982818813
Lunches,CatBoost,12.212121212121213,1109.5957982818813
Lunches,CatBoost,12.515151515151516,1109.1459829331627
Lunches,CatBoost,12.818181818181818,1109.1459829331627
Lunches,CatBoost,13.121212121212121,1109.1459829331627
Lunches,CatBoost,13.424242424242424,1109.1459829331627
Lunches,CatBoost,13.727272727272728,1110.6114149145521
Lunches,CatBoost,14.030303030303031,1110.6114149145521
Lunches,CatBoost,14.333333333333334,1110.6114149145521
Lunches,CatBoost,14.636363636363637,1109.9340584400584
Lunches,CatBoost,14.93939393939394,1109.9340584400584
Lunches,CatBoost,15.242424242424242,1109.9340584400584
Lunches,CatBoost,15.545454545454547,1107.468515306593
Lunches,CatBoost,15.84848484848485,1107.468515306593
Lunches,CatBoost,16.151515151515152,1107.468515306593
Lunches,CatBoost,16.454545454545453,1107.468515306593
Lunches,CatBoost,16.757575757575758,1105.5340865976323
Lunches,CatBoost,17.060606060606062,1105.5340865976323
Lunches,CatBoost,17.363636363636363,1105.5340865976323
Lunches,CatBoost,17.666666666666668,1102.6904903371872
Lunches,CatBoost,17.96969696969697,1102.6904903371872
Lunches,CatBoost,18.272727272727273,1102.6904903371872
Lunches,CatBoost,18.575757575757578,1103.1693483842994
Lunches,CatBoost,18.87878787878788,1103.1693483842994
Lunches,CatBoost,19.181818181818183,1103.1693483842994
Lunches,CatBoost,19.484848484848484,1103.1693483842994
Lunches,CatBoost,19.78787878787879,1110.3233627606344
Lunches,CatBoost,20.09090909090909,1110.3233627606344
Lunches,CatBoost,20.393939393939394,1110.3233627606344
Lunches,CatBoost,20.6969696969697,1111.8227839121714
Lunches,CatBoost,21.0,1111.8227839121714
Lunches,CatBoost,21.303030303030305,1111.8227839121714
Lunches,CatBoost,21.606060606060606,1119.046313883879
Lunches,CatBoost,21.90909090909091,1119.046313883879
Lunches,CatBoost,22.21212121212121,1119.046313883879
Lunches,CatBoost,22.515151515151516,1124.030794942102
Lunches,CatBoost,22.81818181818182,1124.030794942102
Lunches,CatBoost,23.12121212121212,1124.030794942102
Lunches,CatBoost,23.424242424242426,1124.030794942102
Lunches,CatBoost,23.727272727272727,1122.1092106271497
Lunches,CatBoost,24.03030303030303,1122.1092106271497
Lunches,CatBoost,24.333333333333336,1122.1092106271497
Lunches,CatBoost,24.636363636363637,1120.454881037256
Lunches,CatBoost,24.93939393939394,1120.454881037256
Lunches,CatBoost,25.242424242424242,1120.454881037256
Lunches,CatBoost,25.545454545454547,1122.5177038818747
Lunches,CatBoost,25.848484848484848,1122.5177038818747
Lunches,CatBoost,26.151515151515152,1122.5177038818747
Lunches,CatBoost,26.454545454545457,1122.5177038818747
Lunches,CatBoost,26.757575757575758,1119.8817582488832
Lunches,CatBoost,27.060606060606062,1119.8817582488832
Lunches,CatBoost,27.363636363636363,1119.8817582488832
Lunches,CatBoost,27.666666666666668,1109.5959862699929
Lunches,CatBoost,27.96969696969697,1109.5959862699929
Lunches,CatBoost,28.272727272727273,1109.5959862699929
Lunches,CatBoost,28.575757575757578,1104.5426461405698
Lunches,CatBoost,28.87878787878788,1104.5426461405698
Lunches,CatBoost,29.181818181818183,1104.5426461405698
Lunches,CatBoost,29.484848484848484,1104.5426461405698
Lunches,CatBoost,29.78787878787879,1093.329099500706
Lunches,CatBoost,30.090909090909093,1093.329099500706
Lunches,CatBoost,30.393939393939394,1093.329099500706
Lunches,CatBoost,30.6969696969697,1094.1244527228735
Lunches,CatBoost,31.0,1094.1244527228735
Lunches,LightGBM,1.0,1100.36846845056
Lunches,LightGBM,1.303030303030303,1100.36846845056
Lunches,LightGBM,1.606060606060606,1115.4005097715785
Lunches,LightGBM,1.9090909090909092,1115.4005097715785
Lunches,LightGBM,2.212121212121212,1115.4005097715785
Lunches,LightGBM,2.515151515151515,1115.173134102302
Lunches,LightGBM,2.8181818181818183,1115.173134102302
Lunches,LightGBM,3.121212121212121,1115.173134102302
Lunches,LightGBM,3.4242424242424243,1115.173134102302
Lunches,LightGBM,3.7272727272727275,1116.6447865586326
Lunches,LightGBM,4.03030303030303,1116.6447865586326
Lunches,LightGBM,4.333333333333334,1116.6447865586326
Lunches,LightGBM,4.636363636363637,1121.3338759006806
Lunches,LightGBM,4.9393939393939394,1121.3338759006806
Lunches,LightGBM,5.242424242424242,1121.3338759006806
Lunches,LightGBM,5.545454545454546,1120.840070700229
Lunches,LightGBM,5.848484848484849,1120.840070700229
Lunches,LightGBM,6.151515151515151,1120.840070700229
Lunches,LightGBM,6.454545454545455,1120.840070700229
Lunches,LightGBM,6.757575757575758,1113.792264839079
Lunches,LightGBM,7.0606060606060606,1113.792264839079
Lunches,LightGBM,7.363636363636364,1113.792264839079
Lunches,LightGBM,7.666666666666667,1111.967913722251
Lunches,LightGBM,7.96969696969697,1111.967913722251
Lunches,LightGBM,8.272727272727273,1111.967913722251
Lunches,LightGBM,8.575757575757576,1112.4676405408763
Lunches,LightGBM,8.878787878787879,1112.4676405408763
Lunches,LightGBM,9.181818181818182,1112.4676405408763
Lunches,LightGBM,9.484848484848484,1112.4676405408763
Lunches,LightGBM,9.787878787878789,1112.768108739945
Lunches,LightGBM,10.090909090909092,1112.768108739945
Lunches,LightGBM,10.393939393939394,1112.768108739945
Lunches,LightGBM,10.696969696969697,1111.9677020811212
Lunches,LightGBM,11.0,1111.9677020811212
Lunches,LightGBM,11.303030303030303,1111.9677020811212
Lunches,LightGBM,11.606060606060606,1110.674103962205
Lunches,LightGBM,11.90909090909091,1110.674103962205
Lunches,LightGBM,12.212121212121213,1110.674103962205
Lunches,LightGBM,12.515151515151516,1108.6942571572642
Lunches,LightGBM,12.818181818181818,1108.6942571572642
Lunches,LightGBM,13.121212121212121,1108.6942571572642
Lunches,LightGBM,13.424242424242424,1108.6942571572642
Lunches,LightGBM,13.727272727272728,1108.2719300619938
Lunches,LightGBM,14.030303030303031,1108.2719300619938
Lunches,LightGBM,14.333333333333334,1108.2719300619938
Lunches,LightGBM,14.636363636363637,1108.3145230145146
Lunches,LightGBM,14.93939393939394,1108.3145230145146
Lunches,LightGBM,15.242424242424242,1108.3145230145146
Lunches,LightGBM,15.545454545454547,1106.637333696906
Lunches,LightGBM,15.84848484848485,1106.637333696906
Lunches,LightGBM,16.151515151515152,1106.637333696906
Lunches,LightGBM,16.454545454545453,1106.637333696906
Lunches,LightGBM,16.757575757575758,1106.4419154529537
Lunches,LightGBM,17.060606060606062,1106.4419154529537
Lunches,LightGBM,17.363636363636363,1106.4419154529537
Lunches,LightGBM,17.666666666666668,1104.960793993078
Lunches,LightGBM,17.96969696969697,1104.960793993078
Lunches,LightGBM,18.272727272727273,1104.960793993078
Lunches,LightGBM,18.575757575757578,1107.6158653188152
Lunches,LightGBM,18.87878787878788,1107.6158653188152
Lunches,LightGBM,19.181818181818183,1107.6158653188152
Lunches,LightGBM,19.484848484848484,1107.6158653188152
Lunches,LightGBM,19.78787878787879,1111.7656952716322
Lunches,LightGBM,20.09090909090909,1111.7656952716322
Lunches,LightGBM,20.393939393939394,1111.7656952716322
Lunches,LightGBM,20.6969696969697,1113.4227448322986
Lunches,LightGBM,21.0,1113.4227448322986
Lunches,LightGBM,21.303030303030305,1113.4227448322986
Lunches,LightGBM,21.606060606060606,1115.5442953371821
Lunches,LightGBM,21.90909090909091,1115.5442953371821
Lunches,LightGBM,22.21212121212121,1115.5442953371821
Lunches,LightGBM,22.515151515151516,1122.8285433263477
Lunches,LightGBM,22.81818181818182,1122.8285433263477
Lunches,LightGBM,23.12121212121212,1122.8285433263477
Lunches,LightGBM,23.424242424242426,1122.8285433263477
Lunches,LightGBM,23.727272727272727,1118.2262258661938
Lunches,LightGBM,24.03030303030303,1118.2262258661938
Lunches,LightGBM,24.333333333333336,1118.2262258661938
Lunches,LightGBM,24.636363636363637,1119.3871562992977
Lunches,LightGBM,24.93939393939394,1119.3871562992977
Lunches,LightGBM,25.242424242424242,1119.3871562992977
Lunches,LightGBM,25.545454545454547,1121.0126623272733
Lunches,LightGBM,25.848484848484848,1121.0126623272733
Lunches,LightGBM,26.151515151515152,1121.0126623272733
Lunches,LightGBM,26.454545454545457,1121.0126623272733
Lunches,LightGBM,26.757575757575758,1116.1250588176179
Lunches,LightGBM,27.060606060606062,1116.1250588176179
Lunches,LightGBM,27.363636363636363,1116.1250588176179
Lunches,LightGBM,27.666666666666668,1109.7691276419625
Lunches,LightGBM,27.96969696969697,1109.7691276419625
Lunches,LightGBM,28.272727272727273,1109.7691276419625
Lunches,LightGBM,28.575757575757578,1102.5022756623828
Lunches,LightGBM,28.87878787878788,1102.5022756623828
Lunches,LightGBM,29.181818181818183,1102.5022756623828
Lunches,LightGBM,29.484848484848484,1102.5022756623828
Lunches,LightGBM,29.78787878787879,1090.4516773656717
Lunches,LightGBM,30.090909090909093,1090.4516773656717
Lunches,LightGBM,30.393939393939394,1090.4516773656717
Lunches,LightGBM,30.6969696969697,1089.2670237260513
Lunches,LightGBM,31.0,1089.2670237260513
Afternoons,CatBoost,1.0,1211.4193033416748
Afternoons,CatBoost,1.303030303030303,1211.4193033416748
Afternoons,CatBoost,1.606060606060606,1215.6685627355157
Afternoons,CatBoost,1.9090909090909092,1215.6685627355157
Afternoons,CatBoost,2.212121212121212,1215.6685627355157
Afternoons,CatBoost,2.515151515151515,1214.5243797939218
Afternoons,CatBoost,2.8181818181818183,1214.5243797939218
Afternoons,CatBoost,3.121212121212121,1214.5243797939218
Afternoons,CatBoost,3.4242424242424243,1214.5243797939218
Afternoons,CatBoost,3.7272727272727275,1212.4813802716671
Afternoons,CatBoost,4.03030303030303,1212.4813802716671
Afternoons,CatBoost,4.333333333333334,1212.4813802716671
Afternoons,CatBoost,4.636363636363637,1218.1986120554288
Afternoons,CatBoost,4.9393939393939394,1218.1986120554288
Afternoons,CatBoost,5.242424242424242,1218.1986120554288
Afternoons,CatBoost,5.545454545454546,1223.1369036907279
Afternoons,CatBoost,5.848484848484849,1223.1369036907279
Afternoons,CatBoost,6.151515151515151,1223.1369036907279
Afternoons,CatBoost,6.454545454545455,1223.1369036907279
Afternoons,CatBoost,6.757575757575758,1223.301287403828
Afternoons,CatBoost,7.0606060606060606,1223.301287403828
Afternoons,CatBoost,7.363636363636364,1223.301287403828
Afternoons,CatBoost,7.666666666666667,1225.8977507430166
Afternoons,CatBoost,7.96969696969697,1225.8977507430166
Afternoons,CatBoost,8.272727272727273,1225.8977507430166
Afternoons,CatBoost,8.575757575757576,1227.0436914944114
Afternoons,CatBoost,8.878787878787879,1227.0436914944114
Afternoons,CatBoost,9.181818181818182,1227.0436914944114
Afternoons,CatBoost,9.484848484848484,1227.0436914944114
Afternoons,CatBoost,9.787878787878789,1228.8265361370802
Afternoons,CatBoost,10.090909090909092,1228.8265361370802
Afternoons,CatBoost,10.393939393939394,1228.8265361370802
Afternoons,CatBoost,10.696969696969697,1229.5305715728744
Afternoons,CatBoost,11.0,1229.5305715728744
Afternoons,CatBoost,11.303030303030303,1229.5305715728744
Afternoons,CatBoost,11.606060606060606,1232.9401231740774
Afternoons,CatBoost,11.90909090909091,1232.9401231740774
Afternoons,CatBoost,12.212121212121213,1232.9401231740774
Afternoons,CatBoost,12.515151515151516,1233.4446701504933
Afternoons,CatBoost,12.818181818181818,1233.4446701504933
Afternoons,CatBoost,13.121212121212121,1233.4446701504933
Afternoons,CatBoost,13.424242424242424,1233.4446701504933
Afternoons,CatBoost,13.727272727272728,1233.4746428409908
Afternoons,CatBoost,14.030303030303031,1233.4746428409908
Afternoons,CatBoost,14.333333333333334,1233.4746428409908
Afternoons,CatBoost,14.636363636363637,1231.8935684267515
Afternoons,CatBoost,14.93939393939394,1231.8935684267515
Afternoons,CatBoost,15.242424242424242,1231.8935684267515
Afternoons,CatBoost,15.545454545454547,1231.6708661391328
Afternoons,CatBoost,15.84848484848485,1231.6708661391328
Afternoons,CatBoost,16.151515151515152,1231.6708661391328
Afternoons,CatBoost,16.454545454545453,1231.6708661391328
Afternoons,CatBoost,16.757575757575758,1225.1870803508962
Afternoons,CatBoost,17.060606060606062,1225.1870803508962
Afternoons,CatBoost,17.363636363636363,1225.1870803508962
Afternoons,CatBoost,17.666666666666668,1226.7869463628474
Afternoons,CatBoost,17.96969696969697,1226.7869463628474
Afternoons,CatBoost,18.272727272727273,1226.7869463628474
Afternoons,CatBoost,18.575757575757578,1228.2894171214136
Afternoons,CatBoost,18.87878787878788,1228.2894171214136
Afternoons,CatBoost,19.181818181818183,1228.2894171214136
Afternoons,CatBoost,19.484848484848484,1228.2894171214136
Afternoons,CatBoost,19.78787878787879,1234.7817622205139
Afternoons,CatBoost,20.09090909090909,1234.7817622205139
Afternoons,CatBoost,20.393939393939394,1234.7817622205139
Afternoons,CatBoost,20.6969696969697,1236.1701158273017
Afternoons,CatBoost,21.0,1236.1701158273017
Afternoons,CatBoost,21.303030303030305,1236.1701158273017
Afternoons,CatBoost,21.606060606060606,1235.8868275284467
Afternoons,CatBoost,21.90909090909091,1235.8868275284467
Afternoons,CatBoost,22.21212121212121,1235.8868275284467
Afternoons,CatBoost,22.515151515151516,1231.7571831101407
Afternoons,CatBoost,22.81818181818182,1231.7571831101407
Afternoons,CatBoost,23.12121212121212,1231.7571831101407
Afternoons,CatBoost,23.424242424242426,1231.7571831101407
Afternoons,CatBoost,23.727272727272727,1221.0648716559056
Afternoons,CatBoost,24.03030303030303,1221.0648716559056
Afternoons,CatBoost,24.333333333333336,1221.0648716559056
Afternoons,CatBoost,24.636363636363637,1220.070123389945
Afternoons,CatBoost,24.93939393939394,1220.070123389945
Afternoons,CatBoost,25.242424242424242,1220.070123389945
Afternoons,CatBoost,25.545454545454547,1222.5636964096004
Afternoons,CatBoost,25.848484848484848,1222.5636964096004
Afternoons,CatBoost,26.151515151515152,1222.5636964096004
Afternoons,CatBoost,26.454545454545457,1222.5636964096004
Afternoons,CatBoost,26.757575757575758,1224.638065044919
Afternoons,CatBoost,27.060606060606062,1224.638065044919
Afternoons,CatBoost,27.363636363636363,1224.638065044919
Afternoons,CatBoost,27.666666666666668,1220.4236361826092
Afternoons,CatBoost,27.96969696969697,1220.4236361826092
Afternoons,CatBoost,28.272727272727273,1220.4236361826092
Afternoons,CatBoost,28.575757575757578,1212.602363335986
Afternoons,CatBoost,28.87878787878788,1212.602363335986
Afternoons,CatBoost,29.181818181818183,1212.602363335986
Afternoons,CatBoost,29.484848484848484,1212.602363335986
Afternoons,CatBoost,29.78787878787879,1194.263832967586
Afternoons,CatBoost,30.090909090909093,1194.263832967586
Afternoons,CatBoost,30.393939393939394,1194.263832967586
Afternoons,CatBoost,30.6969696969697,1189.0394247822455
Afternoons,CatBoost,31.0,1189.0394247822455
Afternoons,XGBoost,1.0,1217.0631103515625
Afternoons,XGBoost,1.303030303030303,1217.0631103515625
Afternoons,XGBoost,1.606060606060606,1217.0631103515625
Afternoons,XGBoost,1.9090909090909092,1217.0631103515625
Afternoons,XGBoost,2.212121212121212,1220.4888916015625
Afternoons,XGBoost,2.515151515151515,1220.4888916015625
Afternoons,XGBoost,2.8181818181818183,1220.4888916015625
Afternoons,XGBoost,3.121212121212121,1218.4498291015625
Afternoons,XGBoost,3.4242424242424243,1218.4498291015625
Afternoons,XGBoost,3.7272727272727275,1218.4498291015625
Afternoons,XGBoost,4.03030303030303,1221.0299072265625
Afternoons,XGBoost,4.333333333333334,1221.0299072265625
Afternoons,XGBoost,4.636363636363637,1221.0299072265625
Afternoons,XGBoost,4.9393939393939394,1221.0299072265625
Afternoons,XGBoost,5.242424242424242,1223.86181640625
Afternoons,XGBoost,5.545454545454546,1223.86181640625
Afternoons,XGBoost,5.848484848484849,1223.86181640625
Afternoons,XGBoost,6.151515151515151,1224.23828125
Afternoons,XGBoost,6.454545454545455,1224.23828125
Afternoons,XGBoost,6.757575757575758,1224.23828125
Afternoons,XGBoost,7.0606060606060606,1222.2928466796875
Afternoons,XGBoost,7.363636363636364,1222.2928466796875
Afternoons,XGBoost,7.666666666666667,1222.2928466796875
Afternoons,XGBoost,7.96969696969697,1222.2928466796875
Afternoons,XGBoost,8.272727272727273,1229.42724609375
Afternoons,XGBoost,8.575757575757576,1229.42724609375
Afternoons,XGBoost,8.878787878787879,1229.42724609375
Afternoons,XGBoost,9.181818181818182,1224.396728515625
Afternoons,XGBoost,9.484848484848484,1224.396728515625
Afternoons,XGBoost,9.787878787878789,1224.396728515625
Afternoons,XGBoost,10.090909090909092,1227.915283203125
Afternoons,XGBoost,10.393939393939394,1227.915283203125
Afternoons,XGBoost,10.696969696969697,1227.915283203125
Afternoons,XGBoost,11.0,1230.5523681640625
Afternoons,XGBoost,11.303030303030303,1230.5523681640625
Afternoons,XGBoost,11.606060606060606,1230.5523681640625
Afternoons,XGBoost,11.90909090909091,1230.5523681640625
Afternoons,XGBoost,12.212121212121213,1230.7679443359375
Afternoons,XGBoost,12.515151515151516,1230.7679443359375
Afternoons,XGBoost,12.818181818181818,1230.7679443359375
Afternoons,XGBoost,13.121212121212121,1232.922119140625
Afternoons,XGBoost,13.424242424242424,1232.922119140625
Afternoons,XGBoost,13.727272727272728,1232.922119140625
Afternoons,XGBoost,14.030303030303031,1234.3232421875
Afternoons,XGBoost,14.333333333333334,1234.3232421875
Afternoons,XGBoost,14.636363636363637,1234.3232421875
Afternoons,XGBoost,14.93939393939394,1234.3232421875
Afternoons,XGBoost,15.242424242424242,1233.892822265625
Afternoons,XGBoost,15.545454545454547,1233.892822265625
Afternoons,XGBoost,15.84848484848485,1233.892822265625
Afternoons,XGBoost,16.151515151515152,1235.5379638671875
Afternoons,XGBoost,16.454545454545453,1235.5379638671875
Afternoons,XGBoost,16.757575757575758,1235.5379638671875
Afternoons,XGBoost,17.060606060606062,1230.08056640625
Afternoons,XGBoost,17.363636363636363,1230.08056640625
Afternoons,XGBoost,17.666666666666668,1230.08056640625
Afternoons,XGBoost,17.96969696969697,1230.08056640625
Afternoons,XGBoost,18.272727272727273,1225.9583740234375
Afternoons,XGBoost,18.575757575757578,1225.9583740234375
Afternoons,XGBoost,18.87878787878788,1225.9583740234375
Afternoons,XGBoost,19.181818181818183,1224.621826171875
Afternoons,XGBoost,19.484848484848484,1224.621826171875
Afternoons,XGBoost,19.78787878787879,1224.621826171875
Afternoons,XGBoost,20.09090909090909,1232.418701171875
Afternoons,XGBoost,20.393939393939394,1232.418701171875
Afternoons,XGBoost,20.6969696969697,1232.418701171875
Afternoons,XGBoost,21.0,1233.71337890625
Afternoons,XGBoost,21.303030303030305,1233.71337890625
Afternoons,XGBoost,21.606060606060606,1233.71337890625
Afternoons,XGBoost,21.90909090909091,1233.71337890625
Afternoons,XGBoost,22.21212121212121,1231.8057861328125
Afternoons,XGBoost,22.515151515151516,1231.8057861328125
Afternoons,XGBoost,22.81818181818182,1231.8057861328125
Afternoons,XGBoost,23.12121212121212,1229.8330078125
Afternoons,XGBoost,23.424242424242426,1229.8330078125
Afternoons,XGBoost,23.727272727272727,1229.8330078125
Afternoons,XGBoost,24.03030303030303,1221.2576904296875
Afternoons,XGBoost,24.333333333333336,1221.2576904296875
Afternoons,XGBoost,24.636363636363637,1221.2576904296875
Afternoons,XGBoost,24.93939393939394,1221.2576904296875
Afternoons,XGBoost,25.242424242424242,1220.96630859375
Afternoons,XGBoost,25.545454545454547,1220.96630859375
Afternoons,XGBoost,25.848484848484848,1220.96630859375
Afternoons,XGBoost,26.151515151515152,1221.4677734375
Afternoons,XGBoost,26.454545454545457,1221.4677734375
Afternoons,XGBoost,26.757575757575758,1221.4677734375
Afternoons,XGBoost,27.060606060606062,1224.859375
Afternoons,XGBoost,27.363636363636363,1224.859375
Afternoons,XGBoost,27.666666666666668,1224.859375
Afternoons,XGBoost,27.96969696969697,1224.859375
Afternoons,XGBoost,28.272727272727273,1222.6229248046875
Afternoons,XGBoost,28.575757575757578,1222.6229248046875
Afternoons,XGBoost,28.87878787878788,1222.6229248046875
Afternoons,XGBoost,29.181818181818183,1215.25146484375
Afternoons,XGBoost,29.484848484848484,1215.25146484375
Afternoons,XGBoost,29.78787878787879,1215.25146484375
Afternoons,XGBoost,30.090909090909093,1195.2750244140625
Afternoons,XGBoost,30.393939393939394,1195.2750244140625
Afternoons,XGBoost,30.6969696969697,1195.2750244140625
Afternoons,XGBoost,31.0,1181.566650390625
Evenings,LightGBM,1.0,532.1989516310266
Evenings,LightGBM,1.303030303030303,532.1989516310266
Evenings,LightGBM,1.606060606060606,531.550353474305
Evenings,LightGBM,1.9090909090909092,531.550353474305
Evenings,LightGBM,2.212121212121212,531.550353474305
Evenings,LightGBM,2.515151515151515,531.1065403532962
Evenings,LightGBM,2.8181818181818183,531.1065403532962
Evenings,LightGBM,3.121212121212121,531.1065403532962
Evenings,LightGBM,3.4242424242424243,531.1065403532962
Evenings,LightGBM,3.7272727272727275,534.5524663351088
Evenings,LightGBM,4.03030303030303,534.5524663351088
Evenings,LightGBM,4.333333333333334,534.5524663351088
Evenings,LightGBM,4.636363636363637,535.8235749139628
Evenings,LightGBM,4.9393939393939394,535.8235749139628
Evenings,LightGBM,5.242424242424242,535.8235749139628
Evenings,LightGBM,5.545454545454546,536.1560466027306
Evenings,LightGBM,5.848484848484849,536.1560466027306
Evenings,LightGBM,6.151515151515151,536.1560466027306
Evenings,LightGBM,6.454545454545455,536.1560466027306
Evenings,LightGBM,6.757575757575758,535.561269747752
Evenings,LightGBM,7.0606060606060606,535.561269747752
Evenings,LightGBM,7.363636363636364,535.561269747752
Evenings,LightGBM,7.666666666666667,536.911169707124
Evenings,LightGBM,7.96969696969697,536.911169707124
Evenings,LightGBM,8.272727272727273,536.911169707124
Evenings,LightGBM,8.575757575757576,536.4410150307447
Evenings,LightGBM,8.878787878787879,536.4410150307447
Evenings,LightGBM,9.181818181818182,536.4410150307447
Evenings,LightGBM,9.484848484848484,536.4410150307447
Evenings,LightGBM,9.787878787878789,536.5030495944142
Evenings,LightGBM,10.090909090909092,536.5030495944142
Evenings,LightGBM,10.393939393939394,536.5030495944142
Evenings,LightGBM,10.696969696969697,538.5770439167151
Evenings,LightGBM,11.0,538.5770439167151
Evenings,LightGBM,11.303030303030303,538.5770439167151
Evenings,LightGBM,11.606060606060606,538.8023445680242
Evenings,LightGBM,11.90909090909091,538.8023445680242
Evenings,LightGBM,12.212121212121213,538.8023445680242
Evenings,LightGBM,12.515151515151516,537.7293207955595
Evenings,LightGBM,12.818181818181818,537.7293207955595
Evenings,LightGBM,13.121212121212121,537.7293207955595
Evenings,LightGBM,13.424242424242424,537.7293207955595
Evenings,LightGBM,13.727272727272728,537.5326276189558
Evenings,LightGBM,14.030303030303031,537.5326276189558
Evenings,LightGBM,14.333333333333334,537.5326276189558
Evenings,LightGBM,14.636363636363637,539.7181283177189
Evenings,LightGBM,14.93939393939394,539.7181283177189
Evenings,LightGBM,15.242424242424242,539.7181283177189
Evenings,LightGBM,15.545454545454547,539.7401806561339
Evenings,LightGBM,15.84848484848485,539.7401806561339
Evenings,LightGBM,16.151515151515152,539.7401806561339
Evenings,LightGBM,16.454545454545453,539.7401806561339
Evenings,LightGBM,16.757575757575758,537.7224197014175
Evenings,LightGBM,17.060606060606062,537.7224197014175
Evenings,LightGBM,17.363636363636363,537.7224197014175
Evenings,LightGBM,17.666666666666668,538.4537353304571
Evenings,LightGBM,17.96969696969697,538.4537353304571
Evenings,LightGBM,18.272727272727273,538.4537353304571
Evenings,LightGBM,18.575757575757578,538.931376708036
Evenings,LightGBM,18.87878787878788,538.931376708036
Evenings,LightGBM,19.181818181818183,538.931376708036
Evenings,LightGBM,19.484848484848484,538.931376708036
Evenings,LightGBM,19.78787878787879,539.9161517503338
Evenings,LightGBM,20.09090909090909,539.9161517503338
Evenings,LightGBM,20.393939393939394,539.9161517503338
Evenings,LightGBM,20.6969696969697,541.8030970769356
Evenings,LightGBM,21.0,541.8030970769356
Evenings,LightGBM,21.303030303030305,541.8030970769356
Evenings,LightGBM,21.606060606060606,543.1701493673816
Evenings,LightGBM,21.90909090909091,543.1701493673816
Evenings,LightGBM,22.21212121212121,543.1701493673816
Evenings,LightGBM,22.515151515151516,543.8873331463122
Evenings,LightGBM,22.81818181818182,543.8873331463122
Evenings,LightGBM,23.12121212121212,543.8873331463122
Evenings,LightGBM,23.424242424242426,543.8873331463122
Evenings,LightGBM,23.727272727272727,544.6375274611686
Evenings,LightGBM,24.03030303030303,544.6375274611686
Evenings,LightGBM,24.333333333333336,544.6375274611686
Evenings,LightGBM,24.636363636363637,541.1018166839564
Evenings,LightGBM,24.93939393939394,541.1018166839564
Evenings,LightGBM,25.242424242424242,541.1018166839564
Evenings,LightGBM,25.545454545454547,536.6677795028402
Evenings,LightGBM,25.848484848484848,536.6677795028402
Evenings,LightGBM,26.151515151515152,536.6677795028402
Evenings,LightGBM,26.454545454545457,536.6677795028402
Evenings,LightGBM,26.757575757575758,537.4871845891046
Evenings,LightGBM,27.060606060606062,537.4871845891046
Evenings,LightGBM,27.363636363636363,537.4871845891046
Evenings,LightGBM,27.666666666666668,534.2153805713216
Evenings,LightGBM,27.96969696969697,534.2153805713216
Evenings,LightGBM,28.272727272727273,534.2153805713216
Evenings,LightGBM,28.575757575757578,531.8524630258001
Evenings,LightGBM,28.87878787878788,531.8524630258001
Evenings,LightGBM,29.181818181818183,531.8524630258001
Evenings,LightGBM,29.484848484848484,531.8524630258001
Evenings,LightGBM,29.78787878787879,525.341610292594
Evenings,LightGBM,30.090909090909093,525.341610292594
Evenings,LightGBM,30.393939393939394,525.341610292594
Evenings,LightGBM,30.6969696969697,611.1262196046906
Evenings,LightGBM,31.0,611.1262196046906
Evenings,XGBoost,1.0,533.338134765625
Evenings,XGBoost,1.303030303030303,533.338134765625
Evenings,XGBoost,1.606060606060606,533.338134765625
Evenings,XGBoost,1.9090909090909092,533.338134765625
Evenings,XGBoost,2.212121212121212,530.7070922851562
Evenings,XGBoost,2.515151515151515,530.7070922851562
Evenings,XGBoost,2.8181818181818183,530.7070922851562
Evenings,XGBoost,3.121212121212121,532.1687622070312
Evenings,XGBoost,3.4242424242424243,532.1687622070312
Evenings,XGBoost,3.7272727272727275,532.1687622070312
Evenings,XGBoost,4.03030303030303,536.6934814453125
Evenings,XGBoost,4.333333333333334,536.6934814453125
Evenings,XGBoost,4.636363636363637,536.6934814453125
Evenings,XGBoost,4.9393939393939394,536.6934814453125
Evenings,XGBoost,5.242424242424242,535.3157348632812
Evenings,XGBoost,5.545454545454546,535.3157348632812
Evenings,XGBoost,5.848484848484849,535.3157348632812
Evenings,XGBoost,6.151515151515151,534.7421264648438
Evenings,XGBoost,6.454545454545455,534.7421264648438
Evenings,XGBoost,6.757575757575758,534.7421264648438
Evenings,XGBoost,7.0606060606060606,535.4588623046875
Evenings,XGBoost,7.363636363636364,535.4588623046875
Evenings,XGBoost,7.666666666666667,535.4588623046875
Evenings,XGBoost,7.96969696969697,535.4588623046875
Evenings,XGBoost,8.272727272727273,538.5852661132812
Evenings,XGBoost,8.575757575757576,538.5852661132812
Evenings,XGBoost,8.878787878787879,538.5852661132812
Evenings,XGBoost,9.181818181818182,535.1565551757812
Evenings,XGBoost,9.484848484848484,535.1565551757812
Evenings,XGBoost,9.787878787878789,535.1565551757812
Evenings,XGBoost,10.090909090909092,535.029541015625
Evenings,XGBoost,10.393939393939394,535.029541015625
Evenings,XGBoost,10.696969696969697,535.029541015625
Evenings,XGBoost,11.0,539.8212890625
Evenings,XGBoost,11.303030303030303,539.8212890625
Evenings,XGBoost,11.606060606060606,539.8212890625
Evenings,XGBoost,11.90909090909091,539.8212890625
Evenings,XGBoost,12.212121212121213,543.06494140625
Evenings,XGBoost,12.515151515151516,543.06494140625
Evenings,XGBoost,12.818181818181818,543.06494140625
Evenings,XGBoost,13.121212121212121,538.3143920898438
Evenings,XGBoost,13.424242424242424,538.3143920898438
Evenings,XGBoost,13.727272727272728,538.3143920898438
Evenings,XGBoost,14.030303030303031,538.16845703125
Evenings,XGBoost,14.333333333333334,538.16845703125
Evenings,XGBoost,14.636363636363637,538.16845703125
Evenings,XGBoost,14.93939393939394,538.16845703125
Evenings,XGBoost,15.242424242424242,538.4303588867188
Evenings,XGBoost,15.545454545454547,538.4303588867188
Evenings,XGBoost,15.84848484848485,538.4303588867188
Evenings,XGBoost,16.151515151515152,539.2613525390625
Evenings,XGBoost,16.454545454545453,539.2613525390625
Evenings,XGBoost,16.757575757575758,539.2613525390625
Evenings,XGBoost,17.060606060606062,538.8012084960938
Evenings,XGBoost,17.363636363636363,538.8012084960938
Evenings,XGBoost,17.666666666666668,538.8012084960938
Evenings,XGBoost,17.96969696969697,538.8012084960938
Evenings,XGBoost,18.272727272727273,541.0269775390625
Evenings,XGBoost,18.575757575757578,541.0269775390625
Evenings,XGBoost,18.87878787878788,541.0269775390625
Evenings,XGBoost,19.181818181818183,540.706298828125
Evenings,XGBoost,19.484848484848484,540.706298828125
Evenings,XGBoost,19.78787878787879,540.706298828125
Evenings,XGBoost,20.09090909090909,538.4886474609375
Evenings,XGBoost,20.393939393939394,538.4886474609375
Evenings,XGBoost,20.6969696969697,538.4886474609375
Evenings,XGBoost,21.0,543.3955078125
Evenings,XGBoost,21.303030303030305,543.3955078125
Evenings,XGBoost,21.606060606060606,543.3955078125
Evenings,XGBoost,21.90909090909091,543.3955078125
Evenings,XGBoost,22.21212121212121,547.1785278320312
Evenings,XGBoost,22.515151515151516,547.1785278320312
Evenings,XGBoost,22.81818181818182,547.1785278320312
Evenings,XGBoost,23.12121212121212,547.4163208007812
Evenings,XGBoost,23.424242424242426,547.4163208007812
Evenings,XGBoost,23.727272727272727,547.4163208007812
Evenings,XGBoost,24.03030303030303,550.564453125
Evenings,XGBoost,24.333333333333336,550.564453125
Evenings,XGBoost,24.636363636363637,550.564453125
Evenings,XGBoost,24.93939393939394,550.564453125
Evenings,XGBoost,25.242424242424242,544.0565795898438
Evenings,XGBoost,25.545454545454547,544.0565795898438
Evenings,XGBoost,25.848484848484848,544.0565795898438
Evenings,XGBoost,26.151515151515152,538.5055541992188
Evenings,XGBoost,26.454545454545457,538.5055541992188
Evenings,XGBoost,26.757575757575758,538.5055541992188
Evenings,XGBoost,27.060606060606062,539.3931274414062
Evenings,XGBoost,27.363636363636363,539.3931274414062
Evenings,XGBoost,27.666666666666668,539.3931274414062
Evenings,XGBoost,27.96969696969697,539.3931274414062
Evenings,XGBoost,28.272727272727273,537.9204711914062
Evenings,XGBoost,28.575757575757578,537.9204711914062
Evenings,XGBoost,28.87878787878788,537.9204711914062
Evenings,XGBoost,29.181818181818183,538.615478515625
Evenings,XGBoost,29.484848484848484,538.615478515625
Evenings,XGBoost,29.78787878787879,538.615478515625
Evenings,XGBoost,30.090909090909093,525.460205078125
Evenings,XGBoost,30.393939393939394,525.460205078125
Evenings,XGBoost,30.6969696969697,525.460205078125
Evenings,XGBoost,31.0,623.74755859375
Mornings Special,CatBoost,1.0,293.96915143877334
Mornings Special,CatBoost,1.303030303030303,293.96915143877334
Mornings Special,CatBoost,1.606060606060606,283.6869252420465
Mornings Special,CatBoost,1.9090909090909092,283.6869252420465
Mornings Special,CatBoost,2.212121212121212,283.6869252420465
Mornings Special,CatBoost,2.515151515151515,283.8559729387799
Mornings Special,CatBoost,2.8181818181818183,283.8559729387799
Mornings Special,CatBoost,3.121212121212121,283.8559729387799
Mornings Special,CatBoost,3.4242424242424243,283.8559729387799
Mornings Special,CatBoost,3.7272727272727275,285.90036673832066
Mornings Special,CatBoost,4.03030303030303,285.90036673832066
Mornings Special,CatBoost,4.333333333333334,285.90036673832066
Mornings Special,CatBoost,4.636363636363637,289.5419544323641
Mornings Special,CatBoost,4.9393939393939394,289.5419544323641
Mornings Special,CatBoost,5.242424242424242,289.5419544323641
Mornings Special,CatBoost,5.545454545454546,290.98209345028545
Mornings Special,CatBoost,5.848484848484849,290.98209345028545
Mornings Special,CatBoost,6.151515151515151,290.98209345028545
Mornings Special,CatBoost,6.454545454545455,290.98209345028545
Mornings Special,CatBoost,6.757575757575758,292.83635523211046
Mornings Special,CatBoost,7.0606060606060606,292.83635523211046
Mornings Special,CatBoost,7.363636363636364,292.83635523211046
Mornings Special,CatBoost,7.666666666666667,291.84691832613163
Mornings Special,CatBoost,7.96969696969697,291.84691832613163
Mornings Special,CatBoost,8.272727272727273,291.84691832613163
Mornings Special,CatBoost,8.575757575757576,292.77760444698265
Mornings Special,CatBoost,8.878787878787879,292.77760444698265
Mornings Special,CatBoost,9.181818181818182,292.77760444698265
Mornings Special,CatBoost,9.484848484848484,292.77760444698265
Mornings Special,CatBoost,9.787878787878789,293.04862513952605
Mornings Special,CatBoost,10.090909090909092,293.04862513952605
Mornings Special,CatBoost,10.393939393939394,293.04862513952605
Mornings Special,CatBoost,10.696969696969697,296.4461397005975
Mornings Special,CatBoost,11.0,296.4461397005975
Mornings Special,CatBoost,11.303030303030303,296.4461397005975
Mornings Special,CatBoost,11.606060606060606,298.86073092667624
Mornings Special,CatBoost,11.90909090909091,298.86073092667624
Mornings Special,CatBoost,12.212121212121213,298.86073092667624
Mornings Special,CatBoost,12.515151515151516,303.071842054773
Mornings Special,CatBoost,12.818181818181818,303.071842054773
Mornings Special,CatBoost,13.121212121212121,303.071842054773
Mornings Special,CatBoost,13.424242424242424,303.071842054773
Mornings Special,CatBoost,13.727272727272728,302.77045451773427
Mornings Special,CatBoost,14.030303030303031,302.77045451773427
Mornings Special,CatBoost,14.333333333333334,302.77045451773427
Mornings Special,CatBoost,14.636363636363637,301.82035217182266
Mornings Special,CatBoost,14.93939393939394,301.82035217182266
Mornings Special,CatBoost,15.242424242424242,301.82035217182266
Mornings Special,CatBoost,15.545454545454547,303.46817258024447
Mornings Special,CatBoost,15.84848484848485,303.46817258024447
Mornings Special,CatBoost,16.151515151515152,303.46817258024447
Mornings Special,CatBoost,16.454545454545453,303.46817258024447
Mornings Special,CatBoost,16.757575757575758,302.32205346125016
Mornings Special,CatBoost,17.060606060606062,302.32205346125016
Mornings Special,CatBoost,17.363636363636363,302.32205346125016
Mornings Special,CatBoost,17.666666666666668,300.94813932545867
Mornings Special,CatBoost,17.96969696969697,300.94813932545867
Mornings Special,CatBoost,18.272727272727273,300.94813932545867
Mornings Special,CatBoost,18.575757575757578,300.35839885205195
Mornings Special,CatBoost,18.87878787878788,300.35839885205195
Mornings Special,CatBoost,19.181818181818183,300.35839885205195
Mornings Special,CatBoost,19.484848484848484,300.35839885205195
Mornings Special,CatBoost,19.78787878787879,300.2221491198328
Mornings Special,CatBoost,20.09090909090909,300.2221491198328
Mornings Special,CatBoost,20.393939393939394,300.2221491198328
Mornings Special,CatBoost,20.6969696969697,300.16966610923436
Mornings Special,CatBoost,21.0,300.16966610923436
Mornings Special,CatBoost,21.303030303030305,300.16966610923436
Mornings Special,CatBoost,21.606060606060606,301.3860152897515
Mornings Special,CatBoost,21.90909090909091,301.3860152897515
Mornings Special,CatBoost,22.21212121212121,301.3860152897515
Mornings Special,CatBoost,22.515151515151516,302.72543523048535
Mornings Special,CatBoost,22.81818181818182,302.72543523048535
Mornings Special,CatBoost,23.12121212121212,302.72543523048535
Mornings Special,CatBoost,23.424242424242426,302.72543523048535
Mornings Special,CatBoost,23.727272727272727,305.0770665066718
Mornings Special,CatBoost,24.03030303030303,305.0770665066718
Mornings Special,CatBoost,24.333333333333336,305.0770665066718
Mornings Special,CatBoost,24.636363636363637,312.8542295449345
Mornings Special,CatBoost,24.93939393939394,312.8542295449345
Mornings Special,CatBoost,25.242424242424242,312.8542295449345
Mornings Special,CatBoost,25.545454545454547,339.05601116622887
Mornings Special,CatBoost,25.848484848484848,339.05601116622887
Mornings Special,CatBoost,26.151515151515152,339.05601116622887
Mornings Special,CatBoost,26.454545454545457,339.05601116622887
Mornings Special,CatBoost,26.757575757575758,306.58211181118963
Mornings Special,CatBoost,27.060606060606062,306.58211181118963
Mornings Special,CatBoost,27.363636363636363,306.58211181118963
Mornings Special,CatBoost,27.666666666666668,303.14770753077164
Mornings Special,CatBoost,27.96969696969697,303.14770753077164
Mornings Special,CatBoost,28.272727272727273,303.14770753077164
Mornings Special,CatBoost,28.575757575757578,296.2727680289517
Mornings Special,CatBoost,28.87878787878788,296.2727680289517
Mornings Special,CatBoost,29.181818181818183,296.2727680289517
Mornings Special,CatBoost,29.484848484848484,296.2727680289517
Mornings Special,CatBoost,29.78787878787879,295.8506164111968
Mornings Special,CatBoost,30.090909090909093,295.8506164111968
Mornings Special,CatBoost,30.393939393939394,295.8506164111968
Mornings Special,CatBoost,30.6969696969697,283.8863169860226
Mornings Special,CatBoost,31.0,283.8863169860226
Mornings Special,LightGBM,1.0,289.73602155293537
Mornings Special,LightGBM,1.303030303030303,289.73602155293537
Mornings Special,LightGBM,1.606060606060606,278.878619604517
Mornings Special,LightGBM,1.9090909090909092,278.878619604517
Mornings Special,LightGBM,2.212121212121212,278.878619604517
Mornings Special,LightGBM,2.515151515151515,278.10588503449844
Mornings Special,LightGBM,2.8181818181818183,278.10588503449844
Mornings Special,LightGBM,3.121212121212121,278.10588503449844
Mornings Special,LightGBM,3.4242424242424243,278.10588503449844
Mornings Special,LightGBM,3.7272727272727275,281.49148643194974
Mornings Special,LightGBM,4.03030303030303,281.49148643194974
Mornings Special,LightGBM,4.333333333333334,281.49148643194974
Mornings Special,LightGBM,4.636363636363637,289.1293627224072
Mornings Special,LightGBM,4.9393939393939394,289.1293627224072
Mornings Special,LightGBM,5.242424242424242,289.1293627224072
Mornings Special,LightGBM,5.545454545454546,292.2098019378874
Mornings Special,LightGBM,5.848484848484849,292.2098019378874
Mornings Special,LightGBM,6.151515151515151,292.2098019378874
Mornings Special,LightGBM,6.454545454545455,292.2098019378874
Mornings Special,LightGBM,6.757575757575758,292.73581659456806
Mornings Special,LightGBM,7.0606060606060606,292.73581659456806
Mornings Special,LightGBM,7.363636363636364,292.73581659456806
Mornings Special,LightGBM,7.666666666666667,289.2530888035468
Mornings Special,LightGBM,7.96969696969697,289.2530888035468
Mornings Special,LightGBM,8.272727272727273,289.2530888035468
Mornings Special,LightGBM,8.575757575757576,290.7619874031466
Mornings Special,LightGBM,8.878787878787879,290.7619874031466
Mornings Special,LightGBM,9.181818181818182,290.7619874031466
Mornings Special,LightGBM,9.484848484848484,290.7619874031466
Mornings Special,LightGBM,9.787878787878789,290.11933964235715
Mornings Special,LightGBM,10.090909090909092,290.11933964235715
Mornings Special,LightGBM,10.393939393939394,290.11933964235715
Mornings Special,LightGBM,10.696969696969697,300.538373310973
Mornings Special,LightGBM,11.0,300.538373310973
Mornings Special,LightGBM,11.303030303030303,300.538373310973
Mornings Special,LightGBM,11.606060606060606,296.7978860954991
Mornings Special,LightGBM,11.90909090909091,296.7978860954991
Mornings Special,LightGBM,12.212121212121213,296.7978860954991
Mornings Special,LightGBM,12.515151515151516,322.03145710041815
Mornings Special,LightGBM,12.818181818181818,322.03145710041815
Mornings Special,LightGBM,13.121212121212121,322.03145710041815
Mornings Special,LightGBM,13.424242424242424,322.03145710041815
Mornings Special,LightGBM,13.727272727272728,307.43283155579337
Mornings Special,LightGBM,14.030303030303031,307.43283155579337
Mornings Special,LightGBM,14.333333333333334,307.43283155579337
Mornings Special,LightGBM,14.636363636363637,305.70483078113125
Mornings Special,LightGBM,14.93939393939394,305.70483078113125
Mornings Special,LightGBM,15.242424242424242,305.70483078113125
Mornings Special,LightGBM,15.545454545454547,310.07234420430717
Mornings Special,LightGBM,15.84848484848485,310.07234420430717
Mornings Special,LightGBM,16.151515151515152,310.07234420430717
Mornings Special,LightGBM,16.454545454545453,310.07234420430717
Mornings Special,LightGBM,16.757575757575758,308.20573837638597
Mornings Special,LightGBM,17.060606060606062,308.20573837638597
Mornings Special,LightGBM,17.363636363636363,308.20573837638597
Mornings Special,LightGBM,17.666666666666668,306.37727507453474
Mornings Special,LightGBM,17.96969696969697,306.37727507453474
Mornings Special,LightGBM,18.272727272727273,306.37727507453474
Mornings Special,LightGBM,18.575757575757578,296.2795152944068
Mornings Special,LightGBM,18.87878787878788,296.2795152944068
Mornings Special,LightGBM,19.181818181818183,296.2795152944068
Mornings Special,LightGBM,19.484848484848484,296.2795152944068
Mornings Special,LightGBM,19.78787878787879,300.49930697371724
Mornings Special,LightGBM,20.09090909090909,300.49930697371724
Mornings Special,LightGBM,20.393939393939394,300.49930697371724
Mornings Special,LightGBM,20.6969696969697,297.9313636961986
Mornings Special,LightGBM,21.0,297.9313636961986
Mornings Special,LightGBM,21.303030303030305,297.9313636961986
Mornings Special,LightGBM,21.606060606060606,305.5882477851177
Mornings Special,LightGBM,21.90909090909091,305.5882477851177
Mornings Special,LightGBM,22.21212121212121,305.5882477851177
Mornings Special,LightGBM,22.515151515151516,297.9492783156414
Mornings Special,LightGBM,22.81818181818182,297.9492783156414
Mornings Special,LightGBM,23.12121212121212,297.9492783156414
Mornings Special,LightGBM,23.424242424242426,297.9492783156414
Mornings Special,LightGBM,23.727272727272727,302.66643883453366
Mornings Special,LightGBM,24.03030303030303,302.66643883453366
Mornings Special,LightGBM,24.333333333333336,302.66643883453366
Mornings Special,LightGBM,24.636363636363637,314.22201085403674
Mornings Special,LightGBM,24.93939393939394,314.22201085403674
Mornings Special,LightGBM,25.242424242424242,314.22201085403674
Mornings Special,LightGBM,25.545454545454547,335.5648718781983
Mornings Special,LightGBM,25.848484848484848,335.5648718781983
Mornings Special,LightGBM,26.151515151515152,335.5648718781983
Mornings Special,LightGBM,26.454545454545457,335.5648718781983
Mornings Special,LightGBM,26.757575757575758,300.01357410794543
Mornings Special,LightGBM,27.060606060606062,300.01357410794543
Mornings Special,LightGBM,27.363636363636363,300.01357410794543
Mornings Special,LightGBM,27.666666666666668,292.48440688527984
Mornings Special,LightGBM,27.96969696969697,292.48440688527984
Mornings Special,LightGBM,28.272727272727273,292.48440688527984
Mornings Special,LightGBM,28.575757575757578,291.9283956364336
Mornings Special,LightGBM,28.87878787878788,291.9283956364336
Mornings Special,LightGBM,29.181818181818183,291.9283956364336
Mornings Special,LightGBM,29.484848484848484,291.9283956364336
Mornings Special,LightGBM,29.78787878787879,297.45873086616996
Mornings Special,LightGBM,30.090909090909093,297.45873086616996
Mornings Special,LightGBM,30.393939393939394,297.45873086616996
Mornings Special,LightGBM,30.6969696969697,282.31652848772615
Mornings Special,LightGBM,31.0,282.31652848772615
Mornings Special,XGBoost,1.0,310.21868896484375
Mornings Special,XGBoost,1.303030303030303,310.21868896484375
Mornings Special,XGBoost,1.606060606060606,310.21868896484375
Mornings Special,XGBoost,1.9090909090909092,310.21868896484375
Mornings Special,XGBoost,2.212121212121212,283.9205627441406
Mornings Special,XGBoost,2.515151515151515,283.9205627441406
Mornings Special,XGBoost,2.8181818181818183,283.9205627441406
Mornings Special,XGBoost,3.121212121212121,284.633056640625
Mornings Special,XGBoost,3.4242424242424243,284.633056640625
Mornings Special,XGBoost,3.7272727272727275,284.633056640625
Mornings Special,XGBoost,4.03030303030303,284.91815185546875
Mornings Special,XGBoost,4.333333333333334,284.91815185546875
Mornings Special,XGBoost,4.636363636363637,284.91815185546875
Mornings Special,XGBoost,4.9393939393939394,284.91815185546875
Mornings Special,XGBoost,5.242424242424242,289.5351867675781
Mornings Special,XGBoost,5.545454545454546,289.5351867675781
Mornings Special,XGBoost,5.848484848484849,289.5351867675781
Mornings Special,XGBoost,6.151515151515151,289.9957275390625
Mornings Special,XGBoost,6.454545454545455,289.9957275390625
Mornings Special,XGBoost,6.757575757575758,289.9957275390625
Mornings Special,XGBoost,7.0606060606060606,290.0851745605469
Mornings Special,XGBoost,7.363636363636364,290.0851745605469
Mornings Special,XGBoost,7.666666666666667,290.0851745605469
Mornings Special,XGBoost,7.96969696969697,290.0851745605469
Mornings Special,XGBoost,8.272727272727273,291.05450439453125
Mornings Special,XGBoost,8.575757575757576,291.05450439453125
Mornings Special,XGBoost,8.878787878787879,291.05450439453125
Mornings Special,XGBoost,9.181818181818182,292.1680908203125
Mornings Special,XGBoost,9.484848484848484,292.1680908203125
Mornings Special,XGBoost,9.787878787878789,292.1680908203125
Mornings Special,XGBoost,10.090909090909092,290.9290771484375
Mornings Special,XGBoost,10.393939393939394,290.9290771484375
Mornings Special,XGBoost,10.696969696969697,290.9290771484375
Mornings Special,XGBoost,11.0,294.7535095214844
Mornings Special,XGBoost,11.303030303030303,294.7535095214844
Mornings Special,XGBoost,11.606060606060606,294.7535095214844
Mornings Special,XGBoost,11.90909090909091,294.7535095214844
Mornings Special,XGBoost,12.212121212121213,295.13800048828125
Mornings Special,XGBoost,12.515151515151516,295.13800048828125
Mornings Special,XGBoost,12.818181818181818,295.13800048828125
Mornings Special,XGBoost,13.121212121212121,304.94329833984375
Mornings Special,XGBoost,13.424242424242424,304.94329833984375
Mornings Special,XGBoost,13.727272727272728,304.94329833984375
Mornings Special,XGBoost,14.030303030303031,301.68585205078125
Mornings Special,XGBoost,14.333333333333334,301.68585205078125
Mornings Special,XGBoost,14.636363636363637,301.68585205078125
Mornings Special,XGBoost,14.93939393939394,301.68585205078125
Mornings Special,XGBoost,15.242424242424242,302.1477966308594
Mornings Special,XGBoost,15.545454545454547,302.1477966308594
Mornings Special,XGBoost,15.84848484848485,302.1477966308594
Mornings Special,XGBoost,16.151515151515152,304.7534484863281
Mornings Special,XGBoost,16.454545454545453,304.7534484863281
Mornings Special,XGBoost,16.757575757575758,304.7534484863281
Mornings Special,XGBoost,17.060606060606062,301.4049987792969
Mornings Special,XGBoost,17.363636363636363,301.4049987792969
Mornings Special,XGBoost,17.666666666666668,301.4049987792969
Mornings Special,XGBoost,17.96969696969697,301.4049987792969
Mornings Special,XGBoost,18.272727272727273,299.77618408203125
Mornings Special,XGBoost,18.575757575757578,299.77618408203125
Mornings Special,XGBoost,18.87878787878788,299.77618408203125
Mornings Special,XGBoost,19.181818181818183,298.5874328613281
Mornings Special,XGBoost,19.484848484848484,298.5874328613281
Mornings Special,XGBoost,19.78787878787879,298.5874328613281
Mornings Special,XGBoost,20.09090909090909,298.2077941894531
Mornings Special,XGBoost,20.393939393939394,298.2077941894531
Mornings Special,XGBoost,20.6969696969697,298.2077941894531
Mornings Special,XGBoost,21.0,299.7056884765625
Mornings Special,XGBoost,21.303030303030305,299.7056884765625
Mornings Special,XGBoost,21.606060606060606,299.7056884765625
Mornings Special,XGBoost,21.90909090909091,299.7056884765625
Mornings Special,XGBoost,22.21212121212121,301.0649108886719
Mornings Special,XGBoost,22.515151515151516,301.0649108886719
Mornings Special,XGBoost,22.81818181818182,301.0649108886719
Mornings Special,XGBoost,23.12121212121212,301.17645263671875
Mornings Special,XGBoost,23.424242424242426,301.17645263671875
Mornings Special,XGBoost,23.727272727272727,301.17645263671875
Mornings Special,XGBoost,24.03030303030303,301.7268981933594
Mornings Special,XGBoost,24.333333333333336,301.7268981933594
Mornings Special,XGBoost,24.636363636363637,301.7268981933594
Mornings Special,XGBoost,24.93939393939394,301.7268981933594
Mornings Special,XGBoost,25.242424242424242,317.3631286621094
Mornings Special,XGBoost,25.545454545454547,317.3631286621094
Mornings Special,XGBoost,25.848484848484848,317.3631286621094
Mornings Special,XGBoost,26.151515151515152,339.6027526855469
Mornings Special,XGBoost,26.454545454545457,339.6027526855469
Mornings Special,XGBoost,26.757575757575758,339.6027526855469
Mornings Special,XGBoost,27.060606060606062,305.9020080566406
Mornings Special,XGBoost,27.363636363636363,305.9020080566406
Mornings Special,XGBoost,27.666666666666668,305.9020080566406
Mornings Special,XGBoost,27.96969696969697,305.9020080566406
Mornings Special,XGBoost,28.272727272727273,303.1605224609375
Mornings Special,XGBoost,28.575757575757578,303.1605224609375
Mornings Special,XGBoost,28.87878787878788,303.1605224609375
Mornings Special,XGBoost,29.181818181818183,302.1913757324219
Mornings Special,XGBoost,29.484848484848484,302.1913757324219
Mornings Special,XGBoost,29.78787878787879,302.1913757324219
Mornings Special,XGBoost,30.090909090909093,306.0340576171875
Mornings Special,XGBoost,30.393939393939394,306.0340576171875
Mornings Special,XGBoost,30.6969696969697,306.0340576171875
Mornings Special,XGBoost,31.0,306.27337646484375
Lunches Special,CatBoost,1.0,897.9238554301722
Lunches Special,CatBoost,1.303030303030303,897.9238554301722
Lunches Special,CatBoost,1.606060606060606,903.9220485088902
Lunches Special,CatBoost,1.9090909090909092,903.9220485088902
Lunches Special,CatBoost,2.212121212121212,903.9220485088902
Lunches Special,CatBoost,2.515151515151515,904.7693474709995
Lunches Special,CatBoost,2.8181818181818183,904.7693474709995
Lunches Special,CatBoost,3.121212121212121,904.7693474709995
Lunches Special,CatBoost,3.4242424242424243,904.7693474709995
Lunches Special,CatBoost,3.7272727272727275,917.2428553530954
Lunches Special,CatBoost,4.03030303030303,917.2428553530954
Lunches Special,CatBoost,4.333333333333334,917.2428553530954
Lunches Special,CatBoost,4.636363636363637,943.9340275658454
Lunches Special,CatBoost,4.9393939393939394,943.9340275658454
Lunches Special,CatBoost,5.242424242424242,943.9340275658454
Lunches Special,CatBoost,5.545454545454546,947.369553126138
Lunches Special,CatBoost,5.848484848484849,947.369553126138
Lunches Special,CatBoost,6.151515151515151,947.369553126138
Lunches Special,CatBoost,6.454545454545455,947.369553126138
Lunches Special,CatBoost,6.757575757575758,946.3356497134868
Lunches Special,CatBoost,7.0606060606060606,946.3356497134868
Lunches Special,CatBoost,7.363636363636364,946.3356497134868
Lunches Special,CatBoost,7.666666666666667,943.8574073476877
Lunches Special,CatBoost,7.96969696969697,943.8574073476877
Lunches Special,CatBoost,8.272727272727273,943.8574073476877
Lunches Special,CatBoost,8.575757575757576,948.235927352737
Lunches Special,CatBoost,8.878787878787879,948.235927352737
Lunches Special,CatBoost,9.181818181818182,948.235927352737
Lunches Special,CatBoost,9.484848484848484,948.235927352737
Lunches Special,CatBoost,9.787878787878789,962.216463305216
Lunches Special,CatBoost,10.090909090909092,962.216463305216
Lunches Special,CatBoost,10.393939393939394,962.216463305216
Lunches Special,CatBoost,10.696969696969697,978.837895544063
Lunches Special,CatBoost,11.0,978.837895544063
Lunches Special,CatBoost,11.303030303030303,978.837895544063
Lunches Special,CatBoost,11.606060606060606,975.3127409812179
Lunches Special,CatBoost,11.90909090909091,975.3127409812179
Lunches Special,CatBoost,12.212121212121213,975.3127409812179
Lunches Special,CatBoost,12.515151515151516,982.8432241412484
Lunches Special,CatBoost,12.818181818181818,982.8432241412484
Lunches Special,CatBoost,13.121212121212121,982.8432241412484
Lunches Special,CatBoost,13.424242424242424,982.8432241412484
Lunches Special,CatBoost,13.727272727272728,976.2323356610942
Lunches Special,CatBoost,14.030303030303031,976.2323356610942
Lunches Special,CatBoost,14.333333333333334,976.2323356610942
Lunches Special,CatBoost,14.636363636363637,961.8055425956271
Lunches Special,CatBoost,14.93939393939394,961.8055425956271
Lunches Special,CatBoost,15.242424242424242,961.8055425956271
Lunches Special,CatBoost,15.545454545454547,967.791415282699
Lunches Special,CatBoost,15.84848484848485,967.791415282699
Lunches Special,CatBoost,16.151515151515152,967.791415282699
Lunches Special,CatBoost,16.454545454545453,967.791415282699
Lunches Special,CatBoost,16.757575757575758,976.1075359375578
Lunches Special,CatBoost,17.060606060606062,976.1075359375578
Lunches Special,CatBoost,17.363636363636363,976.1075359375578
Lunches Special,CatBoost,17.666666666666668,956.6743615551263
Lunches Special,CatBoost,17.96969696969697,956.6743615551263
Lunches Special,CatBoost,18.272727272727273,956.6743615551263
Lunches Special,CatBoost,18.575757575757578,944.819508288564
Lunches Special,CatBoost,18.87878787878788,944.819508288564
Lunches Special,CatBoost,19.181818181818183,944.819508288564
Lunches Special,CatBoost,19.484848484848484,944.819508288564
Lunches Special,CatBoost,19.78787878787879,954.0474384031675
Lunches Special,CatBoost,20.09090909090909,954.0474384031675
Lunches Special,CatBoost,20.393939393939394,954.0474384031675
Lunches Special,CatBoost,20.6969696969697,953.5459376416262
Lunches Special,CatBoost,21.0,953.5459376416262
Lunches Special,CatBoost,21.303030303030305,953.5459376416262
Lunches Special,CatBoost,21.606060606060606,954.8805424223793
Lunches Special,CatBoost,21.90909090909091,954.8805424223793
Lunches Special,CatBoost,22.21212121212121,954.8805424223793
Lunches Special,CatBoost,22.515151515151516,955.4401104506927
Lunches Special,CatBoost,22.81818181818182,955.4401104506927
Lunches Special,CatBoost,23.12121212121212,955.4401104506927
Lunches Special,CatBoost,23.424242424242426,955.4401104506927
Lunches Special,CatBoost,23.727272727272727,949.0851468312421
Lunches Special,CatBoost,24.03030303030303,949.0851468312421
Lunches Special,CatBoost,24.333333333333336,949.0851468312421
Lunches Special,CatBoost,24.636363636363637,947.7820469072141
Lunches Special,CatBoost,24.93939393939394,947.7820469072141
Lunches Special,CatBoost,25.242424242424242,947.7820469072141
Lunches Special,CatBoost,25.545454545454547,1015.2914349650368
Lunches Special,CatBoost,25.848484848484848,1015.2914349650368
Lunches Special,CatBoost,26.151515151515152,1015.2914349650368
Lunches Special,CatBoost,26.454545454545457,1015.2914349650368
Lunches Special,CatBoost,26.757575757575758,948.7899797732865
Lunches Special,CatBoost,27.060606060606062,948.7899797732865
Lunches Special,CatBoost,27.363636363636363,948.7899797732865
Lunches Special,CatBoost,27.666666666666668,932.5775757759427
Lunches Special,CatBoost,27.96969696969697,932.5775757759427
Lunches Special,CatBoost,28.272727272727273,932.5775757759427
Lunches Special,CatBoost,28.575757575757578,931.1197866472263
Lunches Special,CatBoost,28.87878787878788,931.1197866472263
Lunches Special,CatBoost,29.181818181818183,931.1197866472263
Lunches Special,CatBoost,29.484848484848484,931.1197866472263
Lunches Special,CatBoost,29.78787878787879,951.5056439033683
Lunches Special,CatBoost,30.090909090909093,951.5056439033683
Lunches Special,CatBoost,30.393939393939394,951.5056439033683
Lunches Special,CatBoost,30.6969696969697,936.6417319052595
Lunches Special,CatBoost,31.0,936.6417319052595
Lunches Special,LightGBM,1.0,896.0704942833257
Lunches Special,LightGBM,1.303030303030303,896.0704942833257
Lunches Special,LightGBM,1.606060606060606,901.24695728842
Lunches Special,LightGBM,1.9090909090909092,901.24695728842
Lunches Special,LightGBM,2.212121212121212,901.24695728842
Lunches Special,LightGBM,2.515151515151515,903.7878122960186
Lunches Special,LightGBM,2.8181818181818183,903.7878122960186
Lunches Special,LightGBM,3.121212121212121,903.7878122960186
Lunches Special,LightGBM,3.4242424242424243,903.7878122960186
Lunches Special,LightGBM,3.7272727272727275,917.9426343646696
Lunches Special,LightGBM,4.03030303030303,917.9426343646696
Lunches Special,LightGBM,4.333333333333334,917.9426343646696
Lunches Special,LightGBM,4.636363636363637,940.6887100760637
Lunches Special,LightGBM,4.9393939393939394,940.6887100760637
Lunches Special,LightGBM,5.242424242424242,940.6887100760637
Lunches Special,LightGBM,5.545454545454546,941.2832823969662
Lunches Special,LightGBM,5.848484848484849,941.2832823969662
Lunches Special,LightGBM,6.151515151515151,941.2832823969662
Lunches Special,LightGBM,6.454545454545455,941.2832823969662
Lunches Special,LightGBM,6.757575757575758,946.6816174488335
Lunches Special,LightGBM,7.0606060606060606,946.6816174488335
Lunches Special,LightGBM,7.363636363636364,946.6816174488335
Lunches Special,LightGBM,7.666666666666667,949.2445943101892
Lunches Special,LightGBM,7.96969696969697,949.2445943101892
Lunches Special,LightGBM,8.272727272727273,949.2445943101892
Lunches Special,LightGBM,8.575757575757576,950.9560096415123
Lunches Special,LightGBM,8.878787878787879,950.9560096415123
Lunches Special,LightGBM,9.181818181818182,950.9560096415123
Lunches Special,LightGBM,9.484848484848484,950.9560096415123
Lunches Special,LightGBM,9.787878787878789,967.4989340877786
Lunches Special,LightGBM,10.090909090909092,967.4989340877786
Lunches Special,LightGBM,10.393939393939394,967.4989340877786
Lunches Special,LightGBM,10.696969696969697,976.4294846516066
Lunches Special,LightGBM,11.0,976.4294846516066
Lunches Special,LightGBM,11.303030303030303,976.4294846516066
Lunches Special,LightGBM,11.606060606060606,975.2668451427019
Lunches Special,LightGBM,11.90909090909091,975.2668451427019
Lunches Special,LightGBM,12.212121212121213,975.2668451427019
Lunches Special,LightGBM,12.515151515151516,980.3153503319949
Lunches Special,LightGBM,12.818181818181818,980.3153503319949
Lunches Special,LightGBM,13.121212121212121,980.3153503319949
Lunches Special,LightGBM,13.424242424242424,980.3153503319949
Lunches Special,LightGBM,13.727272727272728,972.9869951454801
Lunches Special,LightGBM,14.030303030303031,972.9869951454801
Lunches Special,LightGBM,14.333333333333334,972.9869951454801
Lunches Special,LightGBM,14.636363636363637,966.1684883839848
Lunches Special,LightGBM,14.93939393939394,966.1684883839848
Lunches Special,LightGBM,15.242424242424242,966.1684883839848
Lunches Special,LightGBM,15.545454545454547,967.3500721092697
Lunches Special,LightGBM,15.84848484848485,967.3500721092697
Lunches Special,LightGBM,16.151515151515152,967.3500721092697
Lunches Special,LightGBM,16.454545454545453,967.3500721092697
Lunches Special,LightGBM,16.757575757575758,971.6640443095606
Lunches Special,LightGBM,17.060606060606062,971.6640443095606
Lunches Special,LightGBM,17.363636363636363,971.6640443095606
Lunches Special,LightGBM,17.666666666666668,956.2519799498982
Lunches Special,LightGBM,17.96969696969697,956.2519799498982
Lunches Special,LightGBM,18.272727272727273,956.2519799498982
Lunches Special,LightGBM,18.575757575757578,951.9934056679926
Lunches Special,LightGBM,18.87878787878788,951.9934056679926
Lunches Special,LightGBM,19.181818181818183,951.9934056679926
Lunches Special,LightGBM,19.484848484848484,951.9934056679926
Lunches Special,LightGBM,19.78787878787879,955.0059782250355
Lunches Special,LightGBM,20.09090909090909,955.0059782250355
Lunches Special,LightGBM,20.393939393939394,955.0059782250355
Lunches Special,LightGBM,20.6969696969697,957.8607919202553
Lunches Special,LightGBM,21.0,957.8607919202553
Lunches Special,LightGBM,21.303030303030305,957.8607919202553
Lunches Special,LightGBM,21.606060606060606,958.3577549349629
Lunches Special,LightGBM,21.90909090909091,958.3577549349629
Lunches Special,LightGBM,22.21212121212121,958.3577549349629
Lunches Special,LightGBM,22.515151515151516,955.5593110483652
Lunches Special,LightGBM,22.81818181818182,955.5593110483652
Lunches Special,LightGBM,23.12121212121212,955.5593110483652
Lunches Special,LightGBM,23.424242424242426,955.5593110483652
Lunches Special,LightGBM,23.727272727272727,948.0492863729825
Lunches Special,LightGBM,24.03030303030303,948.0492863729825
Lunches Special,LightGBM,24.333333333333336,948.0492863729825
Lunches Special,LightGBM,24.636363636363637,942.457983081444
Lunches Special,LightGBM,24.93939393939394,942.457983081444
Lunches Special,LightGBM,25.242424242424242,942.457983081444
Lunches Special,LightGBM,25.545454545454547,1016.1601754628196
Lunches Special,LightGBM,25.848484848484848,1016.1601754628196
Lunches Special,LightGBM,26.151515151515152,1016.1601754628196
Lunches Special,LightGBM,26.454545454545457,1016.1601754628196
Lunches Special,LightGBM,26.757575757575758,947.6949560372401
Lunches Special,LightGBM,27.060606060606062,947.6949560372401
Lunches Special,LightGBM,27.363636363636363,947.6949560372401
Lunches Special,LightGBM,27.666666666666668,936.2519510667538
Lunches Special,LightGBM,27.96969696969697,936.2519510667538
Lunches Special,LightGBM,28.272727272727273,936.2519510667538
Lunches Special,LightGBM,28.575757575757578,939.3212889653048
Lunches Special,LightGBM,28.87878787878788,939.3212889653048
Lunches Special,LightGBM,29.181818181818183,939.3212889653048
Lunches Special,LightGBM,29.484848484848484,939.3212889653048
Lunches Special,LightGBM,29.78787878787879,952.5633047404152
Lunches Special,LightGBM,30.090909090909093,952.5633047404152
Lunches Special,LightGBM,30.393939393939394,952.5633047404152
Lunches Special,LightGBM,30.6969696969697,927.3494308506057
Lunches Special,LightGBM,31.0,927.3494308506057
