Dataset,Model,Elderly,Predicted Value
All,CatBoost,0.0,563.8694537989713
All,CatBoost,0.6060606060606061,563.5079720668574
All,CatBoost,1.2121212121212122,563.5079720668574
All,CatBoost,1.8181818181818183,563.5079720668574
All,CatBoost,2.4242424242424243,563.5079720668574
All,CatBoost,3.0303030303030303,565.6139186209799
All,CatBoost,3.6363636363636367,566.2475914654453
All,CatBoost,4.242424242424242,566.2475914654453
All,CatBoost,4.848484848484849,570.237878983803
All,CatBoost,5.454545454545455,570.237878983803
All,CatBoost,6.0606060606060606,572.721598221897
All,CatBoost,6.666666666666667,572.721598221897
All,CatBoost,7.272727272727273,572.721598221897
All,CatBoost,7.878787878787879,597.7962126836512
All,CatBoost,8.484848484848484,597.7962126836512
All,CatBoost,9.090909090909092,597.7962126836512
All,CatBoost,9.696969696969697,598.0157386074395
All,CatBoost,10.303030303030303,598.0157386074395
All,CatBoost,10.90909090909091,598.0157386074395
All,CatBoost,11.515151515151516,598.0157386074395
All,CatBoost,12.121212121212121,598.0157386074395
All,CatBoost,12.727272727272728,598.0157386074395
All,CatBoost,13.333333333333334,598.0157386074395
All,CatBoost,13.93939393939394,606.3164188541258
All,CatBoost,14.545454545454547,606.3164188541258
All,CatBoost,15.151515151515152,606.3164188541258
All,CatBoost,15.757575757575758,606.3019164831434
All,CatBoost,16.363636363636363,606.3019164831434
All,CatBoost,16.96969696969697,606.3019164831434
All,CatBoost,17.575757575757578,606.3019164831434
All,CatBoost,18.181818181818183,606.4073572406107
All,CatBoost,18.78787878787879,606.4073572406107
All,CatBoost,19.393939393939394,606.4073572406107
All,CatBoost,20.0,606.4073572406107
All,CatBoost,20.606060606060606,606.4073572406107
All,CatBoost,21.21212121212121,606.4073572406107
All,CatBoost,21.81818181818182,606.4073572406107
All,CatBoost,22.424242424242426,606.4073572406107
All,CatBoost,23.03030303030303,606.0846563736712
All,CatBoost,23.636363636363637,606.0846563736712
All,CatBoost,24.242424242424242,606.0846563736712
All,CatBoost,24.848484848484848,606.0846563736712
All,CatBoost,25.454545454545457,606.0846563736712
All,CatBoost,26.060606060606062,606.0846563736712
All,CatBoost,26.666666666666668,606.0846563736712
All,CatBoost,27.272727272727273,606.0846563736712
All,CatBoost,27.87878787878788,606.0846563736712
All,CatBoost,28.484848484848484,606.0846563736712
All,CatBoost,29.090909090909093,606.0846563736712
All,CatBoost,29.6969696969697,606.0846563736712
All,CatBoost,30.303030303030305,606.0846563736712
All,CatBoost,30.90909090909091,606.0846563736712
All,CatBoost,31.515151515151516,606.0846563736712
All,CatBoost,32.121212121212125,606.0846563736712
All,CatBoost,32.72727272727273,606.0846563736712
All,CatBoost,33.333333333333336,606.0846563736712
All,CatBoost,33.93939393939394,606.0846563736712
All,CatBoost,34.54545454545455,606.0846563736712
All,CatBoost,35.151515151515156,606.1964546892633
All,CatBoost,35.75757575757576,606.1964546892633
All,CatBoost,36.36363636363637,606.1964546892633
All,CatBoost,36.96969696969697,606.1964546892633
All,CatBoost,37.57575757575758,606.1964546892633
All,CatBoost,38.18181818181818,606.1964546892633
All,CatBoost,38.78787878787879,606.1964546892633
All,CatBoost,39.3939393939394,606.1964546892633
All,CatBoost,40.0,606.1964546892633
All,CatBoost,40.60606060606061,606.1964546892633
All,CatBoost,41.21212121212121,606.1964546892633
All,CatBoost,41.81818181818182,606.1964546892633
All,CatBoost,42.42424242424242,606.1964546892633
All,CatBoost,43.03030303030303,606.1964546892633
All,CatBoost,43.63636363636364,606.1964546892633
All,CatBoost,44.24242424242424,606.0854616875122
All,CatBoost,44.84848484848485,606.0854616875122
All,CatBoost,45.45454545454545,606.0854616875122
All,CatBoost,46.06060606060606,606.0854616875122
All,CatBoost,46.66666666666667,606.0854616875122
All,CatBoost,47.27272727272727,606.0854616875122
All,CatBoost,47.87878787878788,606.0854616875122
All,CatBoost,48.484848484848484,606.0854616875122
All,CatBoost,49.09090909090909,606.0854616875122
All,CatBoost,49.696969696969695,606.0854616875122
All,CatBoost,50.303030303030305,606.0854616875122
All,CatBoost,50.909090909090914,606.0854616875122
All,CatBoost,51.515151515151516,606.0854616875122
All,CatBoost,52.121212121212125,606.0854616875122
All,CatBoost,52.72727272727273,606.0854616875122
All,CatBoost,53.333333333333336,606.0854616875122
All,CatBoost,53.93939393939394,606.0854616875122
All,CatBoost,54.54545454545455,724.0414200501684
All,CatBoost,55.151515151515156,724.0414200501684
All,CatBoost,55.75757575757576,724.0414200501684
All,CatBoost,56.36363636363637,724.0414200501684
All,CatBoost,56.96969696969697,724.0414200501684
All,CatBoost,57.57575757575758,724.0414200501684
All,CatBoost,58.18181818181819,724.0414200501684
All,CatBoost,58.78787878787879,724.0414200501684
All,CatBoost,59.3939393939394,724.0414200501684
All,CatBoost,60.0,724.0414200501684
All,LightGBM,0.0,558.9871556754723
All,LightGBM,0.6060606060606061,559.9026280082985
All,LightGBM,1.2121212121212122,559.9026280082985
All,LightGBM,1.8181818181818183,560.5539617971444
All,LightGBM,2.4242424242424243,560.5539617971444
All,LightGBM,3.0303030303030303,560.5735060212851
All,LightGBM,3.6363636363636367,558.5723739315902
All,LightGBM,4.242424242424242,558.5723739315902
All,LightGBM,4.848484848484849,558.2350117491527
All,LightGBM,5.454545454545455,558.2350117491527
All,LightGBM,6.0606060606060606,564.2248907696442
All,LightGBM,6.666666666666667,565.1952432018339
All,LightGBM,7.272727272727273,565.1952432018339
All,LightGBM,7.878787878787879,575.760477582595
All,LightGBM,8.484848484848484,575.760477582595
All,LightGBM,9.090909090909092,575.7824202464571
All,LightGBM,9.696969696969697,576.1973810277594
All,LightGBM,10.303030303030303,576.1973810277594
All,LightGBM,10.90909090909091,576.1973810277594
All,LightGBM,11.515151515151516,576.1243894200031
All,LightGBM,12.121212121212121,576.1243894200031
All,LightGBM,12.727272727272728,576.1243894200031
All,LightGBM,13.333333333333334,576.1243894200031
All,LightGBM,13.93939393939394,578.992430357437
All,LightGBM,14.545454545454547,589.1316177443533
All,LightGBM,15.151515151515152,589.1316177443533
All,LightGBM,15.757575757575758,592.09448838336
All,LightGBM,16.363636363636363,592.09448838336
All,LightGBM,16.96969696969697,592.09448838336
All,LightGBM,17.575757575757578,592.09448838336
All,LightGBM,18.181818181818183,591.6330015751686
All,LightGBM,18.78787878787879,591.6330015751686
All,LightGBM,19.393939393939394,591.6330015751686
All,LightGBM,20.0,591.6330015751686
All,LightGBM,20.606060606060606,591.3899028075803
All,LightGBM,21.21212121212121,591.3899028075803
All,LightGBM,21.81818181818182,591.3899028075803
All,LightGBM,22.424242424242426,591.3899028075803
All,LightGBM,23.03030303030303,592.3984655956195
All,LightGBM,23.636363636363637,592.3984655956195
All,LightGBM,24.242424242424242,592.3984655956195
All,LightGBM,24.848484848484848,592.3984655956195
All,LightGBM,25.454545454545457,592.3984655956195
All,LightGBM,26.060606060606062,592.3984655956195
All,LightGBM,26.666666666666668,592.3984655956195
All,LightGBM,27.272727272727273,592.3984655956195
All,LightGBM,27.87878787878788,594.1808535939642
All,LightGBM,28.484848484848484,594.1808535939642
All,LightGBM,29.090909090909093,594.1808535939642
All,LightGBM,29.6969696969697,594.1808535939642
All,LightGBM,30.303030303030305,594.1808535939642
All,LightGBM,30.90909090909091,594.1808535939642
All,LightGBM,31.515151515151516,594.1808535939642
All,LightGBM,32.121212121212125,594.1808535939642
All,LightGBM,32.72727272727273,594.1808535939642
All,LightGBM,33.333333333333336,594.1808535939642
All,LightGBM,33.93939393939394,594.1808535939642
All,LightGBM,34.54545454545455,594.1808535939642
All,LightGBM,35.151515151515156,594.3293533152826
All,LightGBM,35.75757575757576,594.3293533152826
All,LightGBM,36.36363636363637,594.3293533152826
All,LightGBM,36.96969696969697,594.3293533152826
All,LightGBM,37.57575757575758,594.3293533152826
All,LightGBM,38.18181818181818,594.3293533152826
All,LightGBM,38.78787878787879,594.3293533152826
All,LightGBM,39.3939393939394,594.3293533152826
All,LightGBM,40.0,594.3293533152826
All,LightGBM,40.60606060606061,594.3293533152826
All,LightGBM,41.21212121212121,594.3293533152826
All,LightGBM,41.81818181818182,594.3293533152826
All,LightGBM,42.42424242424242,594.3293533152826
All,LightGBM,43.03030303030303,594.3293533152826
All,LightGBM,43.63636363636364,594.3293533152826
All,LightGBM,44.24242424242424,599.4297699756851
All,LightGBM,44.84848484848485,599.4297699756851
All,LightGBM,45.45454545454545,599.4297699756851
All,LightGBM,46.06060606060606,599.4297699756851
All,LightGBM,46.66666666666667,599.4297699756851
All,LightGBM,47.27272727272727,599.4297699756851
All,LightGBM,47.87878787878788,599.4297699756851
All,LightGBM,48.484848484848484,599.4297699756851
All,LightGBM,49.09090909090909,599.4297699756851
All,LightGBM,49.696969696969695,599.4297699756851
All,LightGBM,50.303030303030305,599.4297699756851
All,LightGBM,50.909090909090914,599.4297699756851
All,LightGBM,51.515151515151516,599.4297699756851
All,LightGBM,52.121212121212125,599.4297699756851
All,LightGBM,52.72727272727273,599.4297699756851
All,LightGBM,53.333333333333336,599.4297699756851
All,LightGBM,53.93939393939394,599.4297699756851
All,LightGBM,54.54545454545455,1298.308382348651
All,LightGBM,55.151515151515156,1298.308382348651
All,LightGBM,55.75757575757576,1298.308382348651
All,LightGBM,56.36363636363637,1298.308382348651
All,LightGBM,56.96969696969697,1298.308382348651
All,LightGBM,57.57575757575758,1298.308382348651
All,LightGBM,58.18181818181819,1298.308382348651
All,LightGBM,58.78787878787879,1298.308382348651
All,LightGBM,59.3939393939394,1298.308382348651
All,LightGBM,60.0,1298.308382348651
All,XGBoost,0.0,566.8408813476562
All,XGBoost,0.6060606060606061,566.8408813476562
All,XGBoost,1.2121212121212122,566.4842529296875
All,XGBoost,1.8181818181818183,566.4842529296875
All,XGBoost,2.4242424242424243,566.4842529296875
All,XGBoost,3.0303030303030303,567.1840209960938
All,XGBoost,3.6363636363636367,567.1840209960938
All,XGBoost,4.242424242424242,567.1841430664062
All,XGBoost,4.848484848484849,567.1841430664062
All,XGBoost,5.454545454545455,569.3864135742188
All,XGBoost,6.0606060606060606,569.2675170898438
All,XGBoost,6.666666666666667,569.2675170898438
All,XGBoost,7.272727272727273,569.7460327148438
All,XGBoost,7.878787878787879,569.7460327148438
All,XGBoost,8.484848484848484,574.3009643554688
All,XGBoost,9.090909090909092,574.1785278320312
All,XGBoost,9.696969696969697,574.1785278320312
All,XGBoost,10.303030303030303,578.9177856445312
All,XGBoost,10.90909090909091,578.9177856445312
All,XGBoost,11.515151515151516,578.9177856445312
All,XGBoost,12.121212121212121,578.9177856445312
All,XGBoost,12.727272727272728,578.9177856445312
All,XGBoost,13.333333333333334,581.519287109375
All,XGBoost,13.93939393939394,581.519287109375
All,XGBoost,14.545454545454547,596.2830810546875
All,XGBoost,15.151515151515152,596.2828369140625
All,XGBoost,15.757575757575758,596.2828369140625
All,XGBoost,16.363636363636363,594.9229736328125
All,XGBoost,16.96969696969697,594.9229736328125
All,XGBoost,17.575757575757578,594.9229736328125
All,XGBoost,18.181818181818183,594.9229736328125
All,XGBoost,18.78787878787879,594.9229736328125
All,XGBoost,19.393939393939394,594.9229736328125
All,XGBoost,20.0,594.8666381835938
All,XGBoost,20.606060606060606,594.8666381835938
All,XGBoost,21.21212121212121,594.8666381835938
All,XGBoost,21.81818181818182,594.8666381835938
All,XGBoost,22.424242424242426,594.8666381835938
All,XGBoost,23.03030303030303,594.8666381835938
All,XGBoost,23.636363636363637,594.8666381835938
All,XGBoost,24.242424242424242,595.4697265625
All,XGBoost,24.848484848484848,595.4697265625
All,XGBoost,25.454545454545457,595.4697265625
All,XGBoost,26.060606060606062,595.4697265625
All,XGBoost,26.666666666666668,595.4697265625
All,XGBoost,27.272727272727273,595.4697265625
All,XGBoost,27.87878787878788,595.4697265625
All,XGBoost,28.484848484848484,595.4697265625
All,XGBoost,29.090909090909093,595.4697265625
All,XGBoost,29.6969696969697,595.4697265625
All,XGBoost,30.303030303030305,595.4697265625
All,XGBoost,30.90909090909091,595.4697265625
All,XGBoost,31.515151515151516,595.4697265625
All,XGBoost,32.121212121212125,595.4697265625
All,XGBoost,32.72727272727273,595.4697265625
All,XGBoost,33.333333333333336,595.4697265625
All,XGBoost,33.93939393939394,595.4697265625
All,XGBoost,34.54545454545455,595.4697265625
All,XGBoost,35.151515151515156,595.4697265625
All,XGBoost,35.75757575757576,595.4697265625
All,XGBoost,36.36363636363637,595.4697265625
All,XGBoost,36.96969696969697,595.4697265625
All,XGBoost,37.57575757575758,595.4697265625
All,XGBoost,38.18181818181818,595.4697265625
All,XGBoost,38.78787878787879,595.4697265625
All,XGBoost,39.3939393939394,596.2020263671875
All,XGBoost,40.0,596.2020263671875
All,XGBoost,40.60606060606061,596.2020263671875
All,XGBoost,41.21212121212121,596.2020263671875
All,XGBoost,41.81818181818182,596.2020263671875
All,XGBoost,42.42424242424242,596.2020263671875
All,XGBoost,43.03030303030303,596.2020263671875
All,XGBoost,43.63636363636364,596.2020263671875
All,XGBoost,44.24242424242424,596.2020263671875
All,XGBoost,44.84848484848485,596.2020263671875
All,XGBoost,45.45454545454545,596.2020263671875
All,XGBoost,46.06060606060606,596.2020263671875
All,XGBoost,46.66666666666667,596.2020263671875
All,XGBoost,47.27272727272727,596.2020263671875
All,XGBoost,47.87878787878788,596.2020263671875
All,XGBoost,48.484848484848484,596.2020263671875
All,XGBoost,49.09090909090909,595.9261474609375
All,XGBoost,49.696969696969695,595.9261474609375
All,XGBoost,50.303030303030305,595.9261474609375
All,XGBoost,50.909090909090914,595.9261474609375
All,XGBoost,51.515151515151516,595.9261474609375
All,XGBoost,52.121212121212125,595.9261474609375
All,XGBoost,52.72727272727273,595.9261474609375
All,XGBoost,53.333333333333336,595.9261474609375
All,XGBoost,53.93939393939394,595.9261474609375
All,XGBoost,54.54545454545455,595.9261474609375
All,XGBoost,55.151515151515156,595.9261474609375
All,XGBoost,55.75757575757576,595.9261474609375
All,XGBoost,56.36363636363637,595.9261474609375
All,XGBoost,56.96969696969697,595.9261474609375
All,XGBoost,57.57575757575758,595.9261474609375
All,XGBoost,58.18181818181819,595.9261474609375
All,XGBoost,58.78787878787879,595.9261474609375
All,XGBoost,59.3939393939394,595.9261474609375
All,XGBoost,60.0,1319.13427734375
Lunches,LightGBM,0.0,1080.8816991167766
Lunches,LightGBM,0.6060606060606061,1080.8816991167766
Lunches,LightGBM,1.2121212121212122,1080.8816991167766
Lunches,LightGBM,1.8181818181818183,1080.8816991167766
Lunches,LightGBM,2.4242424242424243,1080.8816991167766
Lunches,LightGBM,3.0303030303030303,1081.7675390145778
Lunches,LightGBM,3.6363636363636367,1081.7675390145778
Lunches,LightGBM,4.242424242424242,1081.7675390145778
Lunches,LightGBM,4.848484848484849,1082.1680939514047
Lunches,LightGBM,5.454545454545455,1082.1680939514047
Lunches,LightGBM,6.0606060606060606,1082.1875794671103
Lunches,LightGBM,6.666666666666667,1082.1568563868664
Lunches,LightGBM,7.272727272727273,1082.1568563868664
Lunches,LightGBM,7.878787878787879,1082.0686162897168
Lunches,LightGBM,8.484848484848484,1082.0686162897168
Lunches,LightGBM,9.090909090909092,1082.1925099894127
Lunches,LightGBM,9.696969696969697,1082.5311814303657
Lunches,LightGBM,10.303030303030303,1082.5311814303657
Lunches,LightGBM,10.90909090909091,1082.5311814303657
Lunches,LightGBM,11.515151515151516,1082.4267647443976
Lunches,LightGBM,12.121212121212121,1082.4267647443976
Lunches,LightGBM,12.727272727272728,1082.4267647443976
Lunches,LightGBM,13.333333333333334,1082.4267647443976
Lunches,LightGBM,13.93939393939394,1082.7308757030446
Lunches,LightGBM,14.545454545454547,1087.6635792596353
Lunches,LightGBM,15.151515151515152,1087.6635792596353
Lunches,LightGBM,15.757575757575758,1087.584874270911
Lunches,LightGBM,16.363636363636363,1087.584874270911
Lunches,LightGBM,16.96969696969697,1087.584874270911
Lunches,LightGBM,17.575757575757578,1087.584874270911
Lunches,LightGBM,18.181818181818183,1087.593668595679
Lunches,LightGBM,18.78787878787879,1087.593668595679
Lunches,LightGBM,19.393939393939394,1087.593668595679
Lunches,LightGBM,20.0,1087.593668595679
Lunches,LightGBM,20.606060606060606,1088.4340370375478
Lunches,LightGBM,21.21212121212121,1088.4340370375478
Lunches,LightGBM,21.81818181818182,1088.4340370375478
Lunches,LightGBM,22.424242424242426,1088.4340370375478
Lunches,LightGBM,23.03030303030303,1088.4340370375478
Lunches,LightGBM,23.636363636363637,1088.4340370375478
Lunches,LightGBM,24.242424242424242,1088.4340370375478
Lunches,LightGBM,24.848484848484848,1088.4340370375478
Lunches,LightGBM,25.454545454545457,1088.4340370375478
Lunches,LightGBM,26.060606060606062,1088.4340370375478
Lunches,LightGBM,26.666666666666668,1088.4340370375478
Lunches,LightGBM,27.272727272727273,1088.4340370375478
Lunches,LightGBM,27.87878787878788,1088.4340370375478
Lunches,LightGBM,28.484848484848484,1088.4340370375478
Lunches,LightGBM,29.090909090909093,1088.4340370375478
Lunches,LightGBM,29.6969696969697,1088.4340370375478
Lunches,LightGBM,30.303030303030305,1088.4340370375478
Lunches,LightGBM,30.90909090909091,1088.4340370375478
Lunches,LightGBM,31.515151515151516,1088.4340370375478
Lunches,LightGBM,32.121212121212125,1088.4340370375478
Lunches,LightGBM,32.72727272727273,1088.4340370375478
Lunches,LightGBM,33.333333333333336,1088.4340370375478
Lunches,LightGBM,33.93939393939394,1088.4340370375478
Lunches,LightGBM,34.54545454545455,1088.4340370375478
Lunches,LightGBM,35.151515151515156,1088.4340370375478
Lunches,LightGBM,35.75757575757576,1088.4340370375478
Lunches,LightGBM,36.36363636363637,1088.4340370375478
Lunches,LightGBM,36.96969696969697,1088.4340370375478
Lunches,LightGBM,37.57575757575758,1088.4340370375478
Lunches,LightGBM,38.18181818181818,1088.4340370375478
Lunches,LightGBM,38.78787878787879,1088.4340370375478
Lunches,LightGBM,39.3939393939394,1088.4340370375478
Lunches,LightGBM,40.0,1088.4340370375478
Lunches,LightGBM,40.60606060606061,1088.4340370375478
Lunches,LightGBM,41.21212121212121,1088.4340370375478
Lunches,LightGBM,41.81818181818182,1088.4340370375478
Lunches,LightGBM,42.42424242424242,1088.4340370375478
Lunches,LightGBM,43.03030303030303,1088.4340370375478
Lunches,LightGBM,43.63636363636364,1088.4340370375478
Lunches,LightGBM,44.24242424242424,1088.3526553207967
Lunches,LightGBM,44.84848484848485,1088.3526553207967
Lunches,LightGBM,45.45454545454545,1088.3526553207967
Lunches,LightGBM,46.06060606060606,1088.3526553207967
Lunches,LightGBM,46.66666666666667,1088.3526553207967
Lunches,LightGBM,47.27272727272727,1088.3526553207967
Lunches,LightGBM,47.87878787878788,1088.3526553207967
Lunches,LightGBM,48.484848484848484,1088.3526553207967
Lunches,LightGBM,49.09090909090909,1088.3526553207967
Lunches,LightGBM,49.696969696969695,1088.3526553207967
Lunches,LightGBM,50.303030303030305,1088.3526553207967
Lunches,LightGBM,50.909090909090914,1088.3526553207967
Lunches,LightGBM,51.515151515151516,1088.3526553207967
Lunches,LightGBM,52.121212121212125,1088.3526553207967
Lunches,LightGBM,52.72727272727273,1088.3526553207967
Lunches,LightGBM,53.333333333333336,1088.3526553207967
Lunches,LightGBM,53.93939393939394,1088.3526553207967
Lunches,LightGBM,54.54545454545455,2271.6906769837287
Lunches,LightGBM,55.151515151515156,2271.6906769837287
Lunches,LightGBM,55.75757575757576,2271.6906769837287
Lunches,LightGBM,56.36363636363637,2271.6906769837287
Lunches,LightGBM,56.96969696969697,2271.6906769837287
Lunches,LightGBM,57.57575757575758,2271.6906769837287
Lunches,LightGBM,58.18181818181819,2271.6906769837287
Lunches,LightGBM,58.78787878787879,2271.6906769837287
Lunches,LightGBM,59.3939393939394,2271.6906769837287
Lunches,LightGBM,60.0,2271.6906769837287
Lunches,XGBoost,0.0,1064.7763671875
Lunches,XGBoost,0.6060606060606061,1064.7763671875
Lunches,XGBoost,1.2121212121212122,1077.94921875
Lunches,XGBoost,1.8181818181818183,1077.94921875
Lunches,XGBoost,2.4242424242424243,1077.8223876953125
Lunches,XGBoost,3.0303030303030303,1077.8389892578125
Lunches,XGBoost,3.6363636363636367,1077.8389892578125
Lunches,XGBoost,4.242424242424242,1077.8389892578125
Lunches,XGBoost,4.848484848484849,1077.8389892578125
Lunches,XGBoost,5.454545454545455,1077.822021484375
Lunches,XGBoost,6.0606060606060606,1085.82470703125
Lunches,XGBoost,6.666666666666667,1085.82470703125
Lunches,XGBoost,7.272727272727273,1085.8858642578125
Lunches,XGBoost,7.878787878787879,1085.8858642578125
Lunches,XGBoost,8.484848484848484,1086.5137939453125
Lunches,XGBoost,9.090909090909092,1083.86181640625
Lunches,XGBoost,9.696969696969697,1083.86181640625
Lunches,XGBoost,10.303030303030303,1090.206787109375
Lunches,XGBoost,10.90909090909091,1090.206787109375
Lunches,XGBoost,11.515151515151516,1090.206787109375
Lunches,XGBoost,12.121212121212121,1090.206787109375
Lunches,XGBoost,12.727272727272728,1090.206787109375
Lunches,XGBoost,13.333333333333334,1090.6591796875
Lunches,XGBoost,13.93939393939394,1090.6591796875
Lunches,XGBoost,14.545454545454547,1091.11572265625
Lunches,XGBoost,15.151515151515152,1091.22412109375
Lunches,XGBoost,15.757575757575758,1091.22412109375
Lunches,XGBoost,16.363636363636363,1092.6351318359375
Lunches,XGBoost,16.96969696969697,1092.6351318359375
Lunches,XGBoost,17.575757575757578,1092.6351318359375
Lunches,XGBoost,18.181818181818183,1092.6351318359375
Lunches,XGBoost,18.78787878787879,1092.6351318359375
Lunches,XGBoost,19.393939393939394,1092.6351318359375
Lunches,XGBoost,20.0,1092.6724853515625
Lunches,XGBoost,20.606060606060606,1092.6724853515625
Lunches,XGBoost,21.21212121212121,1092.79931640625
Lunches,XGBoost,21.81818181818182,1092.79931640625
Lunches,XGBoost,22.424242424242426,1092.79931640625
Lunches,XGBoost,23.03030303030303,1092.79931640625
Lunches,XGBoost,23.636363636363637,1092.79931640625
Lunches,XGBoost,24.242424242424242,1092.769775390625
Lunches,XGBoost,24.848484848484848,1092.769775390625
Lunches,XGBoost,25.454545454545457,1092.769775390625
Lunches,XGBoost,26.060606060606062,1092.769775390625
Lunches,XGBoost,26.666666666666668,1092.769775390625
Lunches,XGBoost,27.272727272727273,1092.769775390625
Lunches,XGBoost,27.87878787878788,1092.769775390625
Lunches,XGBoost,28.484848484848484,1092.769775390625
Lunches,XGBoost,29.090909090909093,1092.769775390625
Lunches,XGBoost,29.6969696969697,1092.769775390625
Lunches,XGBoost,30.303030303030305,1092.769775390625
Lunches,XGBoost,30.90909090909091,1092.769775390625
Lunches,XGBoost,31.515151515151516,1092.358154296875
Lunches,XGBoost,32.121212121212125,1092.358154296875
Lunches,XGBoost,32.72727272727273,1092.358154296875
Lunches,XGBoost,33.333333333333336,1092.358154296875
Lunches,XGBoost,33.93939393939394,1092.358154296875
Lunches,XGBoost,34.54545454545455,1092.358154296875
Lunches,XGBoost,35.151515151515156,1092.358154296875
Lunches,XGBoost,35.75757575757576,1092.358154296875
Lunches,XGBoost,36.36363636363637,1092.358154296875
Lunches,XGBoost,36.96969696969697,1092.358154296875
Lunches,XGBoost,37.57575757575758,1092.358154296875
Lunches,XGBoost,38.18181818181818,1092.358154296875
Lunches,XGBoost,38.78787878787879,1092.358154296875
Lunches,XGBoost,39.3939393939394,1092.4132080078125
Lunches,XGBoost,40.0,1092.4132080078125
Lunches,XGBoost,40.60606060606061,1092.4132080078125
Lunches,XGBoost,41.21212121212121,1092.4132080078125
Lunches,XGBoost,41.81818181818182,1092.4132080078125
Lunches,XGBoost,42.42424242424242,1092.4132080078125
Lunches,XGBoost,43.03030303030303,1092.4132080078125
Lunches,XGBoost,43.63636363636364,1092.4132080078125
Lunches,XGBoost,44.24242424242424,1092.4132080078125
Lunches,XGBoost,44.84848484848485,1092.4132080078125
Lunches,XGBoost,45.45454545454545,1092.4132080078125
Lunches,XGBoost,46.06060606060606,1092.4132080078125
Lunches,XGBoost,46.66666666666667,1092.4132080078125
Lunches,XGBoost,47.27272727272727,1092.4132080078125
Lunches,XGBoost,47.87878787878788,1092.4132080078125
Lunches,XGBoost,48.484848484848484,1092.4132080078125
Lunches,XGBoost,49.09090909090909,1092.42041015625
Lunches,XGBoost,49.696969696969695,1092.42041015625
Lunches,XGBoost,50.303030303030305,1092.42041015625
Lunches,XGBoost,50.909090909090914,1092.42041015625
Lunches,XGBoost,51.515151515151516,1092.42041015625
Lunches,XGBoost,52.121212121212125,1092.42041015625
Lunches,XGBoost,52.72727272727273,1092.42041015625
Lunches,XGBoost,53.333333333333336,1092.42041015625
Lunches,XGBoost,53.93939393939394,1092.42041015625
Lunches,XGBoost,54.54545454545455,1092.42041015625
Lunches,XGBoost,55.151515151515156,1092.42041015625
Lunches,XGBoost,55.75757575757576,1092.42041015625
Lunches,XGBoost,56.36363636363637,1092.42041015625
Lunches,XGBoost,56.96969696969697,1092.42041015625
Lunches,XGBoost,57.57575757575758,1092.42041015625
Lunches,XGBoost,58.18181818181819,1092.42041015625
Lunches,XGBoost,58.78787878787879,1092.42041015625
Lunches,XGBoost,59.3939393939394,1092.42041015625
Lunches,XGBoost,60.0,2360.916748046875
Afternoons,LightGBM,0.0,1187.363922013254
Afternoons,LightGBM,0.6060606060606061,1187.408399414124
Afternoons,LightGBM,1.2121212121212122,1187.408399414124
Afternoons,LightGBM,1.8181818181818183,1187.408399414124
Afternoons,LightGBM,2.4242424242424243,1187.408399414124
Afternoons,LightGBM,3.0303030303030303,1190.5925739683203
Afternoons,LightGBM,3.6363636363636367,1191.144013353389
Afternoons,LightGBM,4.242424242424242,1191.144013353389
Afternoons,LightGBM,4.848484848484849,1191.6248499235537
Afternoons,LightGBM,5.454545454545455,1191.6248499235537
Afternoons,LightGBM,6.0606060606060606,1190.1687784261705
Afternoons,LightGBM,6.666666666666667,1189.590108946593
Afternoons,LightGBM,7.272727272727273,1189.590108946593
Afternoons,LightGBM,7.878787878787879,1189.7221688816196
Afternoons,LightGBM,8.484848484848484,1189.7221688816196
Afternoons,LightGBM,9.090909090909092,1186.3340832446215
Afternoons,LightGBM,9.696969696969697,1190.2476587497083
Afternoons,LightGBM,10.303030303030303,1190.2476587497083
Afternoons,LightGBM,10.90909090909091,1190.2476587497083
Afternoons,LightGBM,11.515151515151516,1190.2476587497083
Afternoons,LightGBM,12.121212121212121,1190.2476587497083
Afternoons,LightGBM,12.727272727272728,1190.2476587497083
Afternoons,LightGBM,13.333333333333334,1190.2476587497083
Afternoons,LightGBM,13.93939393939394,1190.4167588025718
Afternoons,LightGBM,14.545454545454547,1202.6391134148014
Afternoons,LightGBM,15.151515151515152,1202.6391134148014
Afternoons,LightGBM,15.757575757575758,1202.2486985944147
Afternoons,LightGBM,16.363636363636363,1202.2486985944147
Afternoons,LightGBM,16.96969696969697,1202.2486985944147
Afternoons,LightGBM,17.575757575757578,1202.2486985944147
Afternoons,LightGBM,18.181818181818183,1202.2285976736541
Afternoons,LightGBM,18.78787878787879,1202.2285976736541
Afternoons,LightGBM,19.393939393939394,1202.2285976736541
Afternoons,LightGBM,20.0,1202.2285976736541
Afternoons,LightGBM,20.606060606060606,1202.373575324788
Afternoons,LightGBM,21.21212121212121,1202.373575324788
Afternoons,LightGBM,21.81818181818182,1202.373575324788
Afternoons,LightGBM,22.424242424242426,1202.373575324788
Afternoons,LightGBM,23.03030303030303,1202.4186838821395
Afternoons,LightGBM,23.636363636363637,1202.4186838821395
Afternoons,LightGBM,24.242424242424242,1202.4186838821395
Afternoons,LightGBM,24.848484848484848,1202.4186838821395
Afternoons,LightGBM,25.454545454545457,1202.4186838821395
Afternoons,LightGBM,26.060606060606062,1202.4186838821395
Afternoons,LightGBM,26.666666666666668,1202.4186838821395
Afternoons,LightGBM,27.272727272727273,1202.4186838821395
Afternoons,LightGBM,27.87878787878788,1203.4719403353952
Afternoons,LightGBM,28.484848484848484,1203.4719403353952
Afternoons,LightGBM,29.090909090909093,1203.4719403353952
Afternoons,LightGBM,29.6969696969697,1203.4719403353952
Afternoons,LightGBM,30.303030303030305,1203.4719403353952
Afternoons,LightGBM,30.90909090909091,1203.4719403353952
Afternoons,LightGBM,31.515151515151516,1203.4719403353952
Afternoons,LightGBM,32.121212121212125,1203.4719403353952
Afternoons,LightGBM,32.72727272727273,1203.4719403353952
Afternoons,LightGBM,33.333333333333336,1203.4719403353952
Afternoons,LightGBM,33.93939393939394,1203.4719403353952
Afternoons,LightGBM,34.54545454545455,1203.4719403353952
Afternoons,LightGBM,35.151515151515156,1203.4284025573636
Afternoons,LightGBM,35.75757575757576,1203.4284025573636
Afternoons,LightGBM,36.36363636363637,1203.4284025573636
Afternoons,LightGBM,36.96969696969697,1203.4284025573636
Afternoons,LightGBM,37.57575757575758,1203.4284025573636
Afternoons,LightGBM,38.18181818181818,1203.4284025573636
Afternoons,LightGBM,38.78787878787879,1203.4284025573636
Afternoons,LightGBM,39.3939393939394,1203.4284025573636
Afternoons,LightGBM,40.0,1203.4284025573636
Afternoons,LightGBM,40.60606060606061,1203.4284025573636
Afternoons,LightGBM,41.21212121212121,1203.4284025573636
Afternoons,LightGBM,41.81818181818182,1203.4284025573636
Afternoons,LightGBM,42.42424242424242,1203.4284025573636
Afternoons,LightGBM,43.03030303030303,1203.4284025573636
Afternoons,LightGBM,43.63636363636364,1203.4284025573636
Afternoons,LightGBM,44.24242424242424,1203.1398074481588
Afternoons,LightGBM,44.84848484848485,1203.1398074481588
Afternoons,LightGBM,45.45454545454545,1203.1398074481588
Afternoons,LightGBM,46.06060606060606,1203.1398074481588
Afternoons,LightGBM,46.66666666666667,1203.1398074481588
Afternoons,LightGBM,47.27272727272727,1203.1398074481588
Afternoons,LightGBM,47.87878787878788,1203.1398074481588
Afternoons,LightGBM,48.484848484848484,1203.1398074481588
Afternoons,LightGBM,49.09090909090909,1203.1398074481588
Afternoons,LightGBM,49.696969696969695,1203.1398074481588
Afternoons,LightGBM,50.303030303030305,1203.1398074481588
Afternoons,LightGBM,50.909090909090914,1203.1398074481588
Afternoons,LightGBM,51.515151515151516,1203.1398074481588
Afternoons,LightGBM,52.121212121212125,1203.1398074481588
Afternoons,LightGBM,52.72727272727273,1203.1398074481588
Afternoons,LightGBM,53.333333333333336,1203.1398074481588
Afternoons,LightGBM,53.93939393939394,1203.1398074481588
Afternoons,LightGBM,54.54545454545455,2535.733781790723
Afternoons,LightGBM,55.151515151515156,2535.733781790723
Afternoons,LightGBM,55.75757575757576,2535.733781790723
Afternoons,LightGBM,56.36363636363637,2535.733781790723
Afternoons,LightGBM,56.96969696969697,2535.733781790723
Afternoons,LightGBM,57.57575757575758,2535.733781790723
Afternoons,LightGBM,58.18181818181819,2535.733781790723
Afternoons,LightGBM,58.78787878787879,2535.733781790723
Afternoons,LightGBM,59.3939393939394,2535.733781790723
Afternoons,LightGBM,60.0,2535.733781790723
Afternoons,XGBoost,0.0,1188.9443359375
Afternoons,XGBoost,0.6060606060606061,1188.9443359375
Afternoons,XGBoost,1.2121212121212122,1189.104736328125
Afternoons,XGBoost,1.8181818181818183,1189.104736328125
Afternoons,XGBoost,2.4242424242424243,1189.2945556640625
Afternoons,XGBoost,3.0303030303030303,1189.8489990234375
Afternoons,XGBoost,3.6363636363636367,1189.8489990234375
Afternoons,XGBoost,4.242424242424242,1189.5335693359375
Afternoons,XGBoost,4.848484848484849,1189.5335693359375
Afternoons,XGBoost,5.454545454545455,1189.5335693359375
Afternoons,XGBoost,6.0606060606060606,1190.6759033203125
Afternoons,XGBoost,6.666666666666667,1190.6759033203125
Afternoons,XGBoost,7.272727272727273,1190.7550048828125
Afternoons,XGBoost,7.878787878787879,1190.7550048828125
Afternoons,XGBoost,8.484848484848484,1190.8231201171875
Afternoons,XGBoost,9.090909090909092,1191.1348876953125
Afternoons,XGBoost,9.696969696969697,1191.1348876953125
Afternoons,XGBoost,10.303030303030303,1191.2830810546875
Afternoons,XGBoost,10.90909090909091,1191.2830810546875
Afternoons,XGBoost,11.515151515151516,1191.2830810546875
Afternoons,XGBoost,12.121212121212121,1191.2830810546875
Afternoons,XGBoost,12.727272727272728,1191.2830810546875
Afternoons,XGBoost,13.333333333333334,1191.2830810546875
Afternoons,XGBoost,13.93939393939394,1191.2830810546875
Afternoons,XGBoost,14.545454545454547,1197.6202392578125
Afternoons,XGBoost,15.151515151515152,1197.6146240234375
Afternoons,XGBoost,15.757575757575758,1197.6146240234375
Afternoons,XGBoost,16.363636363636363,1197.33544921875
Afternoons,XGBoost,16.96969696969697,1197.33544921875
Afternoons,XGBoost,17.575757575757578,1197.33544921875
Afternoons,XGBoost,18.181818181818183,1197.33544921875
Afternoons,XGBoost,18.78787878787879,1197.33544921875
Afternoons,XGBoost,19.393939393939394,1197.33544921875
Afternoons,XGBoost,20.0,1197.4473876953125
Afternoons,XGBoost,20.606060606060606,1197.4473876953125
Afternoons,XGBoost,21.21212121212121,1197.501220703125
Afternoons,XGBoost,21.81818181818182,1197.501220703125
Afternoons,XGBoost,22.424242424242426,1197.501220703125
Afternoons,XGBoost,23.03030303030303,1197.501220703125
Afternoons,XGBoost,23.636363636363637,1197.501220703125
Afternoons,XGBoost,24.242424242424242,1197.4747314453125
Afternoons,XGBoost,24.848484848484848,1197.4747314453125
Afternoons,XGBoost,25.454545454545457,1197.4747314453125
Afternoons,XGBoost,26.060606060606062,1197.4747314453125
Afternoons,XGBoost,26.666666666666668,1197.4747314453125
Afternoons,XGBoost,27.272727272727273,1197.4747314453125
Afternoons,XGBoost,27.87878787878788,1197.4747314453125
Afternoons,XGBoost,28.484848484848484,1197.4747314453125
Afternoons,XGBoost,29.090909090909093,1197.4747314453125
Afternoons,XGBoost,29.6969696969697,1197.4747314453125
Afternoons,XGBoost,30.303030303030305,1197.4747314453125
Afternoons,XGBoost,30.90909090909091,1197.4747314453125
Afternoons,XGBoost,31.515151515151516,1197.4747314453125
Afternoons,XGBoost,32.121212121212125,1197.4747314453125
Afternoons,XGBoost,32.72727272727273,1197.4747314453125
Afternoons,XGBoost,33.333333333333336,1197.4747314453125
Afternoons,XGBoost,33.93939393939394,1197.4747314453125
Afternoons,XGBoost,34.54545454545455,1197.4747314453125
Afternoons,XGBoost,35.151515151515156,1197.4747314453125
Afternoons,XGBoost,35.75757575757576,1197.4747314453125
Afternoons,XGBoost,36.36363636363637,1197.4747314453125
Afternoons,XGBoost,36.96969696969697,1197.4747314453125
Afternoons,XGBoost,37.57575757575758,1197.4747314453125
Afternoons,XGBoost,38.18181818181818,1197.4747314453125
Afternoons,XGBoost,38.78787878787879,1197.4747314453125
Afternoons,XGBoost,39.3939393939394,1197.6201171875
Afternoons,XGBoost,40.0,1197.6201171875
Afternoons,XGBoost,40.60606060606061,1197.6201171875
Afternoons,XGBoost,41.21212121212121,1197.6201171875
Afternoons,XGBoost,41.81818181818182,1197.6201171875
Afternoons,XGBoost,42.42424242424242,1197.6201171875
Afternoons,XGBoost,43.03030303030303,1197.6201171875
Afternoons,XGBoost,43.63636363636364,1197.6201171875
Afternoons,XGBoost,44.24242424242424,1197.6201171875
Afternoons,XGBoost,44.84848484848485,1197.6201171875
Afternoons,XGBoost,45.45454545454545,1197.6201171875
Afternoons,XGBoost,46.06060606060606,1197.6201171875
Afternoons,XGBoost,46.66666666666667,1197.6201171875
Afternoons,XGBoost,47.27272727272727,1197.6201171875
Afternoons,XGBoost,47.87878787878788,1197.6201171875
Afternoons,XGBoost,48.484848484848484,1197.6201171875
Afternoons,XGBoost,49.09090909090909,1198.986083984375
Afternoons,XGBoost,49.696969696969695,1198.986083984375
Afternoons,XGBoost,50.303030303030305,1198.986083984375
Afternoons,XGBoost,50.909090909090914,1198.986083984375
Afternoons,XGBoost,51.515151515151516,1198.986083984375
Afternoons,XGBoost,52.121212121212125,1198.986083984375
Afternoons,XGBoost,52.72727272727273,1198.986083984375
Afternoons,XGBoost,53.333333333333336,1198.986083984375
Afternoons,XGBoost,53.93939393939394,1198.986083984375
Afternoons,XGBoost,54.54545454545455,1198.986083984375
Afternoons,XGBoost,55.151515151515156,1198.986083984375
Afternoons,XGBoost,55.75757575757576,1198.986083984375
Afternoons,XGBoost,56.36363636363637,1198.986083984375
Afternoons,XGBoost,56.96969696969697,1198.986083984375
Afternoons,XGBoost,57.57575757575758,1198.986083984375
Afternoons,XGBoost,58.18181818181819,1198.986083984375
Afternoons,XGBoost,58.78787878787879,1198.986083984375
Afternoons,XGBoost,59.3939393939394,1198.986083984375
Afternoons,XGBoost,60.0,2509.89111328125
Evenings,LightGBM,0.0,507.82281269410134
Evenings,LightGBM,0.6060606060606061,505.83275068053507
Evenings,LightGBM,1.2121212121212122,505.83275068053507
Evenings,LightGBM,1.8181818181818183,512.0560919266474
Evenings,LightGBM,2.4242424242424243,512.0560919266474
Evenings,LightGBM,3.0303030303030303,512.0560919266474
Evenings,LightGBM,3.6363636363636367,512.0560919266474
Evenings,LightGBM,4.242424242424242,512.0560919266474
Evenings,LightGBM,4.848484848484849,512.1108594946635
Evenings,LightGBM,5.454545454545455,512.1108594946635
Evenings,LightGBM,6.0606060606060606,513.4761966742341
Evenings,LightGBM,6.666666666666667,513.4033858679569
Evenings,LightGBM,7.272727272727273,513.4033858679569
Evenings,LightGBM,7.878787878787879,513.5434023963758
Evenings,LightGBM,8.484848484848484,513.5434023963758
Evenings,LightGBM,9.090909090909092,519.6272877298071
Evenings,LightGBM,9.696969696969697,521.4599252116819
Evenings,LightGBM,10.303030303030303,521.4599252116819
Evenings,LightGBM,10.90909090909091,521.4599252116819
Evenings,LightGBM,11.515151515151516,521.4599252116819
Evenings,LightGBM,12.121212121212121,521.4599252116819
Evenings,LightGBM,12.727272727272728,521.4599252116819
Evenings,LightGBM,13.333333333333334,521.4599252116819
Evenings,LightGBM,13.93939393939394,524.3385187655251
Evenings,LightGBM,14.545454545454547,526.2645014589333
Evenings,LightGBM,15.151515151515152,526.2645014589333
Evenings,LightGBM,15.757575757575758,526.4962959650171
Evenings,LightGBM,16.363636363636363,526.4962959650171
Evenings,LightGBM,16.96969696969697,526.4962959650171
Evenings,LightGBM,17.575757575757578,526.4962959650171
Evenings,LightGBM,18.181818181818183,526.2948305589955
Evenings,LightGBM,18.78787878787879,526.2948305589955
Evenings,LightGBM,19.393939393939394,526.2948305589955
Evenings,LightGBM,20.0,526.2948305589955
Evenings,LightGBM,20.606060606060606,530.7156342196753
Evenings,LightGBM,21.21212121212121,530.7156342196753
Evenings,LightGBM,21.81818181818182,530.7156342196753
Evenings,LightGBM,22.424242424242426,530.7156342196753
Evenings,LightGBM,23.03030303030303,543.9709774748823
Evenings,LightGBM,23.636363636363637,543.9709774748823
Evenings,LightGBM,24.242424242424242,543.9709774748823
Evenings,LightGBM,24.848484848484848,543.9709774748823
Evenings,LightGBM,25.454545454545457,543.9709774748823
Evenings,LightGBM,26.060606060606062,543.9709774748823
Evenings,LightGBM,26.666666666666668,543.9709774748823
Evenings,LightGBM,27.272727272727273,543.9709774748823
Evenings,LightGBM,27.87878787878788,543.9943297715758
Evenings,LightGBM,28.484848484848484,543.9943297715758
Evenings,LightGBM,29.090909090909093,543.9943297715758
Evenings,LightGBM,29.6969696969697,543.9943297715758
Evenings,LightGBM,30.303030303030305,543.9943297715758
Evenings,LightGBM,30.90909090909091,543.9943297715758
Evenings,LightGBM,31.515151515151516,543.9943297715758
Evenings,LightGBM,32.121212121212125,543.9943297715758
Evenings,LightGBM,32.72727272727273,543.9943297715758
Evenings,LightGBM,33.333333333333336,543.9943297715758
Evenings,LightGBM,33.93939393939394,543.9943297715758
Evenings,LightGBM,34.54545454545455,543.9943297715758
Evenings,LightGBM,35.151515151515156,545.3210979244927
Evenings,LightGBM,35.75757575757576,545.3210979244927
Evenings,LightGBM,36.36363636363637,545.3210979244927
Evenings,LightGBM,36.96969696969697,545.3210979244927
Evenings,LightGBM,37.57575757575758,545.3210979244927
Evenings,LightGBM,38.18181818181818,545.3210979244927
Evenings,LightGBM,38.78787878787879,545.3210979244927
Evenings,LightGBM,39.3939393939394,545.3210979244927
Evenings,LightGBM,40.0,545.3210979244927
Evenings,LightGBM,40.60606060606061,545.3210979244927
Evenings,LightGBM,41.21212121212121,545.3210979244927
Evenings,LightGBM,41.81818181818182,545.3210979244927
Evenings,LightGBM,42.42424242424242,545.3210979244927
Evenings,LightGBM,43.03030303030303,545.3210979244927
Evenings,LightGBM,43.63636363636364,545.3210979244927
Evenings,LightGBM,44.24242424242424,550.4374465869747
Evenings,LightGBM,44.84848484848485,550.4374465869747
Evenings,LightGBM,45.45454545454545,550.4374465869747
Evenings,LightGBM,46.06060606060606,550.4374465869747
Evenings,LightGBM,46.66666666666667,550.4374465869747
Evenings,LightGBM,47.27272727272727,550.4374465869747
Evenings,LightGBM,47.87878787878788,550.4374465869747
Evenings,LightGBM,48.484848484848484,550.4374465869747
Evenings,LightGBM,49.09090909090909,550.4374465869747
Evenings,LightGBM,49.696969696969695,550.4374465869747
Evenings,LightGBM,50.303030303030305,550.4374465869747
Evenings,LightGBM,50.909090909090914,550.4374465869747
Evenings,LightGBM,51.515151515151516,550.4374465869747
Evenings,LightGBM,52.121212121212125,550.4374465869747
Evenings,LightGBM,52.72727272727273,550.4374465869747
Evenings,LightGBM,53.333333333333336,550.4374465869747
Evenings,LightGBM,53.93939393939394,550.4374465869747
Evenings,LightGBM,54.54545454545455,1422.351174398962
Evenings,LightGBM,55.151515151515156,1422.351174398962
Evenings,LightGBM,55.75757575757576,1422.351174398962
Evenings,LightGBM,56.36363636363637,1422.351174398962
Evenings,LightGBM,56.96969696969697,1422.351174398962
Evenings,LightGBM,57.57575757575758,1422.351174398962
Evenings,LightGBM,58.18181818181819,1422.351174398962
Evenings,LightGBM,58.78787878787879,1422.351174398962
Evenings,LightGBM,59.3939393939394,1422.351174398962
Evenings,LightGBM,60.0,1422.351174398962
Evenings,XGBoost,0.0,514.1404418945312
Evenings,XGBoost,0.6060606060606061,514.1404418945312
Evenings,XGBoost,1.2121212121212122,512.150146484375
Evenings,XGBoost,1.8181818181818183,512.150146484375
Evenings,XGBoost,2.4242424242424243,512.1787719726562
Evenings,XGBoost,3.0303030303030303,512.1668090820312
Evenings,XGBoost,3.6363636363636367,512.1668090820312
Evenings,XGBoost,4.242424242424242,512.0189208984375
Evenings,XGBoost,4.848484848484849,512.0189208984375
Evenings,XGBoost,5.454545454545455,512.9877319335938
Evenings,XGBoost,6.0606060606060606,511.7276916503906
Evenings,XGBoost,6.666666666666667,511.7276916503906
Evenings,XGBoost,7.272727272727273,511.4210510253906
Evenings,XGBoost,7.878787878787879,511.4210510253906
Evenings,XGBoost,8.484848484848484,512.2933349609375
Evenings,XGBoost,9.090909090909092,517.3179321289062
Evenings,XGBoost,9.696969696969697,517.3179321289062
Evenings,XGBoost,10.303030303030303,517.7762451171875
Evenings,XGBoost,10.90909090909091,517.7762451171875
Evenings,XGBoost,11.515151515151516,517.7762451171875
Evenings,XGBoost,12.121212121212121,517.7762451171875
Evenings,XGBoost,12.727272727272728,517.7762451171875
Evenings,XGBoost,13.333333333333334,521.0374145507812
Evenings,XGBoost,13.93939393939394,521.0374145507812
Evenings,XGBoost,14.545454545454547,525.41015625
Evenings,XGBoost,15.151515151515152,525.55517578125
Evenings,XGBoost,15.757575757575758,525.55517578125
Evenings,XGBoost,16.363636363636363,525.4415283203125
Evenings,XGBoost,16.96969696969697,525.4415283203125
Evenings,XGBoost,17.575757575757578,525.4415283203125
Evenings,XGBoost,18.181818181818183,525.4415283203125
Evenings,XGBoost,18.78787878787879,525.4415283203125
Evenings,XGBoost,19.393939393939394,525.4415283203125
Evenings,XGBoost,20.0,525.423583984375
Evenings,XGBoost,20.606060606060606,525.423583984375
Evenings,XGBoost,21.21212121212121,526.3125610351562
Evenings,XGBoost,21.81818181818182,526.3125610351562
Evenings,XGBoost,22.424242424242426,526.3125610351562
Evenings,XGBoost,23.03030303030303,526.3125610351562
Evenings,XGBoost,23.636363636363637,526.3125610351562
Evenings,XGBoost,24.242424242424242,557.6665649414062
Evenings,XGBoost,24.848484848484848,557.6665649414062
Evenings,XGBoost,25.454545454545457,557.6665649414062
Evenings,XGBoost,26.060606060606062,557.6665649414062
Evenings,XGBoost,26.666666666666668,557.6665649414062
Evenings,XGBoost,27.272727272727273,557.6665649414062
Evenings,XGBoost,27.87878787878788,557.6665649414062
Evenings,XGBoost,28.484848484848484,557.6665649414062
Evenings,XGBoost,29.090909090909093,557.6665649414062
Evenings,XGBoost,29.6969696969697,557.6665649414062
Evenings,XGBoost,30.303030303030305,557.6665649414062
Evenings,XGBoost,30.90909090909091,557.6665649414062
Evenings,XGBoost,31.515151515151516,557.6665649414062
Evenings,XGBoost,32.121212121212125,557.6665649414062
Evenings,XGBoost,32.72727272727273,557.6665649414062
Evenings,XGBoost,33.333333333333336,557.6665649414062
Evenings,XGBoost,33.93939393939394,557.6665649414062
Evenings,XGBoost,34.54545454545455,557.6665649414062
Evenings,XGBoost,35.151515151515156,557.6665649414062
Evenings,XGBoost,35.75757575757576,557.6665649414062
Evenings,XGBoost,36.36363636363637,557.6665649414062
Evenings,XGBoost,36.96969696969697,557.6665649414062
Evenings,XGBoost,37.57575757575758,557.6665649414062
Evenings,XGBoost,38.18181818181818,557.6665649414062
Evenings,XGBoost,38.78787878787879,557.6665649414062
Evenings,XGBoost,39.3939393939394,557.6849365234375
Evenings,XGBoost,40.0,557.6849365234375
Evenings,XGBoost,40.60606060606061,557.6849365234375
Evenings,XGBoost,41.21212121212121,557.6849365234375
Evenings,XGBoost,41.81818181818182,557.6849365234375
Evenings,XGBoost,42.42424242424242,557.6849365234375
Evenings,XGBoost,43.03030303030303,557.6849365234375
Evenings,XGBoost,43.63636363636364,557.6849365234375
Evenings,XGBoost,44.24242424242424,557.6849365234375
Evenings,XGBoost,44.84848484848485,557.6849365234375
Evenings,XGBoost,45.45454545454545,557.6849365234375
Evenings,XGBoost,46.06060606060606,557.6849365234375
Evenings,XGBoost,46.66666666666667,557.6849365234375
Evenings,XGBoost,47.27272727272727,557.6849365234375
Evenings,XGBoost,47.87878787878788,557.6849365234375
Evenings,XGBoost,48.484848484848484,557.6849365234375
Evenings,XGBoost,49.09090909090909,558.9420166015625
Evenings,XGBoost,49.696969696969695,558.9420166015625
Evenings,XGBoost,50.303030303030305,558.9420166015625
Evenings,XGBoost,50.909090909090914,558.9420166015625
Evenings,XGBoost,51.515151515151516,558.9420166015625
Evenings,XGBoost,52.121212121212125,558.9420166015625
Evenings,XGBoost,52.72727272727273,558.9420166015625
Evenings,XGBoost,53.333333333333336,558.9420166015625
Evenings,XGBoost,53.93939393939394,558.9420166015625
Evenings,XGBoost,54.54545454545455,558.9420166015625
Evenings,XGBoost,55.151515151515156,558.9420166015625
Evenings,XGBoost,55.75757575757576,558.9420166015625
Evenings,XGBoost,56.36363636363637,558.9420166015625
Evenings,XGBoost,56.96969696969697,558.9420166015625
Evenings,XGBoost,57.57575757575758,558.9420166015625
Evenings,XGBoost,58.18181818181819,558.9420166015625
Evenings,XGBoost,58.78787878787879,558.9420166015625
Evenings,XGBoost,59.3939393939394,558.9420166015625
Evenings,XGBoost,60.0,1438.5380859375
Mornings Special,CatBoost,0.0,294.60133674007335
Mornings Special,CatBoost,0.6060606060606061,294.60133674007335
Mornings Special,CatBoost,1.2121212121212122,294.60133674007335
Mornings Special,CatBoost,1.8181818181818183,294.5001468842813
Mornings Special,CatBoost,2.4242424242424243,294.5001468842813
Mornings Special,CatBoost,3.0303030303030303,294.5001468842813
Mornings Special,CatBoost,3.6363636363636367,294.5001468842813
Mornings Special,CatBoost,4.242424242424242,294.5001468842813
Mornings Special,CatBoost,4.848484848484849,294.86674102389077
Mornings Special,CatBoost,5.454545454545455,294.86674102389077
Mornings Special,CatBoost,6.0606060606060606,294.86674102389077
Mornings Special,CatBoost,6.666666666666667,294.89466478502897
Mornings Special,CatBoost,7.272727272727273,294.89466478502897
Mornings Special,CatBoost,7.878787878787879,295.2904456485576
Mornings Special,CatBoost,8.484848484848484,295.2904456485576
Mornings Special,CatBoost,9.090909090909092,295.2904456485576
Mornings Special,CatBoost,9.696969696969697,296.7563062898383
Mornings Special,CatBoost,10.303030303030303,296.7563062898383
Mornings Special,CatBoost,10.90909090909091,296.7563062898383
Mornings Special,CatBoost,11.515151515151516,299.8313138174686
Mornings Special,CatBoost,12.121212121212121,299.8313138174686
Mornings Special,CatBoost,12.727272727272728,299.8313138174686
Mornings Special,CatBoost,13.333333333333334,299.8313138174686
Mornings Special,CatBoost,13.93939393939394,301.212649456519
Mornings Special,CatBoost,14.545454545454547,302.8153791702645
Mornings Special,CatBoost,15.151515151515152,302.8153791702645
Mornings Special,CatBoost,15.757575757575758,305.4296602446133
Mornings Special,CatBoost,16.363636363636363,305.4296602446133
Mornings Special,CatBoost,16.96969696969697,305.4296602446133
Mornings Special,CatBoost,17.575757575757578,305.4296602446133
Mornings Special,CatBoost,18.181818181818183,305.4296602446133
Mornings Special,CatBoost,18.78787878787879,305.4296602446133
Mornings Special,CatBoost,19.393939393939394,305.4296602446133
Mornings Special,CatBoost,20.0,305.4296602446133
Mornings Special,CatBoost,20.606060606060606,305.4296602446133
Mornings Special,CatBoost,21.21212121212121,305.4296602446133
Mornings Special,CatBoost,21.81818181818182,305.4296602446133
Mornings Special,CatBoost,22.424242424242426,305.4296602446133
Mornings Special,CatBoost,23.03030303030303,305.4296602446133
Mornings Special,CatBoost,23.636363636363637,305.4296602446133
Mornings Special,CatBoost,24.242424242424242,305.4296602446133
Mornings Special,CatBoost,24.848484848484848,305.4296602446133
Mornings Special,CatBoost,25.454545454545457,305.4296602446133
Mornings Special,CatBoost,26.060606060606062,305.4296602446133
Mornings Special,CatBoost,26.666666666666668,305.4296602446133
Mornings Special,CatBoost,27.272727272727273,305.4296602446133
Mornings Special,CatBoost,27.87878787878788,310.804890645073
Mornings Special,CatBoost,28.484848484848484,310.804890645073
Mornings Special,CatBoost,29.090909090909093,310.804890645073
Mornings Special,CatBoost,29.6969696969697,310.804890645073
Mornings Special,CatBoost,30.303030303030305,310.804890645073
Mornings Special,CatBoost,30.90909090909091,310.804890645073
Mornings Special,CatBoost,31.515151515151516,310.804890645073
Mornings Special,CatBoost,32.121212121212125,310.804890645073
Mornings Special,CatBoost,32.72727272727273,310.804890645073
Mornings Special,CatBoost,33.333333333333336,310.804890645073
Mornings Special,CatBoost,33.93939393939394,310.804890645073
Mornings Special,CatBoost,34.54545454545455,310.804890645073
Mornings Special,CatBoost,35.151515151515156,311.12446188304756
Mornings Special,CatBoost,35.75757575757576,311.12446188304756
Mornings Special,CatBoost,36.36363636363637,311.12446188304756
Mornings Special,CatBoost,36.96969696969697,311.12446188304756
Mornings Special,CatBoost,37.57575757575758,311.12446188304756
Mornings Special,CatBoost,38.18181818181818,311.12446188304756
Mornings Special,CatBoost,38.78787878787879,311.12446188304756
Mornings Special,CatBoost,39.3939393939394,311.12446188304756
Mornings Special,CatBoost,40.0,311.12446188304756
Mornings Special,CatBoost,40.60606060606061,311.12446188304756
Mornings Special,CatBoost,41.21212121212121,311.12446188304756
Mornings Special,CatBoost,41.81818181818182,311.12446188304756
Mornings Special,CatBoost,42.42424242424242,311.12446188304756
Mornings Special,CatBoost,43.03030303030303,311.12446188304756
Mornings Special,CatBoost,43.63636363636364,311.12446188304756
Mornings Special,CatBoost,44.24242424242424,315.8117584091296
Mornings Special,CatBoost,44.84848484848485,315.8117584091296
Mornings Special,CatBoost,45.45454545454545,315.8117584091296
Mornings Special,CatBoost,46.06060606060606,315.8117584091296
Mornings Special,CatBoost,46.66666666666667,315.8117584091296
Mornings Special,CatBoost,47.27272727272727,315.8117584091296
Mornings Special,CatBoost,47.87878787878788,315.8117584091296
Mornings Special,CatBoost,48.484848484848484,315.8117584091296
Mornings Special,CatBoost,49.09090909090909,315.8117584091296
Mornings Special,CatBoost,49.696969696969695,315.8117584091296
Mornings Special,CatBoost,50.303030303030305,315.8117584091296
Mornings Special,CatBoost,50.909090909090914,315.8117584091296
Mornings Special,CatBoost,51.515151515151516,315.8117584091296
Mornings Special,CatBoost,52.121212121212125,315.8117584091296
Mornings Special,CatBoost,52.72727272727273,315.8117584091296
Mornings Special,CatBoost,53.333333333333336,315.8117584091296
Mornings Special,CatBoost,53.93939393939394,315.8117584091296
Mornings Special,CatBoost,54.54545454545455,359.0936737445284
Mornings Special,CatBoost,55.151515151515156,359.0936737445284
Mornings Special,CatBoost,55.75757575757576,359.0936737445284
Mornings Special,CatBoost,56.36363636363637,359.0936737445284
Mornings Special,CatBoost,56.96969696969697,359.0936737445284
Mornings Special,CatBoost,57.57575757575758,359.0936737445284
Mornings Special,CatBoost,58.18181818181819,359.0936737445284
Mornings Special,CatBoost,58.78787878787879,359.0936737445284
Mornings Special,CatBoost,59.3939393939394,359.0936737445284
Mornings Special,CatBoost,60.0,359.0936737445284
Mornings Special,LightGBM,0.0,284.8139497950323
Mornings Special,LightGBM,0.6060606060606061,279.74787822689774
Mornings Special,LightGBM,1.2121212121212122,279.74787822689774
Mornings Special,LightGBM,1.8181818181818183,275.90036021965955
Mornings Special,LightGBM,2.4242424242424243,275.90036021965955
Mornings Special,LightGBM,3.0303030303030303,275.9142100460644
Mornings Special,LightGBM,3.6363636363636367,276.10512717627574
Mornings Special,LightGBM,4.242424242424242,276.10512717627574
Mornings Special,LightGBM,4.848484848484849,276.56540337315073
Mornings Special,LightGBM,5.454545454545455,276.56540337315073
Mornings Special,LightGBM,6.0606060606060606,280.82072033970553
Mornings Special,LightGBM,6.666666666666667,280.2866420550708
Mornings Special,LightGBM,7.272727272727273,280.2866420550708
Mornings Special,LightGBM,7.878787878787879,283.9887057754072
Mornings Special,LightGBM,8.484848484848484,283.9887057754072
Mornings Special,LightGBM,9.090909090909092,280.3936909536828
Mornings Special,LightGBM,9.696969696969697,287.52941065326917
Mornings Special,LightGBM,10.303030303030303,287.52941065326917
Mornings Special,LightGBM,10.90909090909091,287.52941065326917
Mornings Special,LightGBM,11.515151515151516,287.52941065326917
Mornings Special,LightGBM,12.121212121212121,287.52941065326917
Mornings Special,LightGBM,12.727272727272728,287.52941065326917
Mornings Special,LightGBM,13.333333333333334,287.52941065326917
Mornings Special,LightGBM,13.93939393939394,287.85484264533295
Mornings Special,LightGBM,14.545454545454547,290.8595588183117
Mornings Special,LightGBM,15.151515151515152,290.8595588183117
Mornings Special,LightGBM,15.757575757575758,290.78096122648606
Mornings Special,LightGBM,16.363636363636363,290.78096122648606
Mornings Special,LightGBM,16.96969696969697,290.78096122648606
Mornings Special,LightGBM,17.575757575757578,290.78096122648606
Mornings Special,LightGBM,18.181818181818183,290.52650920329046
Mornings Special,LightGBM,18.78787878787879,290.52650920329046
Mornings Special,LightGBM,19.393939393939394,290.52650920329046
Mornings Special,LightGBM,20.0,290.52650920329046
Mornings Special,LightGBM,20.606060606060606,290.5506613799259
Mornings Special,LightGBM,21.21212121212121,290.5506613799259
Mornings Special,LightGBM,21.81818181818182,290.5506613799259
Mornings Special,LightGBM,22.424242424242426,290.5506613799259
Mornings Special,LightGBM,23.03030303030303,290.6260707905808
Mornings Special,LightGBM,23.636363636363637,290.6260707905808
Mornings Special,LightGBM,24.242424242424242,290.6260707905808
Mornings Special,LightGBM,24.848484848484848,290.6260707905808
Mornings Special,LightGBM,25.454545454545457,290.6260707905808
Mornings Special,LightGBM,26.060606060606062,290.6260707905808
Mornings Special,LightGBM,26.666666666666668,290.6260707905808
Mornings Special,LightGBM,27.272727272727273,290.6260707905808
Mornings Special,LightGBM,27.87878787878788,290.9595530451216
Mornings Special,LightGBM,28.484848484848484,290.9595530451216
Mornings Special,LightGBM,29.090909090909093,290.9595530451216
Mornings Special,LightGBM,29.6969696969697,290.9595530451216
Mornings Special,LightGBM,30.303030303030305,290.9595530451216
Mornings Special,LightGBM,30.90909090909091,290.9595530451216
Mornings Special,LightGBM,31.515151515151516,290.9595530451216
Mornings Special,LightGBM,32.121212121212125,290.9595530451216
Mornings Special,LightGBM,32.72727272727273,290.9595530451216
Mornings Special,LightGBM,33.333333333333336,290.9595530451216
Mornings Special,LightGBM,33.93939393939394,290.9595530451216
Mornings Special,LightGBM,34.54545454545455,290.9595530451216
Mornings Special,LightGBM,35.151515151515156,290.99359341118134
Mornings Special,LightGBM,35.75757575757576,290.99359341118134
Mornings Special,LightGBM,36.36363636363637,290.99359341118134
Mornings Special,LightGBM,36.96969696969697,290.99359341118134
Mornings Special,LightGBM,37.57575757575758,290.99359341118134
Mornings Special,LightGBM,38.18181818181818,290.99359341118134
Mornings Special,LightGBM,38.78787878787879,290.99359341118134
Mornings Special,LightGBM,39.3939393939394,290.99359341118134
Mornings Special,LightGBM,40.0,290.99359341118134
Mornings Special,LightGBM,40.60606060606061,290.99359341118134
Mornings Special,LightGBM,41.21212121212121,290.99359341118134
Mornings Special,LightGBM,41.81818181818182,290.99359341118134
Mornings Special,LightGBM,42.42424242424242,290.99359341118134
Mornings Special,LightGBM,43.03030303030303,290.99359341118134
Mornings Special,LightGBM,43.63636363636364,290.99359341118134
Mornings Special,LightGBM,44.24242424242424,325.9689846144534
Mornings Special,LightGBM,44.84848484848485,325.9689846144534
Mornings Special,LightGBM,45.45454545454545,325.9689846144534
Mornings Special,LightGBM,46.06060606060606,325.9689846144534
Mornings Special,LightGBM,46.66666666666667,325.9689846144534
Mornings Special,LightGBM,47.27272727272727,325.9689846144534
Mornings Special,LightGBM,47.87878787878788,325.9689846144534
Mornings Special,LightGBM,48.484848484848484,325.9689846144534
Mornings Special,LightGBM,49.09090909090909,325.9689846144534
Mornings Special,LightGBM,49.696969696969695,325.9689846144534
Mornings Special,LightGBM,50.303030303030305,325.9689846144534
Mornings Special,LightGBM,50.909090909090914,325.9689846144534
Mornings Special,LightGBM,51.515151515151516,325.9689846144534
Mornings Special,LightGBM,52.121212121212125,325.9689846144534
Mornings Special,LightGBM,52.72727272727273,325.9689846144534
Mornings Special,LightGBM,53.333333333333336,325.9689846144534
Mornings Special,LightGBM,53.93939393939394,325.9689846144534
Mornings Special,LightGBM,54.54545454545455,787.3271390207287
Mornings Special,LightGBM,55.151515151515156,787.3271390207287
Mornings Special,LightGBM,55.75757575757576,787.3271390207287
Mornings Special,LightGBM,56.36363636363637,787.3271390207287
Mornings Special,LightGBM,56.96969696969697,787.3271390207287
Mornings Special,LightGBM,57.57575757575758,787.3271390207287
Mornings Special,LightGBM,58.18181818181819,787.3271390207287
Mornings Special,LightGBM,58.78787878787879,787.3271390207287
Mornings Special,LightGBM,59.3939393939394,787.3271390207287
Mornings Special,LightGBM,60.0,787.3271390207287
Mornings Special,XGBoost,0.0,279.5439758300781
Mornings Special,XGBoost,0.6060606060606061,279.5439758300781
Mornings Special,XGBoost,1.2121212121212122,286.2288513183594
Mornings Special,XGBoost,1.8181818181818183,286.2288513183594
Mornings Special,XGBoost,2.4242424242424243,286.8057556152344
Mornings Special,XGBoost,3.0303030303030303,286.99664306640625
Mornings Special,XGBoost,3.6363636363636367,286.99664306640625
Mornings Special,XGBoost,4.242424242424242,287.0948486328125
Mornings Special,XGBoost,4.848484848484849,287.0948486328125
Mornings Special,XGBoost,5.454545454545455,287.0112609863281
Mornings Special,XGBoost,6.0606060606060606,286.99444580078125
Mornings Special,XGBoost,6.666666666666667,286.99444580078125
Mornings Special,XGBoost,7.272727272727273,286.992919921875
Mornings Special,XGBoost,7.878787878787879,286.992919921875
Mornings Special,XGBoost,8.484848484848484,287.0524597167969
Mornings Special,XGBoost,9.090909090909092,286.1324157714844
Mornings Special,XGBoost,9.696969696969697,286.1324157714844
Mornings Special,XGBoost,10.303030303030303,287.5299072265625
Mornings Special,XGBoost,10.90909090909091,287.5299072265625
Mornings Special,XGBoost,11.515151515151516,287.5299072265625
Mornings Special,XGBoost,12.121212121212121,287.5299072265625
Mornings Special,XGBoost,12.727272727272728,287.5299072265625
Mornings Special,XGBoost,13.333333333333334,287.5299072265625
Mornings Special,XGBoost,13.93939393939394,287.5299072265625
Mornings Special,XGBoost,14.545454545454547,289.3774108886719
Mornings Special,XGBoost,15.151515151515152,289.43341064453125
Mornings Special,XGBoost,15.757575757575758,289.43341064453125
Mornings Special,XGBoost,16.363636363636363,288.5104064941406
Mornings Special,XGBoost,16.96969696969697,288.5104064941406
Mornings Special,XGBoost,17.575757575757578,288.5104064941406
Mornings Special,XGBoost,18.181818181818183,288.5104064941406
Mornings Special,XGBoost,18.78787878787879,288.5104064941406
Mornings Special,XGBoost,19.393939393939394,288.5104064941406
Mornings Special,XGBoost,20.0,288.5104064941406
Mornings Special,XGBoost,20.606060606060606,288.5104064941406
Mornings Special,XGBoost,21.21212121212121,288.3563537597656
Mornings Special,XGBoost,21.81818181818182,288.3563537597656
Mornings Special,XGBoost,22.424242424242426,288.3563537597656
Mornings Special,XGBoost,23.03030303030303,288.3563537597656
Mornings Special,XGBoost,23.636363636363637,288.3563537597656
Mornings Special,XGBoost,24.242424242424242,288.3734130859375
Mornings Special,XGBoost,24.848484848484848,288.3734130859375
Mornings Special,XGBoost,25.454545454545457,288.3734130859375
Mornings Special,XGBoost,26.060606060606062,288.3734130859375
Mornings Special,XGBoost,26.666666666666668,288.3734130859375
Mornings Special,XGBoost,27.272727272727273,288.3734130859375
Mornings Special,XGBoost,27.87878787878788,288.3734130859375
Mornings Special,XGBoost,28.484848484848484,288.3734130859375
Mornings Special,XGBoost,29.090909090909093,288.3734130859375
Mornings Special,XGBoost,29.6969696969697,288.3734130859375
Mornings Special,XGBoost,30.303030303030305,288.3734130859375
Mornings Special,XGBoost,30.90909090909091,288.3734130859375
Mornings Special,XGBoost,31.515151515151516,287.80963134765625
Mornings Special,XGBoost,32.121212121212125,287.80963134765625
Mornings Special,XGBoost,32.72727272727273,287.80963134765625
Mornings Special,XGBoost,33.333333333333336,287.80963134765625
Mornings Special,XGBoost,33.93939393939394,287.80963134765625
Mornings Special,XGBoost,34.54545454545455,287.80963134765625
Mornings Special,XGBoost,35.151515151515156,287.80963134765625
Mornings Special,XGBoost,35.75757575757576,287.80963134765625
Mornings Special,XGBoost,36.36363636363637,287.80963134765625
Mornings Special,XGBoost,36.96969696969697,287.80963134765625
Mornings Special,XGBoost,37.57575757575758,287.80963134765625
Mornings Special,XGBoost,38.18181818181818,287.80963134765625
Mornings Special,XGBoost,38.78787878787879,287.80963134765625
Mornings Special,XGBoost,39.3939393939394,317.349853515625
Mornings Special,XGBoost,40.0,317.349853515625
Mornings Special,XGBoost,40.60606060606061,317.349853515625
Mornings Special,XGBoost,41.21212121212121,317.349853515625
Mornings Special,XGBoost,41.81818181818182,317.349853515625
Mornings Special,XGBoost,42.42424242424242,317.349853515625
Mornings Special,XGBoost,43.03030303030303,317.349853515625
Mornings Special,XGBoost,43.63636363636364,317.349853515625
Mornings Special,XGBoost,44.24242424242424,317.349853515625
Mornings Special,XGBoost,44.84848484848485,317.349853515625
Mornings Special,XGBoost,45.45454545454545,317.349853515625
Mornings Special,XGBoost,46.06060606060606,317.349853515625
Mornings Special,XGBoost,46.66666666666667,317.349853515625
Mornings Special,XGBoost,47.27272727272727,317.349853515625
Mornings Special,XGBoost,47.87878787878788,317.349853515625
Mornings Special,XGBoost,48.484848484848484,317.349853515625
Mornings Special,XGBoost,49.09090909090909,334.00421142578125
Mornings Special,XGBoost,49.696969696969695,334.00421142578125
Mornings Special,XGBoost,50.303030303030305,334.00421142578125
Mornings Special,XGBoost,50.909090909090914,334.00421142578125
Mornings Special,XGBoost,51.515151515151516,334.00421142578125
Mornings Special,XGBoost,52.121212121212125,334.00421142578125
Mornings Special,XGBoost,52.72727272727273,334.00421142578125
Mornings Special,XGBoost,53.333333333333336,334.00421142578125
Mornings Special,XGBoost,53.93939393939394,334.00421142578125
Mornings Special,XGBoost,54.54545454545455,334.00421142578125
Mornings Special,XGBoost,55.151515151515156,334.00421142578125
Mornings Special,XGBoost,55.75757575757576,334.00421142578125
Mornings Special,XGBoost,56.36363636363637,334.00421142578125
Mornings Special,XGBoost,56.96969696969697,334.00421142578125
Mornings Special,XGBoost,57.57575757575758,334.00421142578125
Mornings Special,XGBoost,58.18181818181819,334.00421142578125
Mornings Special,XGBoost,58.78787878787879,334.00421142578125
Mornings Special,XGBoost,59.3939393939394,334.00421142578125
Mornings Special,XGBoost,60.0,807.98681640625
Afternoons Special,LightGBM,0.0,932.0355387125702
Afternoons Special,LightGBM,0.6060606060606061,908.7812002835431
Afternoons Special,LightGBM,1.2121212121212122,908.7812002835431
Afternoons Special,LightGBM,1.8181818181818183,908.8085289829612
Afternoons Special,LightGBM,2.4242424242424243,908.8085289829612
Afternoons Special,LightGBM,3.0303030303030303,910.7377006562193
Afternoons Special,LightGBM,3.6363636363636367,912.3242366616225
Afternoons Special,LightGBM,4.242424242424242,912.3242366616225
Afternoons Special,LightGBM,4.848484848484849,915.3479591052698
Afternoons Special,LightGBM,5.454545454545455,915.3479591052698
Afternoons Special,LightGBM,6.0606060606060606,914.9460531783996
Afternoons Special,LightGBM,6.666666666666667,914.8481300162789
Afternoons Special,LightGBM,7.272727272727273,914.8481300162789
Afternoons Special,LightGBM,7.878787878787879,917.3676476475571
Afternoons Special,LightGBM,8.484848484848484,917.3676476475571
Afternoons Special,LightGBM,9.090909090909092,917.0655834394933
Afternoons Special,LightGBM,9.696969696969697,917.6051057831976
Afternoons Special,LightGBM,10.303030303030303,917.6051057831976
Afternoons Special,LightGBM,10.90909090909091,917.6051057831976
Afternoons Special,LightGBM,11.515151515151516,917.6051057831976
Afternoons Special,LightGBM,12.121212121212121,917.6051057831976
Afternoons Special,LightGBM,12.727272727272728,917.6051057831976
Afternoons Special,LightGBM,13.333333333333334,917.6051057831976
Afternoons Special,LightGBM,13.93939393939394,917.632124278718
Afternoons Special,LightGBM,14.545454545454547,933.357107569071
Afternoons Special,LightGBM,15.151515151515152,933.357107569071
Afternoons Special,LightGBM,15.757575757575758,932.3648559890589
Afternoons Special,LightGBM,16.363636363636363,932.3648559890589
Afternoons Special,LightGBM,16.96969696969697,932.3648559890589
Afternoons Special,LightGBM,17.575757575757578,932.3648559890589
Afternoons Special,LightGBM,18.181818181818183,932.3093509423522
Afternoons Special,LightGBM,18.78787878787879,932.3093509423522
Afternoons Special,LightGBM,19.393939393939394,932.3093509423522
Afternoons Special,LightGBM,20.0,932.3093509423522
Afternoons Special,LightGBM,20.606060606060606,933.4048877699106
Afternoons Special,LightGBM,21.21212121212121,933.4048877699106
Afternoons Special,LightGBM,21.81818181818182,933.4048877699106
Afternoons Special,LightGBM,22.424242424242426,933.4048877699106
Afternoons Special,LightGBM,23.03030303030303,946.3988457494862
Afternoons Special,LightGBM,23.636363636363637,946.3988457494862
Afternoons Special,LightGBM,24.242424242424242,946.3988457494862
Afternoons Special,LightGBM,24.848484848484848,946.3988457494862
Afternoons Special,LightGBM,25.454545454545457,946.3988457494862
Afternoons Special,LightGBM,26.060606060606062,946.3988457494862
Afternoons Special,LightGBM,26.666666666666668,946.3988457494862
Afternoons Special,LightGBM,27.272727272727273,946.3988457494862
Afternoons Special,LightGBM,27.87878787878788,946.4295875604473
Afternoons Special,LightGBM,28.484848484848484,946.4295875604473
Afternoons Special,LightGBM,29.090909090909093,946.4295875604473
Afternoons Special,LightGBM,29.6969696969697,946.4295875604473
Afternoons Special,LightGBM,30.303030303030305,946.4295875604473
Afternoons Special,LightGBM,30.90909090909091,946.4295875604473
Afternoons Special,LightGBM,31.515151515151516,946.4295875604473
Afternoons Special,LightGBM,32.121212121212125,946.4295875604473
Afternoons Special,LightGBM,32.72727272727273,946.4295875604473
Afternoons Special,LightGBM,33.333333333333336,946.4295875604473
Afternoons Special,LightGBM,33.93939393939394,946.4295875604473
Afternoons Special,LightGBM,34.54545454545455,946.4295875604473
Afternoons Special,LightGBM,35.151515151515156,948.3590844638716
Afternoons Special,LightGBM,35.75757575757576,948.3590844638716
Afternoons Special,LightGBM,36.36363636363637,948.3590844638716
Afternoons Special,LightGBM,36.96969696969697,948.3590844638716
Afternoons Special,LightGBM,37.57575757575758,948.3590844638716
Afternoons Special,LightGBM,38.18181818181818,948.3590844638716
Afternoons Special,LightGBM,38.78787878787879,948.3590844638716
Afternoons Special,LightGBM,39.3939393939394,948.3590844638716
Afternoons Special,LightGBM,40.0,948.3590844638716
Afternoons Special,LightGBM,40.60606060606061,948.3590844638716
Afternoons Special,LightGBM,41.21212121212121,948.3590844638716
Afternoons Special,LightGBM,41.81818181818182,948.3590844638716
Afternoons Special,LightGBM,42.42424242424242,948.3590844638716
Afternoons Special,LightGBM,43.03030303030303,948.3590844638716
Afternoons Special,LightGBM,43.63636363636364,948.3590844638716
Afternoons Special,LightGBM,44.24242424242424,958.7845043882938
Afternoons Special,LightGBM,44.84848484848485,958.7845043882938
Afternoons Special,LightGBM,45.45454545454545,958.7845043882938
Afternoons Special,LightGBM,46.06060606060606,958.7845043882938
Afternoons Special,LightGBM,46.66666666666667,958.7845043882938
Afternoons Special,LightGBM,47.27272727272727,958.7845043882938
Afternoons Special,LightGBM,47.87878787878788,958.7845043882938
Afternoons Special,LightGBM,48.484848484848484,958.7845043882938
Afternoons Special,LightGBM,49.09090909090909,958.7845043882938
Afternoons Special,LightGBM,49.696969696969695,958.7845043882938
Afternoons Special,LightGBM,50.303030303030305,958.7845043882938
Afternoons Special,LightGBM,50.909090909090914,958.7845043882938
Afternoons Special,LightGBM,51.515151515151516,958.7845043882938
Afternoons Special,LightGBM,52.121212121212125,958.7845043882938
Afternoons Special,LightGBM,52.72727272727273,958.7845043882938
Afternoons Special,LightGBM,53.333333333333336,958.7845043882938
Afternoons Special,LightGBM,53.93939393939394,958.7845043882938
Afternoons Special,LightGBM,54.54545454545455,2437.303545706772
Afternoons Special,LightGBM,55.151515151515156,2437.303545706772
Afternoons Special,LightGBM,55.75757575757576,2437.303545706772
Afternoons Special,LightGBM,56.36363636363637,2437.303545706772
Afternoons Special,LightGBM,56.96969696969697,2437.303545706772
Afternoons Special,LightGBM,57.57575757575758,2437.303545706772
Afternoons Special,LightGBM,58.18181818181819,2437.303545706772
Afternoons Special,LightGBM,58.78787878787879,2437.303545706772
Afternoons Special,LightGBM,59.3939393939394,2437.303545706772
Afternoons Special,LightGBM,60.0,2437.303545706772
Afternoons Special,XGBoost,0.0,922.4801025390625
Afternoons Special,XGBoost,0.6060606060606061,922.4801025390625
Afternoons Special,XGBoost,1.2121212121212122,905.2578125
Afternoons Special,XGBoost,1.8181818181818183,905.2578125
Afternoons Special,XGBoost,2.4242424242424243,907.3641967773438
Afternoons Special,XGBoost,3.0303030303030303,909.4588012695312
Afternoons Special,XGBoost,3.6363636363636367,909.4588012695312
Afternoons Special,XGBoost,4.242424242424242,909.52197265625
Afternoons Special,XGBoost,4.848484848484849,909.52197265625
Afternoons Special,XGBoost,5.454545454545455,909.6692504882812
Afternoons Special,XGBoost,6.0606060606060606,908.98681640625
Afternoons Special,XGBoost,6.666666666666667,908.98681640625
Afternoons Special,XGBoost,7.272727272727273,910.0211181640625
Afternoons Special,XGBoost,7.878787878787879,910.0211181640625
Afternoons Special,XGBoost,8.484848484848484,912.2634887695312
Afternoons Special,XGBoost,9.090909090909092,899.68017578125
Afternoons Special,XGBoost,9.696969696969697,899.68017578125
Afternoons Special,XGBoost,10.303030303030303,899.608154296875
Afternoons Special,XGBoost,10.90909090909091,899.608154296875
Afternoons Special,XGBoost,11.515151515151516,899.608154296875
Afternoons Special,XGBoost,12.121212121212121,899.608154296875
Afternoons Special,XGBoost,12.727272727272728,899.608154296875
Afternoons Special,XGBoost,13.333333333333334,901.5020141601562
Afternoons Special,XGBoost,13.93939393939394,901.5020141601562
Afternoons Special,XGBoost,14.545454545454547,906.3857421875
Afternoons Special,XGBoost,15.151515151515152,906.4966430664062
Afternoons Special,XGBoost,15.757575757575758,906.4966430664062
Afternoons Special,XGBoost,16.363636363636363,907.7476806640625
Afternoons Special,XGBoost,16.96969696969697,907.7476806640625
Afternoons Special,XGBoost,17.575757575757578,907.7476806640625
Afternoons Special,XGBoost,18.181818181818183,907.7476806640625
Afternoons Special,XGBoost,18.78787878787879,907.7476806640625
Afternoons Special,XGBoost,19.393939393939394,907.7476806640625
Afternoons Special,XGBoost,20.0,893.4033203125
Afternoons Special,XGBoost,20.606060606060606,893.4033203125
Afternoons Special,XGBoost,21.21212121212121,893.93017578125
Afternoons Special,XGBoost,21.81818181818182,893.93017578125
Afternoons Special,XGBoost,22.424242424242426,893.93017578125
Afternoons Special,XGBoost,23.03030303030303,893.93017578125
Afternoons Special,XGBoost,23.636363636363637,893.93017578125
Afternoons Special,XGBoost,24.242424242424242,947.6005249023438
Afternoons Special,XGBoost,24.848484848484848,947.6005249023438
Afternoons Special,XGBoost,25.454545454545457,947.6005249023438
Afternoons Special,XGBoost,26.060606060606062,947.6005249023438
Afternoons Special,XGBoost,26.666666666666668,947.6005249023438
Afternoons Special,XGBoost,27.272727272727273,947.6005249023438
Afternoons Special,XGBoost,27.87878787878788,947.6005249023438
Afternoons Special,XGBoost,28.484848484848484,947.6005249023438
Afternoons Special,XGBoost,29.090909090909093,947.6005249023438
Afternoons Special,XGBoost,29.6969696969697,947.6005249023438
Afternoons Special,XGBoost,30.303030303030305,947.6005249023438
Afternoons Special,XGBoost,30.90909090909091,947.6005249023438
Afternoons Special,XGBoost,31.515151515151516,947.046875
Afternoons Special,XGBoost,32.121212121212125,947.046875
Afternoons Special,XGBoost,32.72727272727273,947.046875
Afternoons Special,XGBoost,33.333333333333336,947.046875
Afternoons Special,XGBoost,33.93939393939394,947.046875
Afternoons Special,XGBoost,34.54545454545455,947.046875
Afternoons Special,XGBoost,35.151515151515156,947.046875
Afternoons Special,XGBoost,35.75757575757576,947.046875
Afternoons Special,XGBoost,36.36363636363637,947.046875
Afternoons Special,XGBoost,36.96969696969697,947.046875
Afternoons Special,XGBoost,37.57575757575758,947.046875
Afternoons Special,XGBoost,38.18181818181818,947.046875
Afternoons Special,XGBoost,38.78787878787879,947.046875
Afternoons Special,XGBoost,39.3939393939394,949.1932983398438
Afternoons Special,XGBoost,40.0,949.1932983398438
Afternoons Special,XGBoost,40.60606060606061,949.1932983398438
Afternoons Special,XGBoost,41.21212121212121,949.1932983398438
Afternoons Special,XGBoost,41.81818181818182,949.1932983398438
Afternoons Special,XGBoost,42.42424242424242,949.1932983398438
Afternoons Special,XGBoost,43.03030303030303,949.1932983398438
Afternoons Special,XGBoost,43.63636363636364,949.1932983398438
Afternoons Special,XGBoost,44.24242424242424,949.1932983398438
Afternoons Special,XGBoost,44.84848484848485,949.1932983398438
Afternoons Special,XGBoost,45.45454545454545,949.1932983398438
Afternoons Special,XGBoost,46.06060606060606,949.1932983398438
Afternoons Special,XGBoost,46.66666666666667,949.1932983398438
Afternoons Special,XGBoost,47.27272727272727,949.1932983398438
Afternoons Special,XGBoost,47.87878787878788,949.1932983398438
Afternoons Special,XGBoost,48.484848484848484,949.1932983398438
Afternoons Special,XGBoost,49.09090909090909,998.6929931640625
Afternoons Special,XGBoost,49.696969696969695,998.6929931640625
Afternoons Special,XGBoost,50.303030303030305,998.6929931640625
Afternoons Special,XGBoost,50.909090909090914,998.6929931640625
Afternoons Special,XGBoost,51.515151515151516,998.6929931640625
Afternoons Special,XGBoost,52.121212121212125,998.6929931640625
Afternoons Special,XGBoost,52.72727272727273,998.6929931640625
Afternoons Special,XGBoost,53.333333333333336,998.6929931640625
Afternoons Special,XGBoost,53.93939393939394,998.6929931640625
Afternoons Special,XGBoost,54.54545454545455,998.6929931640625
Afternoons Special,XGBoost,55.151515151515156,998.6929931640625
Afternoons Special,XGBoost,55.75757575757576,998.6929931640625
Afternoons Special,XGBoost,56.36363636363637,998.6929931640625
Afternoons Special,XGBoost,56.96969696969697,998.6929931640625
Afternoons Special,XGBoost,57.57575757575758,998.6929931640625
Afternoons Special,XGBoost,58.18181818181819,998.6929931640625
Afternoons Special,XGBoost,58.78787878787879,998.6929931640625
Afternoons Special,XGBoost,59.3939393939394,998.6929931640625
Afternoons Special,XGBoost,60.0,2641.4873046875
Evenings Special,LightGBM,0.0,518.5693242797014
Evenings Special,LightGBM,0.6060606060606061,501.9202310991568
Evenings Special,LightGBM,1.2121212121212122,501.9202310991568
Evenings Special,LightGBM,1.8181818181818183,501.7386549359617
Evenings Special,LightGBM,2.4242424242424243,501.7386549359617
Evenings Special,LightGBM,3.0303030303030303,501.1136014794664
Evenings Special,LightGBM,3.6363636363636367,501.12866454573947
Evenings Special,LightGBM,4.242424242424242,501.12866454573947
Evenings Special,LightGBM,4.848484848484849,503.2839165968792
Evenings Special,LightGBM,5.454545454545455,503.2839165968792
Evenings Special,LightGBM,6.0606060606060606,535.6203363139829
Evenings Special,LightGBM,6.666666666666667,535.6159837993506
Evenings Special,LightGBM,7.272727272727273,535.6159837993506
Evenings Special,LightGBM,7.878787878787879,535.9561945553288
Evenings Special,LightGBM,8.484848484848484,535.9561945553288
Evenings Special,LightGBM,9.090909090909092,522.3018040159138
Evenings Special,LightGBM,9.696969696969697,522.3968348904069
Evenings Special,LightGBM,10.303030303030303,522.3968348904069
Evenings Special,LightGBM,10.90909090909091,522.3968348904069
Evenings Special,LightGBM,11.515151515151516,522.3968348904069
Evenings Special,LightGBM,12.121212121212121,522.3968348904069
Evenings Special,LightGBM,12.727272727272728,522.3968348904069
Evenings Special,LightGBM,13.333333333333334,522.3968348904069
Evenings Special,LightGBM,13.93939393939394,529.1180752393809
Evenings Special,LightGBM,14.545454545454547,550.9035789998702
Evenings Special,LightGBM,15.151515151515152,550.9035789998702
Evenings Special,LightGBM,15.757575757575758,551.9128467036469
Evenings Special,LightGBM,16.363636363636363,551.9128467036469
Evenings Special,LightGBM,16.96969696969697,551.9128467036469
Evenings Special,LightGBM,17.575757575757578,551.9128467036469
Evenings Special,LightGBM,18.181818181818183,552.6842454767221
Evenings Special,LightGBM,18.78787878787879,552.6842454767221
Evenings Special,LightGBM,19.393939393939394,552.6842454767221
Evenings Special,LightGBM,20.0,552.6842454767221
Evenings Special,LightGBM,20.606060606060606,560.4962268700917
Evenings Special,LightGBM,21.21212121212121,560.4962268700917
Evenings Special,LightGBM,21.81818181818182,560.4962268700917
Evenings Special,LightGBM,22.424242424242426,560.4962268700917
Evenings Special,LightGBM,23.03030303030303,580.8758055143825
Evenings Special,LightGBM,23.636363636363637,580.8758055143825
Evenings Special,LightGBM,24.242424242424242,580.8758055143825
Evenings Special,LightGBM,24.848484848484848,580.8758055143825
Evenings Special,LightGBM,25.454545454545457,580.8758055143825
Evenings Special,LightGBM,26.060606060606062,580.8758055143825
Evenings Special,LightGBM,26.666666666666668,580.8758055143825
Evenings Special,LightGBM,27.272727272727273,580.8758055143825
Evenings Special,LightGBM,27.87878787878788,580.675836568529
Evenings Special,LightGBM,28.484848484848484,580.675836568529
Evenings Special,LightGBM,29.090909090909093,580.675836568529
Evenings Special,LightGBM,29.6969696969697,580.675836568529
Evenings Special,LightGBM,30.303030303030305,580.675836568529
Evenings Special,LightGBM,30.90909090909091,580.675836568529
Evenings Special,LightGBM,31.515151515151516,580.675836568529
Evenings Special,LightGBM,32.121212121212125,580.675836568529
Evenings Special,LightGBM,32.72727272727273,580.675836568529
Evenings Special,LightGBM,33.333333333333336,580.675836568529
Evenings Special,LightGBM,33.93939393939394,580.675836568529
Evenings Special,LightGBM,34.54545454545455,580.675836568529
Evenings Special,LightGBM,35.151515151515156,582.539150719067
Evenings Special,LightGBM,35.75757575757576,582.539150719067
Evenings Special,LightGBM,36.36363636363637,582.539150719067
Evenings Special,LightGBM,36.96969696969697,582.539150719067
Evenings Special,LightGBM,37.57575757575758,582.539150719067
Evenings Special,LightGBM,38.18181818181818,582.539150719067
Evenings Special,LightGBM,38.78787878787879,582.539150719067
Evenings Special,LightGBM,39.3939393939394,582.539150719067
Evenings Special,LightGBM,40.0,582.539150719067
Evenings Special,LightGBM,40.60606060606061,582.539150719067
Evenings Special,LightGBM,41.21212121212121,582.539150719067
Evenings Special,LightGBM,41.81818181818182,582.539150719067
Evenings Special,LightGBM,42.42424242424242,582.539150719067
Evenings Special,LightGBM,43.03030303030303,582.539150719067
Evenings Special,LightGBM,43.63636363636364,582.539150719067
Evenings Special,LightGBM,44.24242424242424,589.2034019150353
Evenings Special,LightGBM,44.84848484848485,589.2034019150353
Evenings Special,LightGBM,45.45454545454545,589.2034019150353
Evenings Special,LightGBM,46.06060606060606,589.2034019150353
Evenings Special,LightGBM,46.66666666666667,589.2034019150353
Evenings Special,LightGBM,47.27272727272727,589.2034019150353
Evenings Special,LightGBM,47.87878787878788,589.2034019150353
Evenings Special,LightGBM,48.484848484848484,589.2034019150353
Evenings Special,LightGBM,49.09090909090909,589.2034019150353
Evenings Special,LightGBM,49.696969696969695,589.2034019150353
Evenings Special,LightGBM,50.303030303030305,589.2034019150353
Evenings Special,LightGBM,50.909090909090914,589.2034019150353
Evenings Special,LightGBM,51.515151515151516,589.2034019150353
Evenings Special,LightGBM,52.121212121212125,589.2034019150353
Evenings Special,LightGBM,52.72727272727273,589.2034019150353
Evenings Special,LightGBM,53.333333333333336,589.2034019150353
Evenings Special,LightGBM,53.93939393939394,589.2034019150353
Evenings Special,LightGBM,54.54545454545455,1648.4110753045745
Evenings Special,LightGBM,55.151515151515156,1648.4110753045745
Evenings Special,LightGBM,55.75757575757576,1648.4110753045745
Evenings Special,LightGBM,56.36363636363637,1648.4110753045745
Evenings Special,LightGBM,56.96969696969697,1648.4110753045745
Evenings Special,LightGBM,57.57575757575758,1648.4110753045745
Evenings Special,LightGBM,58.18181818181819,1648.4110753045745
Evenings Special,LightGBM,58.78787878787879,1648.4110753045745
Evenings Special,LightGBM,59.3939393939394,1648.4110753045745
Evenings Special,LightGBM,60.0,1648.4110753045745
Evenings Special,XGBoost,0.0,471.7345886230469
Evenings Special,XGBoost,0.6060606060606061,471.7345886230469
Evenings Special,XGBoost,1.2121212121212122,448.27593994140625
Evenings Special,XGBoost,1.8181818181818183,448.27593994140625
Evenings Special,XGBoost,2.4242424242424243,451.9034729003906
Evenings Special,XGBoost,3.0303030303030303,455.7450866699219
Evenings Special,XGBoost,3.6363636363636367,455.7450866699219
Evenings Special,XGBoost,4.242424242424242,455.4726257324219
Evenings Special,XGBoost,4.848484848484849,455.4726257324219
Evenings Special,XGBoost,5.454545454545455,491.4100341796875
Evenings Special,XGBoost,6.0606060606060606,500.7919006347656
Evenings Special,XGBoost,6.666666666666667,500.7919006347656
Evenings Special,XGBoost,7.272727272727273,504.50469970703125
Evenings Special,XGBoost,7.878787878787879,504.50469970703125
Evenings Special,XGBoost,8.484848484848484,504.4654235839844
Evenings Special,XGBoost,9.090909090909092,502.7854309082031
Evenings Special,XGBoost,9.696969696969697,502.7854309082031
Evenings Special,XGBoost,10.303030303030303,503.0483093261719
Evenings Special,XGBoost,10.90909090909091,503.0483093261719
Evenings Special,XGBoost,11.515151515151516,503.0483093261719
Evenings Special,XGBoost,12.121212121212121,503.0483093261719
Evenings Special,XGBoost,12.727272727272728,503.0483093261719
Evenings Special,XGBoost,13.333333333333334,503.0502014160156
Evenings Special,XGBoost,13.93939393939394,503.0502014160156
Evenings Special,XGBoost,14.545454545454547,507.4067687988281
Evenings Special,XGBoost,15.151515151515152,543.0548706054688
Evenings Special,XGBoost,15.757575757575758,543.0548706054688
Evenings Special,XGBoost,16.363636363636363,606.2975463867188
Evenings Special,XGBoost,16.96969696969697,606.2975463867188
Evenings Special,XGBoost,17.575757575757578,606.2975463867188
Evenings Special,XGBoost,18.181818181818183,606.2975463867188
Evenings Special,XGBoost,18.78787878787879,606.2975463867188
Evenings Special,XGBoost,19.393939393939394,606.2975463867188
Evenings Special,XGBoost,20.0,609.3914794921875
Evenings Special,XGBoost,20.606060606060606,609.3914794921875
Evenings Special,XGBoost,21.21212121212121,609.3914794921875
Evenings Special,XGBoost,21.81818181818182,609.3914794921875
Evenings Special,XGBoost,22.424242424242426,609.3914794921875
Evenings Special,XGBoost,23.03030303030303,609.3914794921875
Evenings Special,XGBoost,23.636363636363637,609.3914794921875
Evenings Special,XGBoost,24.242424242424242,609.87109375
Evenings Special,XGBoost,24.848484848484848,609.87109375
Evenings Special,XGBoost,25.454545454545457,609.87109375
Evenings Special,XGBoost,26.060606060606062,609.87109375
Evenings Special,XGBoost,26.666666666666668,609.87109375
Evenings Special,XGBoost,27.272727272727273,609.87109375
Evenings Special,XGBoost,27.87878787878788,609.87109375
Evenings Special,XGBoost,28.484848484848484,609.87109375
Evenings Special,XGBoost,29.090909090909093,609.87109375
Evenings Special,XGBoost,29.6969696969697,609.87109375
Evenings Special,XGBoost,30.303030303030305,609.87109375
Evenings Special,XGBoost,30.90909090909091,609.87109375
Evenings Special,XGBoost,31.515151515151516,612.63134765625
Evenings Special,XGBoost,32.121212121212125,612.63134765625
Evenings Special,XGBoost,32.72727272727273,612.63134765625
Evenings Special,XGBoost,33.333333333333336,612.63134765625
Evenings Special,XGBoost,33.93939393939394,612.63134765625
Evenings Special,XGBoost,34.54545454545455,612.63134765625
Evenings Special,XGBoost,35.151515151515156,612.63134765625
Evenings Special,XGBoost,35.75757575757576,612.63134765625
Evenings Special,XGBoost,36.36363636363637,612.63134765625
Evenings Special,XGBoost,36.96969696969697,612.63134765625
Evenings Special,XGBoost,37.57575757575758,612.63134765625
Evenings Special,XGBoost,38.18181818181818,612.63134765625
Evenings Special,XGBoost,38.78787878787879,612.63134765625
Evenings Special,XGBoost,39.3939393939394,630.4938354492188
Evenings Special,XGBoost,40.0,630.4938354492188
Evenings Special,XGBoost,40.60606060606061,630.4938354492188
Evenings Special,XGBoost,41.21212121212121,630.4938354492188
Evenings Special,XGBoost,41.81818181818182,630.4938354492188
Evenings Special,XGBoost,42.42424242424242,630.4938354492188
Evenings Special,XGBoost,43.03030303030303,630.4938354492188
Evenings Special,XGBoost,43.63636363636364,630.4938354492188
Evenings Special,XGBoost,44.24242424242424,630.4938354492188
Evenings Special,XGBoost,44.84848484848485,630.4938354492188
Evenings Special,XGBoost,45.45454545454545,630.4938354492188
Evenings Special,XGBoost,46.06060606060606,630.4938354492188
Evenings Special,XGBoost,46.66666666666667,630.4938354492188
Evenings Special,XGBoost,47.27272727272727,630.4938354492188
Evenings Special,XGBoost,47.87878787878788,630.4938354492188
Evenings Special,XGBoost,48.484848484848484,630.4938354492188
Evenings Special,XGBoost,49.09090909090909,649.3306884765625
Evenings Special,XGBoost,49.696969696969695,649.3306884765625
Evenings Special,XGBoost,50.303030303030305,649.3306884765625
Evenings Special,XGBoost,50.909090909090914,649.3306884765625
Evenings Special,XGBoost,51.515151515151516,649.3306884765625
Evenings Special,XGBoost,52.121212121212125,649.3306884765625
Evenings Special,XGBoost,52.72727272727273,649.3306884765625
Evenings Special,XGBoost,53.333333333333336,649.3306884765625
Evenings Special,XGBoost,53.93939393939394,649.3306884765625
Evenings Special,XGBoost,54.54545454545455,649.3306884765625
Evenings Special,XGBoost,55.151515151515156,649.3306884765625
Evenings Special,XGBoost,55.75757575757576,649.3306884765625
Evenings Special,XGBoost,56.36363636363637,649.3306884765625
Evenings Special,XGBoost,56.96969696969697,649.3306884765625
Evenings Special,XGBoost,57.57575757575758,649.3306884765625
Evenings Special,XGBoost,58.18181818181819,649.3306884765625
Evenings Special,XGBoost,58.78787878787879,649.3306884765625
Evenings Special,XGBoost,59.3939393939394,649.3306884765625
Evenings Special,XGBoost,60.0,1785.999267578125
