Dataset,Model,Footprint mean,Predicted Value
All,CatBoost,205.878,555.5105128017722
All,CatBoost,391.30728282828284,548.330828617255
All,CatBoost,576.7365656565656,548.1828994211946
All,CatBoost,762.1658484848485,550.1954894055082
All,CatBoost,947.5951313131313,602.6349271288199
All,CatBoost,1133.0244141414141,617.6015860409518
All,CatBoost,1318.453696969697,617.6015860409518
All,CatBoost,1503.8829797979797,617.9070659675621
All,CatBoost,1689.3122626262625,619.0405889371423
All,CatBoost,1874.7415454545453,639.860779862887
All,CatBoost,2060.170828282828,639.860779862887
All,CatBoost,2245.600111111111,639.860779862887
All,CatBoost,2431.029393939394,640.1454720773212
All,CatBoost,2616.458676767677,640.1454720773212
All,CatBoost,2801.8879595959597,640.1465961818213
All,CatBoost,2987.3172424242425,640.9920919799987
All,CatBoost,3172.7465252525253,640.9920919799987
All,CatBoost,3358.175808080808,640.9920919799987
All,CatBoost,3543.605090909091,640.9920919799987
All,CatBoost,3729.0343737373737,642.2109453551138
All,CatBoost,3914.4636565656565,642.2109453551138
All,CatBoost,4099.892939393939,642.2109453551138
All,CatBoost,4285.322222222222,644.4748728955092
All,CatBoost,4470.751505050504,644.4748728955092
All,CatBoost,4656.180787878788,644.4748728955092
All,CatBoost,4841.61007070707,644.4748728955092
All,CatBoost,5027.039353535353,643.7731017991495
All,CatBoost,5212.468636363636,643.7731017991495
All,CatBoost,5397.897919191919,643.7731017991495
All,CatBoost,5583.327202020201,643.7731017991495
All,CatBoost,5768.756484848484,643.7731017991495
All,CatBoost,5954.185767676767,643.7731017991495
All,CatBoost,6139.61505050505,643.3795099613731
All,CatBoost,6325.044333333333,643.3795099613731
All,CatBoost,6510.473616161616,643.3795099613731
All,CatBoost,6695.902898989899,643.3795099613731
All,CatBoost,6881.332181818181,643.3795099613731
All,CatBoost,7066.761464646464,643.3795099613731
All,CatBoost,7252.190747474747,643.3795099613731
All,CatBoost,7437.62003030303,643.3795099613731
All,CatBoost,7623.049313131312,643.3795099613731
All,CatBoost,7808.478595959596,643.3795099613731
All,CatBoost,7993.907878787878,643.3795099613731
All,CatBoost,8179.337161616161,643.3795099613731
All,CatBoost,8364.766444444444,643.3795099613731
All,CatBoost,8550.195727272727,643.3795099613731
All,CatBoost,8735.62501010101,643.3795099613731
All,CatBoost,8921.054292929293,643.3795099613731
All,CatBoost,9106.483575757577,643.3184324140258
All,CatBoost,9291.91285858586,643.3184324140258
All,CatBoost,9477.342141414141,643.3184324140258
All,CatBoost,9662.771424242424,643.3184324140258
All,CatBoost,9848.200707070708,643.3184324140258
All,CatBoost,10033.629989898991,643.3184324140258
All,CatBoost,10219.059272727272,643.3184324140258
All,CatBoost,10404.488555555556,643.3184324140258
All,CatBoost,10589.917838383839,643.3184324140258
All,CatBoost,10775.347121212122,643.3184324140258
All,CatBoost,10960.776404040404,643.3184324140258
All,CatBoost,11146.205686868687,643.3184324140258
All,CatBoost,11331.63496969697,643.3184324140258
All,CatBoost,11517.064252525253,643.3184324140258
All,CatBoost,11702.493535353535,643.3184324140258
All,CatBoost,11887.922818181818,643.3184324140258
All,CatBoost,12073.352101010101,643.3184324140258
All,CatBoost,12258.781383838384,643.3184324140258
All,CatBoost,12444.210666666668,643.3184324140258
All,CatBoost,12629.63994949495,643.3184324140258
All,CatBoost,12815.069232323232,643.3184324140258
All,CatBoost,13000.498515151516,643.3184324140258
All,CatBoost,13185.927797979799,643.3184324140258
All,CatBoost,13371.35708080808,643.3184324140258
All,CatBoost,13556.786363636364,643.3184324140258
All,CatBoost,13742.215646464647,643.3184324140258
All,CatBoost,13927.64492929293,643.3184324140258
All,CatBoost,14113.074212121212,643.3184324140258
All,CatBoost,14298.503494949495,643.3184324140258
All,CatBoost,14483.932777777778,643.3184324140258
All,CatBoost,14669.362060606061,643.3184324140258
All,CatBoost,14854.791343434343,643.3184324140258
All,CatBoost,15040.220626262626,643.7249956114796
All,CatBoost,15225.64990909091,643.7249956114796
All,CatBoost,15411.079191919192,643.7249956114796
All,CatBoost,15596.508474747476,643.7249956114796
All,CatBoost,15781.937757575757,643.7249956114796
All,CatBoost,15967.36704040404,643.7249956114796
All,CatBoost,16152.796323232324,643.7249956114796
All,CatBoost,16338.225606060607,643.7249956114796
All,CatBoost,16523.654888888886,643.7249956114796
All,CatBoost,16709.08417171717,643.7249956114796
All,CatBoost,16894.513454545453,643.7249956114796
All,CatBoost,17079.942737373738,643.7249956114796
All,CatBoost,17265.37202020202,643.7249956114796
All,CatBoost,17450.801303030305,643.7249956114796
All,CatBoost,17636.230585858586,643.7249956114796
All,CatBoost,17821.659868686867,643.7249956114796
All,CatBoost,18007.089151515152,643.7249956114796
All,CatBoost,18192.518434343434,643.7249956114796
All,CatBoost,18377.94771717172,643.7249956114796
All,CatBoost,18563.377,643.7249956114796
Mornings,CatBoost,205.878,681.6837999111798
Mornings,CatBoost,391.30728282828284,683.403471521146
Mornings,CatBoost,576.7365656565656,683.403471521146
Mornings,CatBoost,762.1658484848485,714.330765499829
Mornings,CatBoost,947.5951313131313,734.7225144462925
Mornings,CatBoost,1133.0244141414141,752.5054541901287
Mornings,CatBoost,1318.453696969697,752.4581738776953
Mornings,CatBoost,1503.8829797979797,752.4176507399392
Mornings,CatBoost,1689.3122626262625,752.4176507399392
Mornings,CatBoost,1874.7415454545453,764.0110675410177
Mornings,CatBoost,2060.170828282828,764.0110675410177
Mornings,CatBoost,2245.600111111111,764.0110675410177
Mornings,CatBoost,2431.029393939394,764.0110675410177
Mornings,CatBoost,2616.458676767677,764.0110675410177
Mornings,CatBoost,2801.8879595959597,764.0110675410177
Mornings,CatBoost,2987.3172424242425,767.0218791579736
Mornings,CatBoost,3172.7465252525253,767.0064790650564
Mornings,CatBoost,3358.175808080808,767.0064790650564
Mornings,CatBoost,3543.605090909091,767.0064790650564
Mornings,CatBoost,3729.0343737373737,767.0064790650564
Mornings,CatBoost,3914.4636565656565,767.0064790650564
Mornings,CatBoost,4099.892939393939,767.0064790650564
Mornings,CatBoost,4285.322222222222,766.8836252187817
Mornings,CatBoost,4470.751505050504,766.8836252187817
Mornings,CatBoost,4656.180787878788,766.8836252187817
Mornings,CatBoost,4841.61007070707,766.8836252187817
Mornings,CatBoost,5027.039353535353,765.0463585355421
Mornings,CatBoost,5212.468636363636,765.0463585355421
Mornings,CatBoost,5397.897919191919,765.0463585355421
Mornings,CatBoost,5583.327202020201,765.0463585355421
Mornings,CatBoost,5768.756484848484,765.0463585355421
Mornings,CatBoost,5954.185767676767,765.0463585355421
Mornings,CatBoost,6139.61505050505,760.0281118050435
Mornings,CatBoost,6325.044333333333,760.0281118050435
Mornings,CatBoost,6510.473616161616,760.0281118050435
Mornings,CatBoost,6695.902898989899,760.0281118050435
Mornings,CatBoost,6881.332181818181,760.0281118050435
Mornings,CatBoost,7066.761464646464,760.0281118050435
Mornings,CatBoost,7252.190747474747,760.0281118050435
Mornings,CatBoost,7437.62003030303,760.0281118050435
Mornings,CatBoost,7623.049313131312,760.0281118050435
Mornings,CatBoost,7808.478595959596,760.0281118050435
Mornings,CatBoost,7993.907878787878,760.0281118050435
Mornings,CatBoost,8179.337161616161,760.0281118050435
Mornings,CatBoost,8364.766444444444,760.0281118050435
Mornings,CatBoost,8550.195727272727,760.0281118050435
Mornings,CatBoost,8735.62501010101,760.0281118050435
Mornings,CatBoost,8921.054292929293,760.0281118050435
Mornings,CatBoost,9106.483575757577,760.5112698117633
Mornings,CatBoost,9291.91285858586,760.5112698117633
Mornings,CatBoost,9477.342141414141,760.5112698117633
Mornings,CatBoost,9662.771424242424,760.5112698117633
Mornings,CatBoost,9848.200707070708,760.5112698117633
Mornings,CatBoost,10033.629989898991,760.5112698117633
Mornings,CatBoost,10219.059272727272,760.5112698117633
Mornings,CatBoost,10404.488555555556,760.5112698117633
Mornings,CatBoost,10589.917838383839,760.5112698117633
Mornings,CatBoost,10775.347121212122,760.5112698117633
Mornings,CatBoost,10960.776404040404,760.5112698117633
Mornings,CatBoost,11146.205686868687,760.5112698117633
Mornings,CatBoost,11331.63496969697,760.5112698117633
Mornings,CatBoost,11517.064252525253,760.5112698117633
Mornings,CatBoost,11702.493535353535,760.5112698117633
Mornings,CatBoost,11887.922818181818,760.5112698117633
Mornings,CatBoost,12073.352101010101,760.5112698117633
Mornings,CatBoost,12258.781383838384,760.5112698117633
Mornings,CatBoost,12444.210666666668,760.5112698117633
Mornings,CatBoost,12629.63994949495,760.5112698117633
Mornings,CatBoost,12815.069232323232,760.5112698117633
Mornings,CatBoost,13000.498515151516,760.5112698117633
Mornings,CatBoost,13185.927797979799,760.5112698117633
Mornings,CatBoost,13371.35708080808,760.5112698117633
Mornings,CatBoost,13556.786363636364,760.5112698117633
Mornings,CatBoost,13742.215646464647,760.5112698117633
Mornings,CatBoost,13927.64492929293,760.5112698117633
Mornings,CatBoost,14113.074212121212,760.5112698117633
Mornings,CatBoost,14298.503494949495,760.5112698117633
Mornings,CatBoost,14483.932777777778,760.5112698117633
Mornings,CatBoost,14669.362060606061,760.5112698117633
Mornings,CatBoost,14854.791343434343,760.5112698117633
Mornings,CatBoost,15040.220626262626,760.3983149587411
Mornings,CatBoost,15225.64990909091,760.3983149587411
Mornings,CatBoost,15411.079191919192,760.3983149587411
Mornings,CatBoost,15596.508474747476,760.3983149587411
Mornings,CatBoost,15781.937757575757,760.3983149587411
Mornings,CatBoost,15967.36704040404,760.3983149587411
Mornings,CatBoost,16152.796323232324,760.3983149587411
Mornings,CatBoost,16338.225606060607,760.3983149587411
Mornings,CatBoost,16523.654888888886,760.3983149587411
Mornings,CatBoost,16709.08417171717,760.3983149587411
Mornings,CatBoost,16894.513454545453,760.3983149587411
Mornings,CatBoost,17079.942737373738,760.3983149587411
Mornings,CatBoost,17265.37202020202,760.3983149587411
Mornings,CatBoost,17450.801303030305,760.3983149587411
Mornings,CatBoost,17636.230585858586,760.3983149587411
Mornings,CatBoost,17821.659868686867,760.3983149587411
Mornings,CatBoost,18007.089151515152,760.3983149587411
Mornings,CatBoost,18192.518434343434,760.3983149587411
Mornings,CatBoost,18377.94771717172,760.3983149587411
Mornings,CatBoost,18563.377,760.3983149587411
Mornings,LightGBM,205.878,671.170060743344
Mornings,LightGBM,391.30728282828284,671.1134648029864
Mornings,LightGBM,576.7365656565656,671.1453495049815
Mornings,LightGBM,762.1658484848485,685.720204571335
Mornings,LightGBM,947.5951313131313,717.1833499853599
Mornings,LightGBM,1133.0244141414141,734.3564901217544
Mornings,LightGBM,1318.453696969697,734.5588126052049
Mornings,LightGBM,1503.8829797979797,734.5076161070549
Mornings,LightGBM,1689.3122626262625,735.1637930072817
Mornings,LightGBM,1874.7415454545453,734.0131993248174
Mornings,LightGBM,2060.170828282828,724.1473681615282
Mornings,LightGBM,2245.600111111111,720.9538283830614
Mornings,LightGBM,2431.029393939394,718.4789913513137
Mornings,LightGBM,2616.458676767677,718.4789913513137
Mornings,LightGBM,2801.8879595959597,719.3565782136109
Mornings,LightGBM,2987.3172424242425,720.0039505499914
Mornings,LightGBM,3172.7465252525253,723.3882124482321
Mornings,LightGBM,3358.175808080808,723.3882124482321
Mornings,LightGBM,3543.605090909091,723.3882124482321
Mornings,LightGBM,3729.0343737373737,729.2496590285336
Mornings,LightGBM,3914.4636565656565,729.2496590285336
Mornings,LightGBM,4099.892939393939,729.2496590285336
Mornings,LightGBM,4285.322222222222,728.753336111214
Mornings,LightGBM,4470.751505050504,728.753336111214
Mornings,LightGBM,4656.180787878788,728.753336111214
Mornings,LightGBM,4841.61007070707,728.753336111214
Mornings,LightGBM,5027.039353535353,752.2734548538468
Mornings,LightGBM,5212.468636363636,752.2734548538468
Mornings,LightGBM,5397.897919191919,752.2734548538468
Mornings,LightGBM,5583.327202020201,752.2734548538468
Mornings,LightGBM,5768.756484848484,752.2734548538468
Mornings,LightGBM,5954.185767676767,752.2734548538468
Mornings,LightGBM,6139.61505050505,749.5746275174754
Mornings,LightGBM,6325.044333333333,749.5746275174754
Mornings,LightGBM,6510.473616161616,749.5746275174754
Mornings,LightGBM,6695.902898989899,749.5746275174754
Mornings,LightGBM,6881.332181818181,749.5746275174754
Mornings,LightGBM,7066.761464646464,749.5746275174754
Mornings,LightGBM,7252.190747474747,749.5746275174754
Mornings,LightGBM,7437.62003030303,749.5746275174754
Mornings,LightGBM,7623.049313131312,749.5746275174754
Mornings,LightGBM,7808.478595959596,749.5746275174754
Mornings,LightGBM,7993.907878787878,749.5746275174754
Mornings,LightGBM,8179.337161616161,749.5746275174754
Mornings,LightGBM,8364.766444444444,749.5746275174754
Mornings,LightGBM,8550.195727272727,749.5746275174754
Mornings,LightGBM,8735.62501010101,749.5746275174754
Mornings,LightGBM,8921.054292929293,749.5746275174754
Mornings,LightGBM,9106.483575757577,753.2124238107111
Mornings,LightGBM,9291.91285858586,753.2124238107111
Mornings,LightGBM,9477.342141414141,753.2124238107111
Mornings,LightGBM,9662.771424242424,753.2124238107111
Mornings,LightGBM,9848.200707070708,753.2124238107111
Mornings,LightGBM,10033.629989898991,753.2124238107111
Mornings,LightGBM,10219.059272727272,753.2124238107111
Mornings,LightGBM,10404.488555555556,753.2124238107111
Mornings,LightGBM,10589.917838383839,753.2124238107111
Mornings,LightGBM,10775.347121212122,753.2124238107111
Mornings,LightGBM,10960.776404040404,753.2124238107111
Mornings,LightGBM,11146.205686868687,753.2124238107111
Mornings,LightGBM,11331.63496969697,753.2124238107111
Mornings,LightGBM,11517.064252525253,753.2124238107111
Mornings,LightGBM,11702.493535353535,753.2124238107111
Mornings,LightGBM,11887.922818181818,753.2124238107111
Mornings,LightGBM,12073.352101010101,753.2124238107111
Mornings,LightGBM,12258.781383838384,753.2124238107111
Mornings,LightGBM,12444.210666666668,753.2124238107111
Mornings,LightGBM,12629.63994949495,753.2124238107111
Mornings,LightGBM,12815.069232323232,753.2124238107111
Mornings,LightGBM,13000.498515151516,753.2124238107111
Mornings,LightGBM,13185.927797979799,753.2124238107111
Mornings,LightGBM,13371.35708080808,753.2124238107111
Mornings,LightGBM,13556.786363636364,753.2124238107111
Mornings,LightGBM,13742.215646464647,753.2124238107111
Mornings,LightGBM,13927.64492929293,753.2124238107111
Mornings,LightGBM,14113.074212121212,753.2124238107111
Mornings,LightGBM,14298.503494949495,753.2124238107111
Mornings,LightGBM,14483.932777777778,753.2124238107111
Mornings,LightGBM,14669.362060606061,753.2124238107111
Mornings,LightGBM,14854.791343434343,753.2124238107111
Mornings,LightGBM,15040.220626262626,769.4483990021502
Mornings,LightGBM,15225.64990909091,769.4483990021502
Mornings,LightGBM,15411.079191919192,769.4483990021502
Mornings,LightGBM,15596.508474747476,769.4483990021502
Mornings,LightGBM,15781.937757575757,769.4483990021502
Mornings,LightGBM,15967.36704040404,769.4483990021502
Mornings,LightGBM,16152.796323232324,769.4483990021502
Mornings,LightGBM,16338.225606060607,769.4483990021502
Mornings,LightGBM,16523.654888888886,769.4483990021502
Mornings,LightGBM,16709.08417171717,769.4483990021502
Mornings,LightGBM,16894.513454545453,769.4483990021502
Mornings,LightGBM,17079.942737373738,769.4483990021502
Mornings,LightGBM,17265.37202020202,769.4483990021502
Mornings,LightGBM,17450.801303030305,769.4483990021502
Mornings,LightGBM,17636.230585858586,769.4483990021502
Mornings,LightGBM,17821.659868686867,769.4483990021502
Mornings,LightGBM,18007.089151515152,769.4483990021502
Mornings,LightGBM,18192.518434343434,769.4483990021502
Mornings,LightGBM,18377.94771717172,769.4483990021502
Mornings,LightGBM,18563.377,769.4483990021502
Afternoons,CatBoost,205.878,1165.861637579474
Afternoons,CatBoost,391.30728282828284,1162.5991766259745
Afternoons,CatBoost,576.7365656565656,1162.5991766259745
Afternoons,CatBoost,762.1658484848485,1163.0009902464387
Afternoons,CatBoost,947.5951313131313,1282.3918814907795
Afternoons,CatBoost,1133.0244141414141,1292.9177665302304
Afternoons,CatBoost,1318.453696969697,1293.526940716908
Afternoons,CatBoost,1503.8829797979797,1293.8718689782688
Afternoons,CatBoost,1689.3122626262625,1293.8718689782688
Afternoons,CatBoost,1874.7415454545453,1293.8718689782688
Afternoons,CatBoost,2060.170828282828,1293.8718689782688
Afternoons,CatBoost,2245.600111111111,1293.8718689782688
Afternoons,CatBoost,2431.029393939394,1293.860922963772
Afternoons,CatBoost,2616.458676767677,1293.860922963772
Afternoons,CatBoost,2801.8879595959597,1294.8651548577818
Afternoons,CatBoost,2987.3172424242425,1285.6494043835585
Afternoons,CatBoost,3172.7465252525253,1286.633905475903
Afternoons,CatBoost,3358.175808080808,1286.633905475903
Afternoons,CatBoost,3543.605090909091,1286.633905475903
Afternoons,CatBoost,3729.0343737373737,1286.633905475903
Afternoons,CatBoost,3914.4636565656565,1286.633905475903
Afternoons,CatBoost,4099.892939393939,1286.633905475903
Afternoons,CatBoost,4285.322222222222,1274.3410909667466
Afternoons,CatBoost,4470.751505050504,1274.3410909667466
Afternoons,CatBoost,4656.180787878788,1274.3410909667466
Afternoons,CatBoost,4841.61007070707,1274.3410909667466
Afternoons,CatBoost,5027.039353535353,1274.3410909667466
Afternoons,CatBoost,5212.468636363636,1274.3410909667466
Afternoons,CatBoost,5397.897919191919,1274.3410909667466
Afternoons,CatBoost,5583.327202020201,1274.3410909667466
Afternoons,CatBoost,5768.756484848484,1274.3410909667466
Afternoons,CatBoost,5954.185767676767,1274.3410909667466
Afternoons,CatBoost,6139.61505050505,1258.4432523479932
Afternoons,CatBoost,6325.044333333333,1258.4432523479932
Afternoons,CatBoost,6510.473616161616,1258.4432523479932
Afternoons,CatBoost,6695.902898989899,1258.4432523479932
Afternoons,CatBoost,6881.332181818181,1258.4432523479932
Afternoons,CatBoost,7066.761464646464,1258.4432523479932
Afternoons,CatBoost,7252.190747474747,1258.4432523479932
Afternoons,CatBoost,7437.62003030303,1258.4432523479932
Afternoons,CatBoost,7623.049313131312,1258.4432523479932
Afternoons,CatBoost,7808.478595959596,1258.4432523479932
Afternoons,CatBoost,7993.907878787878,1258.4432523479932
Afternoons,CatBoost,8179.337161616161,1258.4432523479932
Afternoons,CatBoost,8364.766444444444,1258.4432523479932
Afternoons,CatBoost,8550.195727272727,1258.4432523479932
Afternoons,CatBoost,8735.62501010101,1258.4432523479932
Afternoons,CatBoost,8921.054292929293,1258.4432523479932
Afternoons,CatBoost,9106.483575757577,1255.8171388488242
Afternoons,CatBoost,9291.91285858586,1255.8171388488242
Afternoons,CatBoost,9477.342141414141,1255.8171388488242
Afternoons,CatBoost,9662.771424242424,1255.8171388488242
Afternoons,CatBoost,9848.200707070708,1255.8171388488242
Afternoons,CatBoost,10033.629989898991,1255.8171388488242
Afternoons,CatBoost,10219.059272727272,1255.8171388488242
Afternoons,CatBoost,10404.488555555556,1255.8171388488242
Afternoons,CatBoost,10589.917838383839,1255.8171388488242
Afternoons,CatBoost,10775.347121212122,1255.8171388488242
Afternoons,CatBoost,10960.776404040404,1255.8171388488242
Afternoons,CatBoost,11146.205686868687,1255.8171388488242
Afternoons,CatBoost,11331.63496969697,1255.8171388488242
Afternoons,CatBoost,11517.064252525253,1255.8171388488242
Afternoons,CatBoost,11702.493535353535,1255.8171388488242
Afternoons,CatBoost,11887.922818181818,1255.8171388488242
Afternoons,CatBoost,12073.352101010101,1255.8171388488242
Afternoons,CatBoost,12258.781383838384,1255.8171388488242
Afternoons,CatBoost,12444.210666666668,1255.8171388488242
Afternoons,CatBoost,12629.63994949495,1255.8171388488242
Afternoons,CatBoost,12815.069232323232,1255.8171388488242
Afternoons,CatBoost,13000.498515151516,1255.8171388488242
Afternoons,CatBoost,13185.927797979799,1255.8171388488242
Afternoons,CatBoost,13371.35708080808,1255.8171388488242
Afternoons,CatBoost,13556.786363636364,1255.8171388488242
Afternoons,CatBoost,13742.215646464647,1255.8171388488242
Afternoons,CatBoost,13927.64492929293,1255.8171388488242
Afternoons,CatBoost,14113.074212121212,1255.8171388488242
Afternoons,CatBoost,14298.503494949495,1255.8171388488242
Afternoons,CatBoost,14483.932777777778,1255.8171388488242
Afternoons,CatBoost,14669.362060606061,1255.8171388488242
Afternoons,CatBoost,14854.791343434343,1255.8171388488242
Afternoons,CatBoost,15040.220626262626,1255.0766211019948
Afternoons,CatBoost,15225.64990909091,1255.0766211019948
Afternoons,CatBoost,15411.079191919192,1255.0766211019948
Afternoons,CatBoost,15596.508474747476,1255.0766211019948
Afternoons,CatBoost,15781.937757575757,1255.0766211019948
Afternoons,CatBoost,15967.36704040404,1255.0766211019948
Afternoons,CatBoost,16152.796323232324,1255.0766211019948
Afternoons,CatBoost,16338.225606060607,1255.0766211019948
Afternoons,CatBoost,16523.654888888886,1255.0766211019948
Afternoons,CatBoost,16709.08417171717,1255.0766211019948
Afternoons,CatBoost,16894.513454545453,1255.0766211019948
Afternoons,CatBoost,17079.942737373738,1255.0766211019948
Afternoons,CatBoost,17265.37202020202,1255.0766211019948
Afternoons,CatBoost,17450.801303030305,1255.0766211019948
Afternoons,CatBoost,17636.230585858586,1255.0766211019948
Afternoons,CatBoost,17821.659868686867,1255.0766211019948
Afternoons,CatBoost,18007.089151515152,1255.0766211019948
Afternoons,CatBoost,18192.518434343434,1255.0766211019948
Afternoons,CatBoost,18377.94771717172,1255.0766211019948
Afternoons,CatBoost,18563.377,1255.0766211019948
Mornings Special,CatBoost,205.878,259.231310553151
Mornings Special,CatBoost,391.30728282828284,257.90598137023096
Mornings Special,CatBoost,576.7365656565656,257.9410719245471
Mornings Special,CatBoost,762.1658484848485,257.88844921248705
Mornings Special,CatBoost,947.5951313131313,333.4431241056284
Mornings Special,CatBoost,1133.0244141414141,334.4308163753418
Mornings Special,CatBoost,1318.453696969697,334.55537423708097
Mornings Special,CatBoost,1503.8829797979797,334.7067150685858
Mornings Special,CatBoost,1689.3122626262625,334.94960176603763
Mornings Special,CatBoost,1874.7415454545453,334.9019276270579
Mornings Special,CatBoost,2060.170828282828,333.44259194854516
Mornings Special,CatBoost,2245.600111111111,333.44259194854516
Mornings Special,CatBoost,2431.029393939394,333.44259194854516
Mornings Special,CatBoost,2616.458676767677,333.44259194854516
Mornings Special,CatBoost,2801.8879595959597,333.585215434154
Mornings Special,CatBoost,2987.3172424242425,334.128946549541
Mornings Special,CatBoost,3172.7465252525253,334.6865022110304
Mornings Special,CatBoost,3358.175808080808,334.6865022110304
Mornings Special,CatBoost,3543.605090909091,334.6865022110304
Mornings Special,CatBoost,3729.0343737373737,334.6865022110304
Mornings Special,CatBoost,3914.4636565656565,334.6865022110304
Mornings Special,CatBoost,4099.892939393939,334.6865022110304
Mornings Special,CatBoost,4285.322222222222,334.53183754360055
Mornings Special,CatBoost,4470.751505050504,334.53183754360055
Mornings Special,CatBoost,4656.180787878788,334.53183754360055
Mornings Special,CatBoost,4841.61007070707,334.53183754360055
Mornings Special,CatBoost,5027.039353535353,334.74304785665856
Mornings Special,CatBoost,5212.468636363636,334.74304785665856
Mornings Special,CatBoost,5397.897919191919,334.74304785665856
Mornings Special,CatBoost,5583.327202020201,334.74304785665856
Mornings Special,CatBoost,5768.756484848484,334.74304785665856
Mornings Special,CatBoost,5954.185767676767,334.74304785665856
Mornings Special,CatBoost,6139.61505050505,334.80964076463346
Mornings Special,CatBoost,6325.044333333333,334.80964076463346
Mornings Special,CatBoost,6510.473616161616,334.80964076463346
Mornings Special,CatBoost,6695.902898989899,334.80964076463346
Mornings Special,CatBoost,6881.332181818181,334.80964076463346
Mornings Special,CatBoost,7066.761464646464,334.80964076463346
Mornings Special,CatBoost,7252.190747474747,334.80964076463346
Mornings Special,CatBoost,7437.62003030303,334.80964076463346
Mornings Special,CatBoost,7623.049313131312,334.80964076463346
Mornings Special,CatBoost,7808.478595959596,334.80964076463346
Mornings Special,CatBoost,7993.907878787878,334.80964076463346
Mornings Special,CatBoost,8179.337161616161,334.80964076463346
Mornings Special,CatBoost,8364.766444444444,334.80964076463346
Mornings Special,CatBoost,8550.195727272727,334.80964076463346
Mornings Special,CatBoost,8735.62501010101,334.80964076463346
Mornings Special,CatBoost,8921.054292929293,334.80964076463346
Mornings Special,CatBoost,9106.483575757577,334.1862369433654
Mornings Special,CatBoost,9291.91285858586,334.1862369433654
Mornings Special,CatBoost,9477.342141414141,334.1862369433654
Mornings Special,CatBoost,9662.771424242424,334.1862369433654
Mornings Special,CatBoost,9848.200707070708,334.1862369433654
Mornings Special,CatBoost,10033.629989898991,334.1862369433654
Mornings Special,CatBoost,10219.059272727272,334.1862369433654
Mornings Special,CatBoost,10404.488555555556,334.1862369433654
Mornings Special,CatBoost,10589.917838383839,334.1862369433654
Mornings Special,CatBoost,10775.347121212122,334.1862369433654
Mornings Special,CatBoost,10960.776404040404,334.1862369433654
Mornings Special,CatBoost,11146.205686868687,334.1862369433654
Mornings Special,CatBoost,11331.63496969697,334.1862369433654
Mornings Special,CatBoost,11517.064252525253,334.1862369433654
Mornings Special,CatBoost,11702.493535353535,334.1862369433654
Mornings Special,CatBoost,11887.922818181818,334.1862369433654
Mornings Special,CatBoost,12073.352101010101,334.1862369433654
Mornings Special,CatBoost,12258.781383838384,334.1862369433654
Mornings Special,CatBoost,12444.210666666668,334.1862369433654
Mornings Special,CatBoost,12629.63994949495,334.1862369433654
Mornings Special,CatBoost,12815.069232323232,334.1862369433654
Mornings Special,CatBoost,13000.498515151516,334.1862369433654
Mornings Special,CatBoost,13185.927797979799,334.1862369433654
Mornings Special,CatBoost,13371.35708080808,334.1862369433654
Mornings Special,CatBoost,13556.786363636364,334.1862369433654
Mornings Special,CatBoost,13742.215646464647,334.1862369433654
Mornings Special,CatBoost,13927.64492929293,334.1862369433654
Mornings Special,CatBoost,14113.074212121212,334.1862369433654
Mornings Special,CatBoost,14298.503494949495,334.1862369433654
Mornings Special,CatBoost,14483.932777777778,334.1862369433654
Mornings Special,CatBoost,14669.362060606061,334.1862369433654
Mornings Special,CatBoost,14854.791343434343,334.1862369433654
Mornings Special,CatBoost,15040.220626262626,345.0206065040151
Mornings Special,CatBoost,15225.64990909091,345.0206065040151
Mornings Special,CatBoost,15411.079191919192,345.0206065040151
Mornings Special,CatBoost,15596.508474747476,345.0206065040151
Mornings Special,CatBoost,15781.937757575757,345.0206065040151
Mornings Special,CatBoost,15967.36704040404,345.0206065040151
Mornings Special,CatBoost,16152.796323232324,345.0206065040151
Mornings Special,CatBoost,16338.225606060607,345.0206065040151
Mornings Special,CatBoost,16523.654888888886,345.0206065040151
Mornings Special,CatBoost,16709.08417171717,345.0206065040151
Mornings Special,CatBoost,16894.513454545453,345.0206065040151
Mornings Special,CatBoost,17079.942737373738,345.0206065040151
Mornings Special,CatBoost,17265.37202020202,345.0206065040151
Mornings Special,CatBoost,17450.801303030305,345.0206065040151
Mornings Special,CatBoost,17636.230585858586,345.0206065040151
Mornings Special,CatBoost,17821.659868686867,345.0206065040151
Mornings Special,CatBoost,18007.089151515152,345.0206065040151
Mornings Special,CatBoost,18192.518434343434,345.0206065040151
Mornings Special,CatBoost,18377.94771717172,345.0206065040151
Mornings Special,CatBoost,18563.377,345.0206065040151
