Dataset,Model,Location id,Predicted Value
Mornings,LightGBM,51.0,709.4821095603698
Mornings,LightGBM,151.06060606060606,709.4821095603698
Mornings,LightGBM,251.12121212121212,709.4821095603698
Mornings,LightGBM,351.1818181818182,709.4821095603698
Mornings,LightGBM,451.24242424242425,709.4821095603698
Mornings,LightGBM,551.3030303030303,708.3280746838133
Mornings,LightGBM,651.3636363636364,708.3280746838133
Mornings,LightGBM,751.4242424242425,708.3280746838133
Mornings,LightGBM,851.4848484848485,708.3557640269823
Mornings,LightGBM,951.5454545454545,708.3557640269823
Mornings,LightGBM,1051.6060606060605,708.3557640269823
Mornings,LightGBM,1151.6666666666667,708.3557640269823
Mornings,LightGBM,1251.7272727272727,708.3557640269823
Mornings,LightGBM,1351.7878787878788,708.0425311910249
Mornings,LightGBM,1451.848484848485,708.0425311910249
Mornings,LightGBM,1551.909090909091,708.0425311910249
Mornings,LightGBM,1651.969696969697,712.8565576452047
Mornings,LightGBM,1752.030303030303,712.8565576452047
Mornings,LightGBM,1852.090909090909,712.698331985852
Mornings,LightGBM,1952.1515151515152,712.698331985852
Mornings,LightGBM,2052.212121212121,712.7102229326642
Mornings,LightGBM,2152.2727272727275,712.8271848887476
Mornings,LightGBM,2252.3333333333335,712.8367360033355
Mornings,LightGBM,2352.3939393939395,709.2888351321917
Mornings,LightGBM,2452.4545454545455,709.2888351321917
Mornings,LightGBM,2552.5151515151515,709.3634470757142
Mornings,LightGBM,2652.5757575757575,709.3634470757142
Mornings,LightGBM,2752.6363636363635,709.2677301359121
Mornings,LightGBM,2852.69696969697,707.8631891385128
Mornings,LightGBM,2952.757575757576,707.8631891385128
Mornings,LightGBM,3052.818181818182,707.8799385207825
Mornings,LightGBM,3152.878787878788,707.8799385207825
Mornings,LightGBM,3252.939393939394,707.4344984192282
Mornings,LightGBM,3353.0,707.4344984192282
Mornings,LightGBM,3453.060606060606,707.4344984192282
Mornings,LightGBM,3553.121212121212,707.4344984192282
Mornings,LightGBM,3653.181818181818,707.5060587298625
Mornings,LightGBM,3753.2424242424245,707.2958523144198
Mornings,LightGBM,3853.3030303030305,707.2958523144198
Mornings,LightGBM,3953.3636363636365,707.2958523144198
Mornings,LightGBM,4053.4242424242425,707.2958523144198
Mornings,LightGBM,4153.484848484849,707.3137045982842
Mornings,LightGBM,4253.545454545455,707.3137045982842
Mornings,LightGBM,4353.606060606061,707.3137045982842
Mornings,LightGBM,4453.666666666667,707.3137045982842
Mornings,LightGBM,4553.727272727273,707.3137045982842
Mornings,LightGBM,4653.787878787879,707.225558697637
Mornings,LightGBM,4753.848484848485,707.225558697637
Mornings,LightGBM,4853.909090909091,707.225558697637
Mornings,LightGBM,4953.969696969697,707.225558697637
Mornings,LightGBM,5054.030303030303,707.225558697637
Mornings,LightGBM,5154.090909090909,707.1950098173086
Mornings,LightGBM,5254.151515151515,707.1950098173086
Mornings,LightGBM,5354.212121212121,707.1950098173086
Mornings,LightGBM,5454.272727272727,707.1950098173086
Mornings,LightGBM,5554.333333333333,707.0949951425351
Mornings,LightGBM,5654.39393939394,707.0949951425351
Mornings,LightGBM,5754.454545454546,707.2301330229062
Mornings,LightGBM,5854.515151515152,707.5418493615865
Mornings,LightGBM,5954.575757575758,708.9477387938971
Mornings,LightGBM,6054.636363636364,709.1783464208547
Mornings,LightGBM,6154.69696969697,709.1783464208547
Mornings,LightGBM,6254.757575757576,709.6112192908722
Mornings,LightGBM,6354.818181818182,713.5204557177774
Mornings,LightGBM,6454.878787878788,713.5204557177774
Mornings,LightGBM,6554.939393939394,713.5204557177774
Mornings,LightGBM,6655.0,713.5204557177774
Mornings,LightGBM,6755.060606060606,713.5204557177774
Mornings,LightGBM,6855.121212121212,713.5204557177774
Mornings,LightGBM,6955.181818181818,713.5204557177774
Mornings,LightGBM,7055.242424242424,713.5204557177774
Mornings,LightGBM,7155.30303030303,713.5204557177774
Mornings,LightGBM,7255.363636363636,713.3831057993832
Mornings,LightGBM,7355.424242424243,713.4047810225053
Mornings,LightGBM,7455.484848484849,713.4047810225053
Mornings,LightGBM,7555.545454545455,712.3538230568709
Mornings,LightGBM,7655.606060606061,716.5678549107662
Mornings,LightGBM,7755.666666666667,724.7010356366693
Mornings,LightGBM,7855.727272727273,724.7010356366693
Mornings,LightGBM,7955.787878787879,724.4240588334031
Mornings,LightGBM,8055.848484848485,730.3226365723802
Mornings,LightGBM,8155.909090909091,729.4423117232054
Mornings,LightGBM,8255.969696969698,729.4423117232054
Mornings,LightGBM,8356.030303030304,729.4423117232054
Mornings,LightGBM,8456.09090909091,729.4423117232054
Mornings,LightGBM,8556.151515151516,729.4423117232054
Mornings,LightGBM,8656.212121212122,729.1277343013093
Mornings,LightGBM,8756.272727272728,729.1277343013093
Mornings,LightGBM,8856.333333333334,729.1277343013093
Mornings,LightGBM,8956.39393939394,729.1277343013093
Mornings,LightGBM,9056.454545454546,729.1277343013093
Mornings,LightGBM,9156.515151515152,729.1277343013093
Mornings,LightGBM,9256.575757575758,729.1277343013093
Mornings,LightGBM,9356.636363636364,729.1277343013093
Mornings,LightGBM,9456.69696969697,729.1277343013093
Mornings,LightGBM,9556.757575757576,836.2241103925542
Mornings,LightGBM,9656.818181818182,836.2241103925542
Mornings,LightGBM,9756.878787878788,836.2241103925542
Mornings,LightGBM,9856.939393939394,832.7132520717806
Mornings,LightGBM,9957.0,832.7132520717806
Lunches,CatBoost,51.0,1074.5551671922938
Lunches,CatBoost,151.06060606060606,1074.5551671922938
Lunches,CatBoost,251.12121212121212,1075.5058806063155
Lunches,CatBoost,351.1818181818182,1075.5058806063155
Lunches,CatBoost,451.24242424242425,1075.5058806063155
Lunches,CatBoost,551.3030303030303,1076.9067106432046
Lunches,CatBoost,651.3636363636364,1076.9067106432046
Lunches,CatBoost,751.4242424242425,1076.9067106432046
Lunches,CatBoost,851.4848484848485,1076.939271828232
Lunches,CatBoost,951.5454545454545,1076.939271828232
Lunches,CatBoost,1051.6060606060605,1076.939271828232
Lunches,CatBoost,1151.6666666666667,1079.051229952227
Lunches,CatBoost,1251.7272727272727,1079.051229952227
Lunches,CatBoost,1351.7878787878788,1079.051229952227
Lunches,CatBoost,1451.848484848485,1079.051229952227
Lunches,CatBoost,1551.909090909091,1079.051229952227
Lunches,CatBoost,1651.969696969697,1087.5698376105815
Lunches,CatBoost,1752.030303030303,1087.5698376105815
Lunches,CatBoost,1852.090909090909,1087.5698376105815
Lunches,CatBoost,1952.1515151515152,1087.5698376105815
Lunches,CatBoost,2052.212121212121,1097.4998129176454
Lunches,CatBoost,2152.2727272727275,1100.4385459862556
Lunches,CatBoost,2252.3333333333335,1100.4385459862556
Lunches,CatBoost,2352.3939393939395,1104.060655975043
Lunches,CatBoost,2452.4545454545455,1104.060655975043
Lunches,CatBoost,2552.5151515151515,1104.0775666057261
Lunches,CatBoost,2652.5757575757575,1104.0775666057261
Lunches,CatBoost,2752.6363636363635,1104.0775666057261
Lunches,CatBoost,2852.69696969697,1090.7225043395774
Lunches,CatBoost,2952.757575757576,1090.7225043395774
Lunches,CatBoost,3052.818181818182,1090.7625704217094
Lunches,CatBoost,3152.878787878788,1090.7625704217094
Lunches,CatBoost,3252.939393939394,1090.6951895565524
Lunches,CatBoost,3353.0,1090.6951895565524
Lunches,CatBoost,3453.060606060606,1089.6584087757979
Lunches,CatBoost,3553.121212121212,1089.6584087757979
Lunches,CatBoost,3653.181818181818,1089.6584087757979
Lunches,CatBoost,3753.2424242424245,1089.854256865666
Lunches,CatBoost,3853.3030303030305,1089.854256865666
Lunches,CatBoost,3953.3636363636365,1089.854256865666
Lunches,CatBoost,4053.4242424242425,1089.854256865666
Lunches,CatBoost,4153.484848484849,1089.8992777487622
Lunches,CatBoost,4253.545454545455,1089.8992777487622
Lunches,CatBoost,4353.606060606061,1089.8992777487622
Lunches,CatBoost,4453.666666666667,1089.8992777487622
Lunches,CatBoost,4553.727272727273,1089.8992777487622
Lunches,CatBoost,4653.787878787879,1089.8992777487622
Lunches,CatBoost,4753.848484848485,1089.8992777487622
Lunches,CatBoost,4853.909090909091,1089.8992777487622
Lunches,CatBoost,4953.969696969697,1089.8992777487622
Lunches,CatBoost,5054.030303030303,1089.8992777487622
Lunches,CatBoost,5154.090909090909,1093.4303139717163
Lunches,CatBoost,5254.151515151515,1093.4303139717163
Lunches,CatBoost,5354.212121212121,1093.4303139717163
Lunches,CatBoost,5454.272727272727,1093.4303139717163
Lunches,CatBoost,5554.333333333333,1093.5901497546088
Lunches,CatBoost,5654.39393939394,1093.5901497546088
Lunches,CatBoost,5754.454545454546,1102.030276168493
Lunches,CatBoost,5854.515151515152,1116.241572789219
Lunches,CatBoost,5954.575757575758,1129.6145094631022
Lunches,CatBoost,6054.636363636364,1137.611521183574
Lunches,CatBoost,6154.69696969697,1137.611521183574
Lunches,CatBoost,6254.757575757576,1150.6730044633596
Lunches,CatBoost,6354.818181818182,1143.5275483327805
Lunches,CatBoost,6454.878787878788,1143.5275483327805
Lunches,CatBoost,6554.939393939394,1143.5275483327805
Lunches,CatBoost,6655.0,1143.5275483327805
Lunches,CatBoost,6755.060606060606,1143.5275483327805
Lunches,CatBoost,6855.121212121212,1143.5275483327805
Lunches,CatBoost,6955.181818181818,1143.5275483327805
Lunches,CatBoost,7055.242424242424,1143.5275483327805
Lunches,CatBoost,7155.30303030303,1143.5275483327805
Lunches,CatBoost,7255.363636363636,1143.5275483327805
Lunches,CatBoost,7355.424242424243,1143.5275483327805
Lunches,CatBoost,7455.484848484849,1143.5275483327805
Lunches,CatBoost,7555.545454545455,1147.2379982471928
Lunches,CatBoost,7655.606060606061,1148.5159472956004
Lunches,CatBoost,7755.666666666667,1148.471490109329
Lunches,CatBoost,7855.727272727273,1148.471490109329
Lunches,CatBoost,7955.787878787879,1161.1025322709756
Lunches,CatBoost,8055.848484848485,1161.1025322709756
Lunches,CatBoost,8155.909090909091,1161.1025322709756
Lunches,CatBoost,8255.969696969698,1161.1025322709756
Lunches,CatBoost,8356.030303030304,1161.1025322709756
Lunches,CatBoost,8456.09090909091,1161.1025322709756
Lunches,CatBoost,8556.151515151516,1161.1025322709756
Lunches,CatBoost,8656.212121212122,1161.1025322709756
Lunches,CatBoost,8756.272727272728,1161.1025322709756
Lunches,CatBoost,8856.333333333334,1161.1025322709756
Lunches,CatBoost,8956.39393939394,1161.1025322709756
Lunches,CatBoost,9056.454545454546,1161.1025322709756
Lunches,CatBoost,9156.515151515152,1161.1025322709756
Lunches,CatBoost,9256.575757575758,1161.1025322709756
Lunches,CatBoost,9356.636363636364,1165.338465431291
Lunches,CatBoost,9456.69696969697,1165.338465431291
Lunches,CatBoost,9556.757575757576,1166.3767788687194
Lunches,CatBoost,9656.818181818182,1166.3767788687194
Lunches,CatBoost,9756.878787878788,1166.3767788687194
Lunches,CatBoost,9856.939393939394,1166.3767788687194
Lunches,CatBoost,9957.0,1166.3767788687194
Lunches,LightGBM,51.0,1111.3748424384742
Lunches,LightGBM,151.06060606060606,1111.3748424384742
Lunches,LightGBM,251.12121212121212,1111.3748424384742
Lunches,LightGBM,351.1818181818182,1111.3748424384742
Lunches,LightGBM,451.24242424242425,1111.3748424384742
Lunches,LightGBM,551.3030303030303,1104.7773170311052
Lunches,LightGBM,651.3636363636364,1104.7235998184087
Lunches,LightGBM,751.4242424242425,1104.7235998184087
Lunches,LightGBM,851.4848484848485,1104.7518759466816
Lunches,LightGBM,951.5454545454545,1104.7518759466816
Lunches,LightGBM,1051.6060606060605,1104.7518759466816
Lunches,LightGBM,1151.6666666666667,1106.3212054116377
Lunches,LightGBM,1251.7272727272727,1106.3212054116377
Lunches,LightGBM,1351.7878787878788,1106.3212054116377
Lunches,LightGBM,1451.848484848485,1106.3212054116377
Lunches,LightGBM,1551.909090909091,1106.3212054116377
Lunches,LightGBM,1651.969696969697,1106.3212054116377
Lunches,LightGBM,1752.030303030303,1106.3212054116377
Lunches,LightGBM,1852.090909090909,1106.3488951206898
Lunches,LightGBM,1952.1515151515152,1106.3488951206898
Lunches,LightGBM,2052.212121212121,1107.8548290946746
Lunches,LightGBM,2152.2727272727275,1110.1012063770233
Lunches,LightGBM,2252.3333333333335,1110.298582476287
Lunches,LightGBM,2352.3939393939395,1110.554657984481
Lunches,LightGBM,2452.4545454545455,1110.554657984481
Lunches,LightGBM,2552.5151515151515,1110.5432482071103
Lunches,LightGBM,2652.5757575757575,1110.5432482071103
Lunches,LightGBM,2752.6363636363635,1110.5030154106084
Lunches,LightGBM,2852.69696969697,1112.6412674137662
Lunches,LightGBM,2952.757575757576,1112.6412674137662
Lunches,LightGBM,3052.818181818182,1112.6412674137662
Lunches,LightGBM,3152.878787878788,1112.6412674137662
Lunches,LightGBM,3252.939393939394,1112.505451699016
Lunches,LightGBM,3353.0,1112.505451699016
Lunches,LightGBM,3453.060606060606,1112.7058829512491
Lunches,LightGBM,3553.121212121212,1112.7058829512491
Lunches,LightGBM,3653.181818181818,1112.7559496504632
Lunches,LightGBM,3753.2424242424245,1112.7319802916586
Lunches,LightGBM,3853.3030303030305,1112.7319802916586
Lunches,LightGBM,3953.3636363636365,1112.7319802916586
Lunches,LightGBM,4053.4242424242425,1112.7319802916586
Lunches,LightGBM,4153.484848484849,1112.7190521539956
Lunches,LightGBM,4253.545454545455,1112.7190521539956
Lunches,LightGBM,4353.606060606061,1112.7190521539956
Lunches,LightGBM,4453.666666666667,1112.7190521539956
Lunches,LightGBM,4553.727272727273,1112.7190521539956
Lunches,LightGBM,4653.787878787879,1093.5266576468505
Lunches,LightGBM,4753.848484848485,1093.5266576468505
Lunches,LightGBM,4853.909090909091,1093.5266576468505
Lunches,LightGBM,4953.969696969697,1093.5266576468505
Lunches,LightGBM,5054.030303030303,1093.5266576468505
Lunches,LightGBM,5154.090909090909,1093.048023663244
Lunches,LightGBM,5254.151515151515,1093.048023663244
Lunches,LightGBM,5354.212121212121,1093.048023663244
Lunches,LightGBM,5454.272727272727,1093.048023663244
Lunches,LightGBM,5554.333333333333,1093.048023663244
Lunches,LightGBM,5654.39393939394,1093.048023663244
Lunches,LightGBM,5754.454545454546,1093.048023663244
Lunches,LightGBM,5854.515151515152,1093.0389415024754
Lunches,LightGBM,5954.575757575758,1093.4551167960549
Lunches,LightGBM,6054.636363636364,1093.4551167960549
Lunches,LightGBM,6154.69696969697,1093.4551167960549
Lunches,LightGBM,6254.757575757576,1093.9628422348776
Lunches,LightGBM,6354.818181818182,1098.3321132148253
Lunches,LightGBM,6454.878787878788,1098.3321132148253
Lunches,LightGBM,6554.939393939394,1098.3321132148253
Lunches,LightGBM,6655.0,1098.3321132148253
Lunches,LightGBM,6755.060606060606,1098.3111828184587
Lunches,LightGBM,6855.121212121212,1098.3111828184587
Lunches,LightGBM,6955.181818181818,1098.3111828184587
Lunches,LightGBM,7055.242424242424,1098.3111828184587
Lunches,LightGBM,7155.30303030303,1098.3111828184587
Lunches,LightGBM,7255.363636363636,1098.308312112272
Lunches,LightGBM,7355.424242424243,1098.308312112272
Lunches,LightGBM,7455.484848484849,1098.308312112272
Lunches,LightGBM,7555.545454545455,1098.308312112272
Lunches,LightGBM,7655.606060606061,1100.338392669851
Lunches,LightGBM,7755.666666666667,1101.507583412239
Lunches,LightGBM,7855.727272727273,1101.507583412239
Lunches,LightGBM,7955.787878787879,1101.4282566805466
Lunches,LightGBM,8055.848484848485,1105.7503815825864
Lunches,LightGBM,8155.909090909091,1106.5542692659208
Lunches,LightGBM,8255.969696969698,1106.5542692659208
Lunches,LightGBM,8356.030303030304,1106.5542692659208
Lunches,LightGBM,8456.09090909091,1106.5542692659208
Lunches,LightGBM,8556.151515151516,1106.5542692659208
Lunches,LightGBM,8656.212121212122,1106.3824395258775
Lunches,LightGBM,8756.272727272728,1106.3824395258775
Lunches,LightGBM,8856.333333333334,1106.3824395258775
Lunches,LightGBM,8956.39393939394,1106.3824395258775
Lunches,LightGBM,9056.454545454546,1106.3824395258775
Lunches,LightGBM,9156.515151515152,1106.3824395258775
Lunches,LightGBM,9256.575757575758,1106.3824395258775
Lunches,LightGBM,9356.636363636364,1106.1486672217065
Lunches,LightGBM,9456.69696969697,1106.1486672217065
Lunches,LightGBM,9556.757575757576,1106.2537540745598
Lunches,LightGBM,9656.818181818182,1106.2537540745598
Lunches,LightGBM,9756.878787878788,1106.2537540745598
Lunches,LightGBM,9856.939393939394,1106.2537540745598
Lunches,LightGBM,9957.0,1106.2537540745598
Lunches,XGBoost,51.0,1108.930419921875
Lunches,XGBoost,151.06060606060606,1108.930419921875
Lunches,XGBoost,251.12121212121212,1108.930419921875
Lunches,XGBoost,351.1818181818182,1109.026123046875
Lunches,XGBoost,451.24242424242425,1109.026123046875
Lunches,XGBoost,551.3030303030303,1108.3656005859375
Lunches,XGBoost,651.3636363636364,1108.3656005859375
Lunches,XGBoost,751.4242424242425,1108.3656005859375
Lunches,XGBoost,851.4848484848485,1108.3656005859375
Lunches,XGBoost,951.5454545454545,1108.3656005859375
Lunches,XGBoost,1051.6060606060605,1108.4005126953125
Lunches,XGBoost,1151.6666666666667,1108.4005126953125
Lunches,XGBoost,1251.7272727272727,1108.4005126953125
Lunches,XGBoost,1351.7878787878788,1108.4005126953125
Lunches,XGBoost,1451.848484848485,1108.4005126953125
Lunches,XGBoost,1551.909090909091,1108.361083984375
Lunches,XGBoost,1651.969696969697,1108.361083984375
Lunches,XGBoost,1752.030303030303,1109.4036865234375
Lunches,XGBoost,1852.090909090909,1109.406494140625
Lunches,XGBoost,1952.1515151515152,1109.406494140625
Lunches,XGBoost,2052.212121212121,1109.406494140625
Lunches,XGBoost,2152.2727272727275,1108.9881591796875
Lunches,XGBoost,2252.3333333333335,1109.0687255859375
Lunches,XGBoost,2352.3939393939395,1109.0738525390625
Lunches,XGBoost,2452.4545454545455,1109.6029052734375
Lunches,XGBoost,2552.5151515151515,1109.6029052734375
Lunches,XGBoost,2652.5757575757575,1109.6029052734375
Lunches,XGBoost,2752.6363636363635,1109.6029052734375
Lunches,XGBoost,2852.69696969697,1112.369873046875
Lunches,XGBoost,2952.757575757576,1112.369873046875
Lunches,XGBoost,3052.818181818182,1112.369873046875
Lunches,XGBoost,3152.878787878788,1112.3470458984375
Lunches,XGBoost,3252.939393939394,1112.3470458984375
Lunches,XGBoost,3353.0,1112.3470458984375
Lunches,XGBoost,3453.060606060606,1112.3470458984375
Lunches,XGBoost,3553.121212121212,1112.5633544921875
Lunches,XGBoost,3653.181818181818,1112.5283203125
Lunches,XGBoost,3753.2424242424245,1112.5283203125
Lunches,XGBoost,3853.3030303030305,1112.5504150390625
Lunches,XGBoost,3953.3636363636365,1112.5504150390625
Lunches,XGBoost,4053.4242424242425,1112.5504150390625
Lunches,XGBoost,4153.484848484849,1112.5504150390625
Lunches,XGBoost,4253.545454545455,1112.5504150390625
Lunches,XGBoost,4353.606060606061,1112.5504150390625
Lunches,XGBoost,4453.666666666667,1106.268798828125
Lunches,XGBoost,4553.727272727273,1106.268798828125
Lunches,XGBoost,4653.787878787879,1106.268798828125
Lunches,XGBoost,4753.848484848485,1106.268798828125
Lunches,XGBoost,4853.909090909091,1092.0169677734375
Lunches,XGBoost,4953.969696969697,1092.0169677734375
Lunches,XGBoost,5054.030303030303,1092.0169677734375
Lunches,XGBoost,5154.090909090909,1092.0169677734375
Lunches,XGBoost,5254.151515151515,1092.0169677734375
Lunches,XGBoost,5354.212121212121,1092.0169677734375
Lunches,XGBoost,5454.272727272727,1092.0169677734375
Lunches,XGBoost,5554.333333333333,1092.5799560546875
Lunches,XGBoost,5654.39393939394,1092.5799560546875
Lunches,XGBoost,5754.454545454546,1092.5799560546875
Lunches,XGBoost,5854.515151515152,1092.631103515625
Lunches,XGBoost,5954.575757575758,1090.727783203125
Lunches,XGBoost,6054.636363636364,1090.727783203125
Lunches,XGBoost,6154.69696969697,1090.7177734375
Lunches,XGBoost,6254.757575757576,1090.7177734375
Lunches,XGBoost,6354.818181818182,1090.7586669921875
Lunches,XGBoost,6454.878787878788,1090.7586669921875
Lunches,XGBoost,6554.939393939394,1090.7586669921875
Lunches,XGBoost,6655.0,1090.7586669921875
Lunches,XGBoost,6755.060606060606,1090.7586669921875
Lunches,XGBoost,6855.121212121212,1090.7586669921875
Lunches,XGBoost,6955.181818181818,1090.7586669921875
Lunches,XGBoost,7055.242424242424,1090.7586669921875
Lunches,XGBoost,7155.30303030303,1090.7586669921875
Lunches,XGBoost,7255.363636363636,1090.7047119140625
Lunches,XGBoost,7355.424242424243,1090.96728515625
Lunches,XGBoost,7455.484848484849,1090.96728515625
Lunches,XGBoost,7555.545454545455,1090.96728515625
Lunches,XGBoost,7655.606060606061,1122.55517578125
Lunches,XGBoost,7755.666666666667,1122.55517578125
Lunches,XGBoost,7855.727272727273,1122.551513671875
Lunches,XGBoost,7955.787878787879,1121.422607421875
Lunches,XGBoost,8055.848484848485,1122.4295654296875
Lunches,XGBoost,8155.909090909091,1122.4295654296875
Lunches,XGBoost,8255.969696969698,1122.4295654296875
Lunches,XGBoost,8356.030303030304,1122.4295654296875
Lunches,XGBoost,8456.09090909091,1122.4295654296875
Lunches,XGBoost,8556.151515151516,1122.4295654296875
Lunches,XGBoost,8656.212121212122,1122.4295654296875
Lunches,XGBoost,8756.272727272728,1122.4295654296875
Lunches,XGBoost,8856.333333333334,1122.4295654296875
Lunches,XGBoost,8956.39393939394,1122.4295654296875
Lunches,XGBoost,9056.454545454546,1122.4295654296875
Lunches,XGBoost,9156.515151515152,1122.4295654296875
Lunches,XGBoost,9256.575757575758,1122.4295654296875
Lunches,XGBoost,9356.636363636364,1122.4295654296875
Lunches,XGBoost,9456.69696969697,1122.464599609375
Lunches,XGBoost,9556.757575757576,1122.464599609375
Lunches,XGBoost,9656.818181818182,1122.464599609375
Lunches,XGBoost,9756.878787878788,1122.464599609375
Lunches,XGBoost,9856.939393939394,1122.464599609375
Lunches,XGBoost,9957.0,1122.464599609375
Afternoons,CatBoost,51.0,1189.574733559882
Afternoons,CatBoost,151.06060606060606,1189.574733559882
Afternoons,CatBoost,251.12121212121212,1189.574733559882
Afternoons,CatBoost,351.1818181818182,1189.574733559882
Afternoons,CatBoost,451.24242424242425,1189.574733559882
Afternoons,CatBoost,551.3030303030303,1189.6143460336475
Afternoons,CatBoost,651.3636363636364,1189.6143460336475
Afternoons,CatBoost,751.4242424242425,1189.6143460336475
Afternoons,CatBoost,851.4848484848485,1189.6143460336475
Afternoons,CatBoost,951.5454545454545,1189.6143460336475
Afternoons,CatBoost,1051.6060606060605,1189.6143460336475
Afternoons,CatBoost,1151.6666666666667,1189.6143460336475
Afternoons,CatBoost,1251.7272727272727,1189.6143460336475
Afternoons,CatBoost,1351.7878787878788,1189.6143460336475
Afternoons,CatBoost,1451.848484848485,1189.6143460336475
Afternoons,CatBoost,1551.909090909091,1189.6143460336475
Afternoons,CatBoost,1651.969696969697,1195.186006342051
Afternoons,CatBoost,1752.030303030303,1195.186006342051
Afternoons,CatBoost,1852.090909090909,1195.186006342051
Afternoons,CatBoost,1952.1515151515152,1195.186006342051
Afternoons,CatBoost,2052.212121212121,1206.9248753261334
Afternoons,CatBoost,2152.2727272727275,1206.9248753261334
Afternoons,CatBoost,2252.3333333333335,1206.7478764603927
Afternoons,CatBoost,2352.3939393939395,1208.746764205963
Afternoons,CatBoost,2452.4545454545455,1208.746764205963
Afternoons,CatBoost,2552.5151515151515,1208.746764205963
Afternoons,CatBoost,2652.5757575757575,1208.746764205963
Afternoons,CatBoost,2752.6363636363635,1208.8386251179948
Afternoons,CatBoost,2852.69696969697,1208.7245911272792
Afternoons,CatBoost,2952.757575757576,1208.7245911272792
Afternoons,CatBoost,3052.818181818182,1208.7245911272792
Afternoons,CatBoost,3152.878787878788,1208.7245911272792
Afternoons,CatBoost,3252.939393939394,1208.761251142352
Afternoons,CatBoost,3353.0,1208.761251142352
Afternoons,CatBoost,3453.060606060606,1208.519675394332
Afternoons,CatBoost,3553.121212121212,1208.519675394332
Afternoons,CatBoost,3653.181818181818,1206.2982909668426
Afternoons,CatBoost,3753.2424242424245,1205.7381218594346
Afternoons,CatBoost,3853.3030303030305,1205.7381218594346
Afternoons,CatBoost,3953.3636363636365,1205.7381218594346
Afternoons,CatBoost,4053.4242424242425,1205.7381218594346
Afternoons,CatBoost,4153.484848484849,1205.7381218594346
Afternoons,CatBoost,4253.545454545455,1205.7381218594346
Afternoons,CatBoost,4353.606060606061,1205.7381218594346
Afternoons,CatBoost,4453.666666666667,1205.7381218594346
Afternoons,CatBoost,4553.727272727273,1205.7381218594346
Afternoons,CatBoost,4653.787878787879,1205.7381218594346
Afternoons,CatBoost,4753.848484848485,1205.7381218594346
Afternoons,CatBoost,4853.909090909091,1205.7381218594346
Afternoons,CatBoost,4953.969696969697,1205.7381218594346
Afternoons,CatBoost,5054.030303030303,1205.7381218594346
Afternoons,CatBoost,5154.090909090909,1202.982139818248
Afternoons,CatBoost,5254.151515151515,1202.982139818248
Afternoons,CatBoost,5354.212121212121,1202.982139818248
Afternoons,CatBoost,5454.272727272727,1202.982139818248
Afternoons,CatBoost,5554.333333333333,1196.3714554999403
Afternoons,CatBoost,5654.39393939394,1196.3714554999403
Afternoons,CatBoost,5754.454545454546,1197.053408657725
Afternoons,CatBoost,5854.515151515152,1197.053408657725
Afternoons,CatBoost,5954.575757575758,1212.7049477987914
Afternoons,CatBoost,6054.636363636364,1212.7049477987914
Afternoons,CatBoost,6154.69696969697,1212.7049477987914
Afternoons,CatBoost,6254.757575757576,1213.0302451112198
Afternoons,CatBoost,6354.818181818182,1215.2429260043032
Afternoons,CatBoost,6454.878787878788,1215.2429260043032
Afternoons,CatBoost,6554.939393939394,1215.2429260043032
Afternoons,CatBoost,6655.0,1215.2429260043032
Afternoons,CatBoost,6755.060606060606,1214.8957902527854
Afternoons,CatBoost,6855.121212121212,1214.8957902527854
Afternoons,CatBoost,6955.181818181818,1214.8957902527854
Afternoons,CatBoost,7055.242424242424,1214.8957902527854
Afternoons,CatBoost,7155.30303030303,1214.8957902527854
Afternoons,CatBoost,7255.363636363636,1216.1921666707403
Afternoons,CatBoost,7355.424242424243,1216.1921666707403
Afternoons,CatBoost,7455.484848484849,1216.1921666707403
Afternoons,CatBoost,7555.545454545455,1216.1921666707403
Afternoons,CatBoost,7655.606060606061,1222.720796060031
Afternoons,CatBoost,7755.666666666667,1222.4552523584866
Afternoons,CatBoost,7855.727272727273,1222.4552523584866
Afternoons,CatBoost,7955.787878787879,1222.4552523584866
Afternoons,CatBoost,8055.848484848485,1222.6147079032564
Afternoons,CatBoost,8155.909090909091,1221.601589158728
Afternoons,CatBoost,8255.969696969698,1221.601589158728
Afternoons,CatBoost,8356.030303030304,1221.601589158728
Afternoons,CatBoost,8456.09090909091,1221.601589158728
Afternoons,CatBoost,8556.151515151516,1221.601589158728
Afternoons,CatBoost,8656.212121212122,1221.7459046837575
Afternoons,CatBoost,8756.272727272728,1221.7459046837575
Afternoons,CatBoost,8856.333333333334,1221.7459046837575
Afternoons,CatBoost,8956.39393939394,1221.7459046837575
Afternoons,CatBoost,9056.454545454546,1221.7459046837575
Afternoons,CatBoost,9156.515151515152,1221.7459046837575
Afternoons,CatBoost,9256.575757575758,1221.7459046837575
Afternoons,CatBoost,9356.636363636364,1222.284926852192
Afternoons,CatBoost,9456.69696969697,1222.284926852192
Afternoons,CatBoost,9556.757575757576,1223.350372197014
Afternoons,CatBoost,9656.818181818182,1223.350372197014
Afternoons,CatBoost,9756.878787878788,1223.350372197014
Afternoons,CatBoost,9856.939393939394,1223.350372197014
Afternoons,CatBoost,9957.0,1223.350372197014
Afternoons,LightGBM,51.0,1239.2393117919034
Afternoons,LightGBM,151.06060606060606,1239.2393117919034
Afternoons,LightGBM,251.12121212121212,1239.2393117919034
Afternoons,LightGBM,351.1818181818182,1239.2393117919034
Afternoons,LightGBM,451.24242424242425,1239.2393117919034
Afternoons,LightGBM,551.3030303030303,1216.5754893550616
Afternoons,LightGBM,651.3636363636364,1216.5611208803887
Afternoons,LightGBM,751.4242424242425,1216.5611208803887
Afternoons,LightGBM,851.4848484848485,1216.5611208803887
Afternoons,LightGBM,951.5454545454545,1216.5611208803887
Afternoons,LightGBM,1051.6060606060605,1216.5611208803887
Afternoons,LightGBM,1151.6666666666667,1216.5611208803887
Afternoons,LightGBM,1251.7272727272727,1216.5611208803887
Afternoons,LightGBM,1351.7878787878788,1216.5611208803887
Afternoons,LightGBM,1451.848484848485,1216.5611208803887
Afternoons,LightGBM,1551.909090909091,1216.5611208803887
Afternoons,LightGBM,1651.969696969697,1222.0890857344614
Afternoons,LightGBM,1752.030303030303,1222.0890857344614
Afternoons,LightGBM,1852.090909090909,1222.2230226160552
Afternoons,LightGBM,1952.1515151515152,1222.2230226160552
Afternoons,LightGBM,2052.212121212121,1224.2797457726376
Afternoons,LightGBM,2152.2727272727275,1224.7656153036714
Afternoons,LightGBM,2252.3333333333335,1224.7311003777054
Afternoons,LightGBM,2352.3939393939395,1224.1910719299617
Afternoons,LightGBM,2452.4545454545455,1224.1910719299617
Afternoons,LightGBM,2552.5151515151515,1219.1974729250192
Afternoons,LightGBM,2652.5757575757575,1219.1974729250192
Afternoons,LightGBM,2752.6363636363635,1219.2041198123723
Afternoons,LightGBM,2852.69696969697,1219.0885655801105
Afternoons,LightGBM,2952.757575757576,1219.0885655801105
Afternoons,LightGBM,3052.818181818182,1219.0707848403536
Afternoons,LightGBM,3152.878787878788,1219.0707848403536
Afternoons,LightGBM,3252.939393939394,1219.0683287149973
Afternoons,LightGBM,3353.0,1219.0683287149973
Afternoons,LightGBM,3453.060606060606,1218.8318688881252
Afternoons,LightGBM,3553.121212121212,1218.8318688881252
Afternoons,LightGBM,3653.181818181818,1218.8418043320698
Afternoons,LightGBM,3753.2424242424245,1218.3884084901465
Afternoons,LightGBM,3853.3030303030305,1218.3884084901465
Afternoons,LightGBM,3953.3636363636365,1218.3884084901465
Afternoons,LightGBM,4053.4242424242425,1218.3884084901465
Afternoons,LightGBM,4153.484848484849,1216.495390635204
Afternoons,LightGBM,4253.545454545455,1216.495390635204
Afternoons,LightGBM,4353.606060606061,1216.495390635204
Afternoons,LightGBM,4453.666666666667,1216.495390635204
Afternoons,LightGBM,4553.727272727273,1216.495390635204
Afternoons,LightGBM,4653.787878787879,1214.215897675784
Afternoons,LightGBM,4753.848484848485,1214.215897675784
Afternoons,LightGBM,4853.909090909091,1214.215897675784
Afternoons,LightGBM,4953.969696969697,1214.215897675784
Afternoons,LightGBM,5054.030303030303,1214.215897675784
Afternoons,LightGBM,5154.090909090909,1214.2523595730556
Afternoons,LightGBM,5254.151515151515,1214.2523595730556
Afternoons,LightGBM,5354.212121212121,1214.2523595730556
Afternoons,LightGBM,5454.272727272727,1214.2523595730556
Afternoons,LightGBM,5554.333333333333,1214.3045815882078
Afternoons,LightGBM,5654.39393939394,1214.3045815882078
Afternoons,LightGBM,5754.454545454546,1214.4448043223108
Afternoons,LightGBM,5854.515151515152,1214.4484858120948
Afternoons,LightGBM,5954.575757575758,1215.7284481391293
Afternoons,LightGBM,6054.636363636364,1215.5529835271354
Afternoons,LightGBM,6154.69696969697,1215.5529835271354
Afternoons,LightGBM,6254.757575757576,1215.7937551635787
Afternoons,LightGBM,6354.818181818182,1221.5879132412545
Afternoons,LightGBM,6454.878787878788,1221.5879132412545
Afternoons,LightGBM,6554.939393939394,1221.5879132412545
Afternoons,LightGBM,6655.0,1221.5879132412545
Afternoons,LightGBM,6755.060606060606,1220.7650801871196
Afternoons,LightGBM,6855.121212121212,1220.7650801871196
Afternoons,LightGBM,6955.181818181818,1220.7650801871196
Afternoons,LightGBM,7055.242424242424,1220.7650801871196
Afternoons,LightGBM,7155.30303030303,1220.7650801871196
Afternoons,LightGBM,7255.363636363636,1220.7650801871196
Afternoons,LightGBM,7355.424242424243,1220.7650801871196
Afternoons,LightGBM,7455.484848484849,1220.7650801871196
Afternoons,LightGBM,7555.545454545455,1220.7493390083032
Afternoons,LightGBM,7655.606060606061,1220.5398240920088
Afternoons,LightGBM,7755.666666666667,1225.0988622687728
Afternoons,LightGBM,7855.727272727273,1225.0988622687728
Afternoons,LightGBM,7955.787878787879,1223.6521195068256
Afternoons,LightGBM,8055.848484848485,1264.7950241616545
Afternoons,LightGBM,8155.909090909091,1257.4303690907316
Afternoons,LightGBM,8255.969696969698,1257.4303690907316
Afternoons,LightGBM,8356.030303030304,1257.4303690907316
Afternoons,LightGBM,8456.09090909091,1257.4303690907316
Afternoons,LightGBM,8556.151515151516,1257.4303690907316
Afternoons,LightGBM,8656.212121212122,1256.8697680778496
Afternoons,LightGBM,8756.272727272728,1256.8697680778496
Afternoons,LightGBM,8856.333333333334,1256.8697680778496
Afternoons,LightGBM,8956.39393939394,1256.8697680778496
Afternoons,LightGBM,9056.454545454546,1256.8697680778496
Afternoons,LightGBM,9156.515151515152,1256.8697680778496
Afternoons,LightGBM,9256.575757575758,1256.8697680778496
Afternoons,LightGBM,9356.636363636364,1256.8058145508815
Afternoons,LightGBM,9456.69696969697,1256.8058145508815
Afternoons,LightGBM,9556.757575757576,1259.5919220916567
Afternoons,LightGBM,9656.818181818182,1259.5919220916567
Afternoons,LightGBM,9756.878787878788,1259.5919220916567
Afternoons,LightGBM,9856.939393939394,1259.5919220916567
Afternoons,LightGBM,9957.0,1259.5919220916567
Afternoons,XGBoost,51.0,1209.1922607421875
Afternoons,XGBoost,151.06060606060606,1209.1922607421875
Afternoons,XGBoost,251.12121212121212,1209.1922607421875
Afternoons,XGBoost,351.1818181818182,1209.2117919921875
Afternoons,XGBoost,451.24242424242425,1209.2117919921875
Afternoons,XGBoost,551.3030303030303,1208.5203857421875
Afternoons,XGBoost,651.3636363636364,1208.5203857421875
Afternoons,XGBoost,751.4242424242425,1208.554443359375
Afternoons,XGBoost,851.4848484848485,1208.554443359375
Afternoons,XGBoost,951.5454545454545,1208.554443359375
Afternoons,XGBoost,1051.6060606060605,1208.554443359375
Afternoons,XGBoost,1151.6666666666667,1208.554443359375
Afternoons,XGBoost,1251.7272727272727,1208.7718505859375
Afternoons,XGBoost,1351.7878787878788,1208.7718505859375
Afternoons,XGBoost,1451.848484848485,1208.7718505859375
Afternoons,XGBoost,1551.909090909091,1208.9630126953125
Afternoons,XGBoost,1651.969696969697,1208.9630126953125
Afternoons,XGBoost,1752.030303030303,1213.7491455078125
Afternoons,XGBoost,1852.090909090909,1213.7752685546875
Afternoons,XGBoost,1952.1515151515152,1213.7752685546875
Afternoons,XGBoost,2052.212121212121,1213.7752685546875
Afternoons,XGBoost,2152.2727272727275,1213.7899169921875
Afternoons,XGBoost,2252.3333333333335,1215.6971435546875
Afternoons,XGBoost,2352.3939393939395,1215.3062744140625
Afternoons,XGBoost,2452.4545454545455,1215.412109375
Afternoons,XGBoost,2552.5151515151515,1215.412109375
Afternoons,XGBoost,2652.5757575757575,1215.1812744140625
Afternoons,XGBoost,2752.6363636363635,1215.1812744140625
Afternoons,XGBoost,2852.69696969697,1216.051513671875
Afternoons,XGBoost,2952.757575757576,1216.051513671875
Afternoons,XGBoost,3052.818181818182,1216.051513671875
Afternoons,XGBoost,3152.878787878788,1216.6175537109375
Afternoons,XGBoost,3252.939393939394,1216.6175537109375
Afternoons,XGBoost,3353.0,1216.6175537109375
Afternoons,XGBoost,3453.060606060606,1216.5693359375
Afternoons,XGBoost,3553.121212121212,1215.2303466796875
Afternoons,XGBoost,3653.181818181818,1215.2303466796875
Afternoons,XGBoost,3753.2424242424245,1215.2303466796875
Afternoons,XGBoost,3853.3030303030305,1215.1854248046875
Afternoons,XGBoost,3953.3636363636365,1215.1854248046875
Afternoons,XGBoost,4053.4242424242425,1215.1854248046875
Afternoons,XGBoost,4153.484848484849,1215.1854248046875
Afternoons,XGBoost,4253.545454545455,1215.1854248046875
Afternoons,XGBoost,4353.606060606061,1215.1854248046875
Afternoons,XGBoost,4453.666666666667,1215.165771484375
Afternoons,XGBoost,4553.727272727273,1215.165771484375
Afternoons,XGBoost,4653.787878787879,1215.165771484375
Afternoons,XGBoost,4753.848484848485,1215.165771484375
Afternoons,XGBoost,4853.909090909091,1215.198974609375
Afternoons,XGBoost,4953.969696969697,1215.198974609375
Afternoons,XGBoost,5054.030303030303,1215.198974609375
Afternoons,XGBoost,5154.090909090909,1215.198974609375
Afternoons,XGBoost,5254.151515151515,1215.198974609375
Afternoons,XGBoost,5354.212121212121,1215.198974609375
Afternoons,XGBoost,5454.272727272727,1215.198974609375
Afternoons,XGBoost,5554.333333333333,1214.9715576171875
Afternoons,XGBoost,5654.39393939394,1214.9715576171875
Afternoons,XGBoost,5754.454545454546,1214.9715576171875
Afternoons,XGBoost,5854.515151515152,1214.9715576171875
Afternoons,XGBoost,5954.575757575758,1215.0311279296875
Afternoons,XGBoost,6054.636363636364,1215.0311279296875
Afternoons,XGBoost,6154.69696969697,1214.9171142578125
Afternoons,XGBoost,6254.757575757576,1214.9171142578125
Afternoons,XGBoost,6354.818181818182,1230.015869140625
Afternoons,XGBoost,6454.878787878788,1230.015869140625
Afternoons,XGBoost,6554.939393939394,1230.015869140625
Afternoons,XGBoost,6655.0,1230.015869140625
Afternoons,XGBoost,6755.060606060606,1230.015869140625
Afternoons,XGBoost,6855.121212121212,1230.015869140625
Afternoons,XGBoost,6955.181818181818,1230.015869140625
Afternoons,XGBoost,7055.242424242424,1230.015869140625
Afternoons,XGBoost,7155.30303030303,1230.015869140625
Afternoons,XGBoost,7255.363636363636,1230.01220703125
Afternoons,XGBoost,7355.424242424243,1230.01220703125
Afternoons,XGBoost,7455.484848484849,1230.01220703125
Afternoons,XGBoost,7555.545454545455,1230.01220703125
Afternoons,XGBoost,7655.606060606061,1269.3155517578125
Afternoons,XGBoost,7755.666666666667,1269.3155517578125
Afternoons,XGBoost,7855.727272727273,1281.26025390625
Afternoons,XGBoost,7955.787878787879,1281.26025390625
Afternoons,XGBoost,8055.848484848485,1281.26513671875
Afternoons,XGBoost,8155.909090909091,1281.26513671875
Afternoons,XGBoost,8255.969696969698,1281.26513671875
Afternoons,XGBoost,8356.030303030304,1281.26513671875
Afternoons,XGBoost,8456.09090909091,1281.26513671875
Afternoons,XGBoost,8556.151515151516,1281.26513671875
Afternoons,XGBoost,8656.212121212122,1281.26513671875
Afternoons,XGBoost,8756.272727272728,1281.26513671875
Afternoons,XGBoost,8856.333333333334,1281.26513671875
Afternoons,XGBoost,8956.39393939394,1281.26513671875
Afternoons,XGBoost,9056.454545454546,1281.26513671875
Afternoons,XGBoost,9156.515151515152,1281.26513671875
Afternoons,XGBoost,9256.575757575758,1280.7396240234375
Afternoons,XGBoost,9356.636363636364,1280.7396240234375
Afternoons,XGBoost,9456.69696969697,1280.7396240234375
Afternoons,XGBoost,9556.757575757576,1280.34375
Afternoons,XGBoost,9656.818181818182,1280.34375
Afternoons,XGBoost,9756.878787878788,1280.34375
Afternoons,XGBoost,9856.939393939394,1280.34375
Afternoons,XGBoost,9957.0,1280.34375
Evenings,CatBoost,51.0,553.8837926969697
Evenings,CatBoost,151.06060606060606,553.8837926969697
Evenings,CatBoost,251.12121212121212,553.8837926969697
Evenings,CatBoost,351.1818181818182,553.8837926969697
Evenings,CatBoost,451.24242424242425,553.8837926969697
Evenings,CatBoost,551.3030303030303,554.8836188139034
Evenings,CatBoost,651.3636363636364,555.1070164666879
Evenings,CatBoost,751.4242424242425,555.1070164666879
Evenings,CatBoost,851.4848484848485,555.1070164666879
Evenings,CatBoost,951.5454545454545,555.1070164666879
Evenings,CatBoost,1051.6060606060605,555.1070164666879
Evenings,CatBoost,1151.6666666666667,558.7205579051964
Evenings,CatBoost,1251.7272727272727,558.7205579051964
Evenings,CatBoost,1351.7878787878788,558.8046341251824
Evenings,CatBoost,1451.848484848485,558.8046341251824
Evenings,CatBoost,1551.909090909091,558.8046341251824
Evenings,CatBoost,1651.969696969697,558.8046341251824
Evenings,CatBoost,1752.030303030303,558.8046341251824
Evenings,CatBoost,1852.090909090909,558.8046341251824
Evenings,CatBoost,1952.1515151515152,558.8046341251824
Evenings,CatBoost,2052.212121212121,560.8136183707652
Evenings,CatBoost,2152.2727272727275,561.2280353143904
Evenings,CatBoost,2252.3333333333335,561.1372831818454
Evenings,CatBoost,2352.3939393939395,552.5067242547049
Evenings,CatBoost,2452.4545454545455,552.5067242547049
Evenings,CatBoost,2552.5151515151515,552.5067242547049
Evenings,CatBoost,2652.5757575757575,552.5067242547049
Evenings,CatBoost,2752.6363636363635,551.9640046616544
Evenings,CatBoost,2852.69696969697,537.513395983571
Evenings,CatBoost,2952.757575757576,537.513395983571
Evenings,CatBoost,3052.818181818182,537.5531689851358
Evenings,CatBoost,3152.878787878788,537.5531689851358
Evenings,CatBoost,3252.939393939394,533.4804884272942
Evenings,CatBoost,3353.0,533.4804884272942
Evenings,CatBoost,3453.060606060606,532.7820973416151
Evenings,CatBoost,3553.121212121212,532.7820973416151
Evenings,CatBoost,3653.181818181818,531.5826739881871
Evenings,CatBoost,3753.2424242424245,528.6065055631065
Evenings,CatBoost,3853.3030303030305,528.6065055631065
Evenings,CatBoost,3953.3636363636365,528.6065055631065
Evenings,CatBoost,4053.4242424242425,528.6065055631065
Evenings,CatBoost,4153.484848484849,528.6065055631065
Evenings,CatBoost,4253.545454545455,528.6065055631065
Evenings,CatBoost,4353.606060606061,528.6065055631065
Evenings,CatBoost,4453.666666666667,528.6065055631065
Evenings,CatBoost,4553.727272727273,528.6065055631065
Evenings,CatBoost,4653.787878787879,527.4008350310294
Evenings,CatBoost,4753.848484848485,527.4008350310294
Evenings,CatBoost,4853.909090909091,527.4008350310294
Evenings,CatBoost,4953.969696969697,527.4008350310294
Evenings,CatBoost,5054.030303030303,527.4008350310294
Evenings,CatBoost,5154.090909090909,527.7796013139452
Evenings,CatBoost,5254.151515151515,527.7796013139452
Evenings,CatBoost,5354.212121212121,527.7796013139452
Evenings,CatBoost,5454.272727272727,527.7796013139452
Evenings,CatBoost,5554.333333333333,527.7796013139452
Evenings,CatBoost,5654.39393939394,527.7796013139452
Evenings,CatBoost,5754.454545454546,527.073476899114
Evenings,CatBoost,5854.515151515152,526.8320454513891
Evenings,CatBoost,5954.575757575758,526.9226069708827
Evenings,CatBoost,6054.636363636364,523.6699111166263
Evenings,CatBoost,6154.69696969697,523.6699111166263
Evenings,CatBoost,6254.757575757576,526.1328737521604
Evenings,CatBoost,6354.818181818182,529.0916804534585
Evenings,CatBoost,6454.878787878788,529.0916804534585
Evenings,CatBoost,6554.939393939394,529.0916804534585
Evenings,CatBoost,6655.0,529.0916804534585
Evenings,CatBoost,6755.060606060606,531.5323361678123
Evenings,CatBoost,6855.121212121212,531.5323361678123
Evenings,CatBoost,6955.181818181818,531.5323361678123
Evenings,CatBoost,7055.242424242424,531.5323361678123
Evenings,CatBoost,7155.30303030303,531.5323361678123
Evenings,CatBoost,7255.363636363636,533.3366631522482
Evenings,CatBoost,7355.424242424243,535.7527451265458
Evenings,CatBoost,7455.484848484849,535.7527451265458
Evenings,CatBoost,7555.545454545455,542.9092659826131
Evenings,CatBoost,7655.606060606061,544.2105756243639
Evenings,CatBoost,7755.666666666667,544.6625118853395
Evenings,CatBoost,7855.727272727273,544.6625118853395
Evenings,CatBoost,7955.787878787879,552.7900172726156
Evenings,CatBoost,8055.848484848485,552.7900172726156
Evenings,CatBoost,8155.909090909091,552.7900172726156
Evenings,CatBoost,8255.969696969698,552.7900172726156
Evenings,CatBoost,8356.030303030304,552.7900172726156
Evenings,CatBoost,8456.09090909091,552.7900172726156
Evenings,CatBoost,8556.151515151516,552.7900172726156
Evenings,CatBoost,8656.212121212122,552.7900172726156
Evenings,CatBoost,8756.272727272728,552.7900172726156
Evenings,CatBoost,8856.333333333334,552.7900172726156
Evenings,CatBoost,8956.39393939394,552.7900172726156
Evenings,CatBoost,9056.454545454546,552.7900172726156
Evenings,CatBoost,9156.515151515152,552.7900172726156
Evenings,CatBoost,9256.575757575758,552.7900172726156
Evenings,CatBoost,9356.636363636364,548.5751701495478
Evenings,CatBoost,9456.69696969697,548.5751701495478
Evenings,CatBoost,9556.757575757576,544.8843646056303
Evenings,CatBoost,9656.818181818182,544.8843646056303
Evenings,CatBoost,9756.878787878788,544.8843646056303
Evenings,CatBoost,9856.939393939394,544.8843646056303
Evenings,CatBoost,9957.0,544.8843646056303
Mornings Special,XGBoost,51.0,287.17962646484375
Mornings Special,XGBoost,151.06060606060606,287.17962646484375
Mornings Special,XGBoost,251.12121212121212,287.17962646484375
Mornings Special,XGBoost,351.1818181818182,285.8002624511719
Mornings Special,XGBoost,451.24242424242425,285.8002624511719
Mornings Special,XGBoost,551.3030303030303,291.664306640625
Mornings Special,XGBoost,651.3636363636364,291.664306640625
Mornings Special,XGBoost,751.4242424242425,291.171630859375
Mornings Special,XGBoost,851.4848484848485,291.171630859375
Mornings Special,XGBoost,951.5454545454545,291.171630859375
Mornings Special,XGBoost,1051.6060606060605,291.4294128417969
Mornings Special,XGBoost,1151.6666666666667,291.4294128417969
Mornings Special,XGBoost,1251.7272727272727,317.0325622558594
Mornings Special,XGBoost,1351.7878787878788,317.0325622558594
Mornings Special,XGBoost,1451.848484848485,317.0325622558594
Mornings Special,XGBoost,1551.909090909091,316.6025085449219
Mornings Special,XGBoost,1651.969696969697,316.6025085449219
Mornings Special,XGBoost,1752.030303030303,319.3682861328125
Mornings Special,XGBoost,1852.090909090909,317.3855285644531
Mornings Special,XGBoost,1952.1515151515152,317.3855285644531
Mornings Special,XGBoost,2052.212121212121,317.3855285644531
Mornings Special,XGBoost,2152.2727272727275,317.43060302734375
Mornings Special,XGBoost,2252.3333333333335,300.8967590332031
Mornings Special,XGBoost,2352.3939393939395,300.9893493652344
Mornings Special,XGBoost,2452.4545454545455,300.43096923828125
Mornings Special,XGBoost,2552.5151515151515,300.43096923828125
Mornings Special,XGBoost,2652.5757575757575,300.5668640136719
Mornings Special,XGBoost,2752.6363636363635,300.5668640136719
Mornings Special,XGBoost,2852.69696969697,296.3142395019531
Mornings Special,XGBoost,2952.757575757576,296.3142395019531
Mornings Special,XGBoost,3052.818181818182,296.3142395019531
Mornings Special,XGBoost,3152.878787878788,296.5110168457031
Mornings Special,XGBoost,3252.939393939394,296.5110168457031
Mornings Special,XGBoost,3353.0,296.5110168457031
Mornings Special,XGBoost,3453.060606060606,296.44189453125
Mornings Special,XGBoost,3553.121212121212,296.35369873046875
Mornings Special,XGBoost,3653.181818181818,296.3490905761719
Mornings Special,XGBoost,3753.2424242424245,296.3490905761719
Mornings Special,XGBoost,3853.3030303030305,284.56146240234375
Mornings Special,XGBoost,3953.3636363636365,284.56146240234375
Mornings Special,XGBoost,4053.4242424242425,284.56146240234375
Mornings Special,XGBoost,4153.484848484849,284.56146240234375
Mornings Special,XGBoost,4253.545454545455,284.56146240234375
Mornings Special,XGBoost,4353.606060606061,284.56146240234375
Mornings Special,XGBoost,4453.666666666667,284.56146240234375
Mornings Special,XGBoost,4553.727272727273,284.56146240234375
Mornings Special,XGBoost,4653.787878787879,284.56146240234375
Mornings Special,XGBoost,4753.848484848485,284.56146240234375
Mornings Special,XGBoost,4853.909090909091,284.56146240234375
Mornings Special,XGBoost,4953.969696969697,284.56146240234375
Mornings Special,XGBoost,5054.030303030303,284.56146240234375
Mornings Special,XGBoost,5154.090909090909,284.56146240234375
Mornings Special,XGBoost,5254.151515151515,284.56146240234375
Mornings Special,XGBoost,5354.212121212121,284.56146240234375
Mornings Special,XGBoost,5454.272727272727,292.8397521972656
Mornings Special,XGBoost,5554.333333333333,292.3642883300781
Mornings Special,XGBoost,5654.39393939394,292.3642883300781
Mornings Special,XGBoost,5754.454545454546,292.3642883300781
Mornings Special,XGBoost,5854.515151515152,293.49951171875
Mornings Special,XGBoost,5954.575757575758,294.79022216796875
Mornings Special,XGBoost,6054.636363636364,294.79022216796875
Mornings Special,XGBoost,6154.69696969697,292.8050537109375
Mornings Special,XGBoost,6254.757575757576,292.8050537109375
Mornings Special,XGBoost,6354.818181818182,292.8544616699219
Mornings Special,XGBoost,6454.878787878788,292.8544616699219
Mornings Special,XGBoost,6554.939393939394,292.8544616699219
Mornings Special,XGBoost,6655.0,292.8544616699219
Mornings Special,XGBoost,6755.060606060606,292.8544616699219
Mornings Special,XGBoost,6855.121212121212,292.8544616699219
Mornings Special,XGBoost,6955.181818181818,292.8544616699219
Mornings Special,XGBoost,7055.242424242424,292.8544616699219
Mornings Special,XGBoost,7155.30303030303,292.8544616699219
Mornings Special,XGBoost,7255.363636363636,292.742919921875
Mornings Special,XGBoost,7355.424242424243,292.742919921875
Mornings Special,XGBoost,7455.484848484849,292.742919921875
Mornings Special,XGBoost,7555.545454545455,292.742919921875
Mornings Special,XGBoost,7655.606060606061,294.9906005859375
Mornings Special,XGBoost,7755.666666666667,294.9906005859375
Mornings Special,XGBoost,7855.727272727273,295.2243347167969
Mornings Special,XGBoost,7955.787878787879,295.1715087890625
Mornings Special,XGBoost,8055.848484848485,293.0658874511719
Mornings Special,XGBoost,8155.909090909091,293.0658874511719
Mornings Special,XGBoost,8255.969696969698,293.0658874511719
Mornings Special,XGBoost,8356.030303030304,293.0658874511719
Mornings Special,XGBoost,8456.09090909091,293.0658874511719
Mornings Special,XGBoost,8556.151515151516,293.0658874511719
Mornings Special,XGBoost,8656.212121212122,293.0658874511719
Mornings Special,XGBoost,8756.272727272728,293.0658874511719
Mornings Special,XGBoost,8856.333333333334,293.0658874511719
Mornings Special,XGBoost,8956.39393939394,293.0658874511719
Mornings Special,XGBoost,9056.454545454546,293.0658874511719
Mornings Special,XGBoost,9156.515151515152,293.0658874511719
Mornings Special,XGBoost,9256.575757575758,293.1265869140625
Mornings Special,XGBoost,9356.636363636364,293.1265869140625
Mornings Special,XGBoost,9456.69696969697,293.1558532714844
Mornings Special,XGBoost,9556.757575757576,293.1558532714844
Mornings Special,XGBoost,9656.818181818182,293.1558532714844
Mornings Special,XGBoost,9756.878787878788,293.1558532714844
Mornings Special,XGBoost,9856.939393939394,293.1558532714844
Mornings Special,XGBoost,9957.0,293.1618347167969
Lunches Special,LightGBM,51.0,812.7993431360667
Lunches Special,LightGBM,151.06060606060606,812.7993431360667
Lunches Special,LightGBM,251.12121212121212,812.7993431360667
Lunches Special,LightGBM,351.1818181818182,812.7993431360667
Lunches Special,LightGBM,451.24242424242425,815.117125987334
Lunches Special,LightGBM,551.3030303030303,827.8696355170534
Lunches Special,LightGBM,651.3636363636364,827.8696355170534
Lunches Special,LightGBM,751.4242424242425,827.8696355170534
Lunches Special,LightGBM,851.4848484848485,827.13909069439
Lunches Special,LightGBM,951.5454545454545,827.13909069439
Lunches Special,LightGBM,1051.6060606060605,819.6731740452818
Lunches Special,LightGBM,1151.6666666666667,820.0159552716092
Lunches Special,LightGBM,1251.7272727272727,820.0159552716092
Lunches Special,LightGBM,1351.7878787878788,820.0159552716092
Lunches Special,LightGBM,1451.848484848485,820.0159552716092
Lunches Special,LightGBM,1551.909090909091,820.0159552716092
Lunches Special,LightGBM,1651.969696969697,820.0159552716092
Lunches Special,LightGBM,1752.030303030303,820.0159552716092
Lunches Special,LightGBM,1852.090909090909,813.4043482296275
Lunches Special,LightGBM,1952.1515151515152,813.4043482296275
Lunches Special,LightGBM,2052.212121212121,817.4523498175442
Lunches Special,LightGBM,2152.2727272727275,956.1165323964491
Lunches Special,LightGBM,2252.3333333333335,960.6787412025595
Lunches Special,LightGBM,2352.3939393939395,960.6829353166395
Lunches Special,LightGBM,2452.4545454545455,960.6829353166395
Lunches Special,LightGBM,2552.5151515151515,979.4573730771749
Lunches Special,LightGBM,2652.5757575757575,979.4573730771749
Lunches Special,LightGBM,2752.6363636363635,983.3589327370285
Lunches Special,LightGBM,2852.69696969697,935.5382225518039
Lunches Special,LightGBM,2952.757575757576,935.5382225518039
Lunches Special,LightGBM,3052.818181818182,935.588245673345
Lunches Special,LightGBM,3152.878787878788,935.588245673345
Lunches Special,LightGBM,3252.939393939394,934.8332152877057
Lunches Special,LightGBM,3353.0,934.8332152877057
Lunches Special,LightGBM,3453.060606060606,940.5029685363669
Lunches Special,LightGBM,3553.121212121212,940.5029685363669
Lunches Special,LightGBM,3653.181818181818,940.1502754748025
Lunches Special,LightGBM,3753.2424242424245,936.781270143481
Lunches Special,LightGBM,3853.3030303030305,936.781270143481
Lunches Special,LightGBM,3953.3636363636365,936.781270143481
Lunches Special,LightGBM,4053.4242424242425,936.781270143481
Lunches Special,LightGBM,4153.484848484849,942.5356360779139
Lunches Special,LightGBM,4253.545454545455,942.5356360779139
Lunches Special,LightGBM,4353.606060606061,942.5356360779139
Lunches Special,LightGBM,4453.666666666667,942.5356360779139
Lunches Special,LightGBM,4553.727272727273,942.5356360779139
Lunches Special,LightGBM,4653.787878787879,941.686342297805
Lunches Special,LightGBM,4753.848484848485,941.686342297805
Lunches Special,LightGBM,4853.909090909091,941.686342297805
Lunches Special,LightGBM,4953.969696969697,941.686342297805
Lunches Special,LightGBM,5054.030303030303,941.686342297805
Lunches Special,LightGBM,5154.090909090909,937.585370652306
Lunches Special,LightGBM,5254.151515151515,937.585370652306
Lunches Special,LightGBM,5354.212121212121,937.585370652306
Lunches Special,LightGBM,5454.272727272727,937.585370652306
Lunches Special,LightGBM,5554.333333333333,936.2650847030478
Lunches Special,LightGBM,5654.39393939394,936.2650847030478
Lunches Special,LightGBM,5754.454545454546,936.2650847030478
Lunches Special,LightGBM,5854.515151515152,936.3192274703009
Lunches Special,LightGBM,5954.575757575758,933.5587990031498
Lunches Special,LightGBM,6054.636363636364,932.6398054581238
Lunches Special,LightGBM,6154.69696969697,932.6398054581238
Lunches Special,LightGBM,6254.757575757576,933.2483862852823
Lunches Special,LightGBM,6354.818181818182,936.600783285182
Lunches Special,LightGBM,6454.878787878788,936.600783285182
Lunches Special,LightGBM,6554.939393939394,936.600783285182
Lunches Special,LightGBM,6655.0,936.600783285182
Lunches Special,LightGBM,6755.060606060606,936.600783285182
Lunches Special,LightGBM,6855.121212121212,936.600783285182
Lunches Special,LightGBM,6955.181818181818,936.600783285182
Lunches Special,LightGBM,7055.242424242424,936.600783285182
Lunches Special,LightGBM,7155.30303030303,936.600783285182
Lunches Special,LightGBM,7255.363636363636,936.9127222686809
Lunches Special,LightGBM,7355.424242424243,935.8842268280727
Lunches Special,LightGBM,7455.484848484849,935.8842268280727
Lunches Special,LightGBM,7555.545454545455,937.92203011359
Lunches Special,LightGBM,7655.606060606061,960.7896829488802
Lunches Special,LightGBM,7755.666666666667,963.102830692594
Lunches Special,LightGBM,7855.727272727273,963.102830692594
Lunches Special,LightGBM,7955.787878787879,963.1886548660183
Lunches Special,LightGBM,8055.848484848485,963.1886548660183
Lunches Special,LightGBM,8155.909090909091,964.4422970793486
Lunches Special,LightGBM,8255.969696969698,964.4422970793486
Lunches Special,LightGBM,8356.030303030304,964.4422970793486
Lunches Special,LightGBM,8456.09090909091,964.4422970793486
Lunches Special,LightGBM,8556.151515151516,964.4422970793486
Lunches Special,LightGBM,8656.212121212122,964.609516909787
Lunches Special,LightGBM,8756.272727272728,964.609516909787
Lunches Special,LightGBM,8856.333333333334,964.609516909787
Lunches Special,LightGBM,8956.39393939394,964.609516909787
Lunches Special,LightGBM,9056.454545454546,964.609516909787
Lunches Special,LightGBM,9156.515151515152,964.609516909787
Lunches Special,LightGBM,9256.575757575758,964.609516909787
Lunches Special,LightGBM,9356.636363636364,966.7452362710584
Lunches Special,LightGBM,9456.69696969697,966.7452362710584
Lunches Special,LightGBM,9556.757575757576,980.0609977361258
Lunches Special,LightGBM,9656.818181818182,980.0609977361258
Lunches Special,LightGBM,9756.878787878788,980.0609977361258
Lunches Special,LightGBM,9856.939393939394,980.0609977361258
Lunches Special,LightGBM,9957.0,980.0609977361258
Lunches Special,XGBoost,51.0,860.2762451171875
Lunches Special,XGBoost,151.06060606060606,860.2762451171875
Lunches Special,XGBoost,251.12121212121212,860.2762451171875
Lunches Special,XGBoost,351.1818181818182,850.1480712890625
Lunches Special,XGBoost,451.24242424242425,850.1480712890625
Lunches Special,XGBoost,551.3030303030303,852.1875
Lunches Special,XGBoost,651.3636363636364,852.1875
Lunches Special,XGBoost,751.4242424242425,862.6295166015625
Lunches Special,XGBoost,851.4848484848485,862.6295166015625
Lunches Special,XGBoost,951.5454545454545,862.6295166015625
Lunches Special,XGBoost,1051.6060606060605,884.19091796875
Lunches Special,XGBoost,1151.6666666666667,884.19091796875
Lunches Special,XGBoost,1251.7272727272727,863.3621826171875
Lunches Special,XGBoost,1351.7878787878788,863.3621826171875
Lunches Special,XGBoost,1451.848484848485,863.3621826171875
Lunches Special,XGBoost,1551.909090909091,842.4737548828125
Lunches Special,XGBoost,1651.969696969697,842.4737548828125
Lunches Special,XGBoost,1752.030303030303,996.0433349609375
Lunches Special,XGBoost,1852.090909090909,1002.6146240234375
Lunches Special,XGBoost,1952.1515151515152,1002.6146240234375
Lunches Special,XGBoost,2052.212121212121,1002.6146240234375
Lunches Special,XGBoost,2152.2727272727275,1004.5560302734375
Lunches Special,XGBoost,2252.3333333333335,1002.2460327148438
Lunches Special,XGBoost,2352.3939393939395,1006.6121826171875
Lunches Special,XGBoost,2452.4545454545455,1015.8177490234375
Lunches Special,XGBoost,2552.5151515151515,1015.8177490234375
Lunches Special,XGBoost,2652.5757575757575,1013.9674682617188
Lunches Special,XGBoost,2752.6363636363635,1013.9674682617188
Lunches Special,XGBoost,2852.69696969697,839.1810302734375
Lunches Special,XGBoost,2952.757575757576,839.1810302734375
Lunches Special,XGBoost,3052.818181818182,839.1810302734375
Lunches Special,XGBoost,3152.878787878788,851.1201782226562
Lunches Special,XGBoost,3252.939393939394,851.1201782226562
Lunches Special,XGBoost,3353.0,851.1201782226562
Lunches Special,XGBoost,3453.060606060606,845.9879760742188
Lunches Special,XGBoost,3553.121212121212,846.02001953125
Lunches Special,XGBoost,3653.181818181818,845.251953125
Lunches Special,XGBoost,3753.2424242424245,845.251953125
Lunches Special,XGBoost,3853.3030303030305,854.1015014648438
Lunches Special,XGBoost,3953.3636363636365,854.1015014648438
Lunches Special,XGBoost,4053.4242424242425,854.1015014648438
Lunches Special,XGBoost,4153.484848484849,854.1015014648438
Lunches Special,XGBoost,4253.545454545455,854.1015014648438
Lunches Special,XGBoost,4353.606060606061,854.1015014648438
Lunches Special,XGBoost,4453.666666666667,867.6349487304688
Lunches Special,XGBoost,4553.727272727273,867.6349487304688
Lunches Special,XGBoost,4653.787878787879,867.6349487304688
Lunches Special,XGBoost,4753.848484848485,867.6349487304688
Lunches Special,XGBoost,4853.909090909091,877.9014892578125
Lunches Special,XGBoost,4953.969696969697,877.9014892578125
Lunches Special,XGBoost,5054.030303030303,877.9014892578125
Lunches Special,XGBoost,5154.090909090909,877.9014892578125
Lunches Special,XGBoost,5254.151515151515,877.9014892578125
Lunches Special,XGBoost,5354.212121212121,877.9014892578125
Lunches Special,XGBoost,5454.272727272727,877.9177856445312
Lunches Special,XGBoost,5554.333333333333,881.6842041015625
Lunches Special,XGBoost,5654.39393939394,881.6842041015625
Lunches Special,XGBoost,5754.454545454546,881.6842041015625
Lunches Special,XGBoost,5854.515151515152,881.0533447265625
Lunches Special,XGBoost,5954.575757575758,1026.821533203125
Lunches Special,XGBoost,6054.636363636364,1026.821533203125
Lunches Special,XGBoost,6154.69696969697,1024.3736572265625
Lunches Special,XGBoost,6254.757575757576,1024.3736572265625
Lunches Special,XGBoost,6354.818181818182,1079.1473388671875
Lunches Special,XGBoost,6454.878787878788,1079.1473388671875
Lunches Special,XGBoost,6554.939393939394,1079.1473388671875
Lunches Special,XGBoost,6655.0,1079.1473388671875
Lunches Special,XGBoost,6755.060606060606,1079.1473388671875
Lunches Special,XGBoost,6855.121212121212,1079.1473388671875
Lunches Special,XGBoost,6955.181818181818,1079.1473388671875
Lunches Special,XGBoost,7055.242424242424,1079.1473388671875
Lunches Special,XGBoost,7155.30303030303,1079.1473388671875
Lunches Special,XGBoost,7255.363636363636,1078.4122314453125
Lunches Special,XGBoost,7355.424242424243,1010.9388427734375
Lunches Special,XGBoost,7455.484848484849,1010.9388427734375
Lunches Special,XGBoost,7555.545454545455,1010.9388427734375
Lunches Special,XGBoost,7655.606060606061,1033.6136474609375
Lunches Special,XGBoost,7755.666666666667,1033.6136474609375
Lunches Special,XGBoost,7855.727272727273,1031.14990234375
Lunches Special,XGBoost,7955.787878787879,1031.14990234375
Lunches Special,XGBoost,8055.848484848485,1042.39404296875
Lunches Special,XGBoost,8155.909090909091,1041.820068359375
Lunches Special,XGBoost,8255.969696969698,1041.820068359375
Lunches Special,XGBoost,8356.030303030304,1041.820068359375
Lunches Special,XGBoost,8456.09090909091,1041.820068359375
Lunches Special,XGBoost,8556.151515151516,1041.820068359375
Lunches Special,XGBoost,8656.212121212122,1041.820068359375
Lunches Special,XGBoost,8756.272727272728,1041.820068359375
Lunches Special,XGBoost,8856.333333333334,1041.820068359375
Lunches Special,XGBoost,8956.39393939394,1041.820068359375
Lunches Special,XGBoost,9056.454545454546,1041.820068359375
Lunches Special,XGBoost,9156.515151515152,1041.820068359375
Lunches Special,XGBoost,9256.575757575758,1041.802490234375
Lunches Special,XGBoost,9356.636363636364,1041.802490234375
Lunches Special,XGBoost,9456.69696969697,1040.135009765625
Lunches Special,XGBoost,9556.757575757576,1089.6591796875
Lunches Special,XGBoost,9656.818181818182,1088.39990234375
Lunches Special,XGBoost,9756.878787878788,1088.39990234375
Lunches Special,XGBoost,9856.939393939394,1088.39990234375
Lunches Special,XGBoost,9957.0,1088.901123046875
Evenings Special,LightGBM,51.0,632.6011917612478
Evenings Special,LightGBM,151.06060606060606,632.6011917612478
Evenings Special,LightGBM,251.12121212121212,632.6011917612478
Evenings Special,LightGBM,351.1818181818182,632.6011917612478
Evenings Special,LightGBM,451.24242424242425,632.6011917612478
Evenings Special,LightGBM,551.3030303030303,623.6284258186755
Evenings Special,LightGBM,651.3636363636364,623.5611270330746
Evenings Special,LightGBM,751.4242424242425,623.5611270330746
Evenings Special,LightGBM,851.4848484848485,623.729221224704
Evenings Special,LightGBM,951.5454545454545,623.729221224704
Evenings Special,LightGBM,1051.6060606060605,623.729221224704
Evenings Special,LightGBM,1151.6666666666667,625.1057751655695
Evenings Special,LightGBM,1251.7272727272727,625.1057751655695
Evenings Special,LightGBM,1351.7878787878788,629.4540073677992
Evenings Special,LightGBM,1451.848484848485,629.4540073677992
Evenings Special,LightGBM,1551.909090909091,629.4540073677992
Evenings Special,LightGBM,1651.969696969697,629.6411148589859
Evenings Special,LightGBM,1752.030303030303,629.6411148589859
Evenings Special,LightGBM,1852.090909090909,629.5885302370274
Evenings Special,LightGBM,1952.1515151515152,629.5885302370274
Evenings Special,LightGBM,2052.212121212121,629.328568586034
Evenings Special,LightGBM,2152.2727272727275,631.2364937184419
Evenings Special,LightGBM,2252.3333333333335,631.7541590211939
Evenings Special,LightGBM,2352.3939393939395,632.3387741661656
Evenings Special,LightGBM,2452.4545454545455,632.3387741661656
Evenings Special,LightGBM,2552.5151515151515,632.6538241088074
Evenings Special,LightGBM,2652.5757575757575,632.6538241088074
Evenings Special,LightGBM,2752.6363636363635,632.7229437654913
Evenings Special,LightGBM,2852.69696969697,632.3455649478789
Evenings Special,LightGBM,2952.757575757576,632.3455649478789
Evenings Special,LightGBM,3052.818181818182,631.495042822692
Evenings Special,LightGBM,3152.878787878788,631.495042822692
Evenings Special,LightGBM,3252.939393939394,627.5051983841043
Evenings Special,LightGBM,3353.0,627.5051983841043
Evenings Special,LightGBM,3453.060606060606,627.420922177992
Evenings Special,LightGBM,3553.121212121212,627.420922177992
Evenings Special,LightGBM,3653.181818181818,627.6668147795211
Evenings Special,LightGBM,3753.2424242424245,526.802766290251
Evenings Special,LightGBM,3853.3030303030305,526.802766290251
Evenings Special,LightGBM,3953.3636363636365,526.802766290251
Evenings Special,LightGBM,4053.4242424242425,526.802766290251
Evenings Special,LightGBM,4153.484848484849,520.1833573591539
Evenings Special,LightGBM,4253.545454545455,520.1833573591539
Evenings Special,LightGBM,4353.606060606061,520.1833573591539
Evenings Special,LightGBM,4453.666666666667,520.1833573591539
Evenings Special,LightGBM,4553.727272727273,520.1833573591539
Evenings Special,LightGBM,4653.787878787879,519.2128995053982
Evenings Special,LightGBM,4753.848484848485,519.2128995053982
Evenings Special,LightGBM,4853.909090909091,519.2128995053982
Evenings Special,LightGBM,4953.969696969697,519.2128995053982
Evenings Special,LightGBM,5054.030303030303,519.2128995053982
Evenings Special,LightGBM,5154.090909090909,517.1292084748969
Evenings Special,LightGBM,5254.151515151515,517.1292084748969
Evenings Special,LightGBM,5354.212121212121,517.1292084748969
Evenings Special,LightGBM,5454.272727272727,517.1292084748969
Evenings Special,LightGBM,5554.333333333333,517.1292084748969
Evenings Special,LightGBM,5654.39393939394,517.1292084748969
Evenings Special,LightGBM,5754.454545454546,517.1421585197725
Evenings Special,LightGBM,5854.515151515152,517.0906836125738
Evenings Special,LightGBM,5954.575757575758,467.44614463345454
Evenings Special,LightGBM,6054.636363636364,468.95938585140357
Evenings Special,LightGBM,6154.69696969697,468.95938585140357
Evenings Special,LightGBM,6254.757575757576,469.1128489610853
Evenings Special,LightGBM,6354.818181818182,470.4952218213923
Evenings Special,LightGBM,6454.878787878788,470.4952218213923
Evenings Special,LightGBM,6554.939393939394,470.4952218213923
Evenings Special,LightGBM,6655.0,470.4952218213923
Evenings Special,LightGBM,6755.060606060606,468.75602889161115
Evenings Special,LightGBM,6855.121212121212,468.75602889161115
Evenings Special,LightGBM,6955.181818181818,468.75602889161115
Evenings Special,LightGBM,7055.242424242424,468.75602889161115
Evenings Special,LightGBM,7155.30303030303,468.75602889161115
Evenings Special,LightGBM,7255.363636363636,468.75602889161115
Evenings Special,LightGBM,7355.424242424243,468.60724333031413
Evenings Special,LightGBM,7455.484848484849,468.60724333031413
Evenings Special,LightGBM,7555.545454545455,476.24749344980404
Evenings Special,LightGBM,7655.606060606061,477.7148587928118
Evenings Special,LightGBM,7755.666666666667,531.3022015778548
Evenings Special,LightGBM,7855.727272727273,531.3022015778548
Evenings Special,LightGBM,7955.787878787879,535.9139118083892
Evenings Special,LightGBM,8055.848484848485,543.8433598575118
Evenings Special,LightGBM,8155.909090909091,545.9381552949123
Evenings Special,LightGBM,8255.969696969698,545.9381552949123
Evenings Special,LightGBM,8356.030303030304,545.9381552949123
Evenings Special,LightGBM,8456.09090909091,545.9381552949123
Evenings Special,LightGBM,8556.151515151516,545.9381552949123
Evenings Special,LightGBM,8656.212121212122,545.9923035036526
Evenings Special,LightGBM,8756.272727272728,545.9923035036526
Evenings Special,LightGBM,8856.333333333334,545.9923035036526
Evenings Special,LightGBM,8956.39393939394,545.9923035036526
Evenings Special,LightGBM,9056.454545454546,545.9923035036526
Evenings Special,LightGBM,9156.515151515152,545.9923035036526
Evenings Special,LightGBM,9256.575757575758,545.9923035036526
Evenings Special,LightGBM,9356.636363636364,545.8988661813503
Evenings Special,LightGBM,9456.69696969697,545.8988661813503
Evenings Special,LightGBM,9556.757575757576,546.740297448662
Evenings Special,LightGBM,9656.818181818182,546.740297448662
Evenings Special,LightGBM,9756.878787878788,546.740297448662
Evenings Special,LightGBM,9856.939393939394,546.3226612847169
Evenings Special,LightGBM,9957.0,546.3226612847169
Evenings Special,XGBoost,51.0,618.6454467773438
Evenings Special,XGBoost,151.06060606060606,618.6454467773438
Evenings Special,XGBoost,251.12121212121212,618.6454467773438
Evenings Special,XGBoost,351.1818181818182,618.4820556640625
Evenings Special,XGBoost,451.24242424242425,618.4820556640625
Evenings Special,XGBoost,551.3030303030303,616.689453125
Evenings Special,XGBoost,651.3636363636364,616.689453125
Evenings Special,XGBoost,751.4242424242425,616.5807495117188
Evenings Special,XGBoost,851.4848484848485,616.5807495117188
Evenings Special,XGBoost,951.5454545454545,616.5807495117188
Evenings Special,XGBoost,1051.6060606060605,616.7164916992188
Evenings Special,XGBoost,1151.6666666666667,616.7164916992188
Evenings Special,XGBoost,1251.7272727272727,616.5888061523438
Evenings Special,XGBoost,1351.7878787878788,616.5888061523438
Evenings Special,XGBoost,1451.848484848485,616.5888061523438
Evenings Special,XGBoost,1551.909090909091,617.9483032226562
Evenings Special,XGBoost,1651.969696969697,617.9483032226562
Evenings Special,XGBoost,1752.030303030303,617.8633422851562
Evenings Special,XGBoost,1852.090909090909,617.957763671875
Evenings Special,XGBoost,1952.1515151515152,617.957763671875
Evenings Special,XGBoost,2052.212121212121,617.957763671875
Evenings Special,XGBoost,2152.2727272727275,617.9486083984375
Evenings Special,XGBoost,2252.3333333333335,620.5430908203125
Evenings Special,XGBoost,2352.3939393939395,625.0316772460938
Evenings Special,XGBoost,2452.4545454545455,625.5623779296875
Evenings Special,XGBoost,2552.5151515151515,625.5623779296875
Evenings Special,XGBoost,2652.5757575757575,628.0751953125
Evenings Special,XGBoost,2752.6363636363635,628.0751953125
Evenings Special,XGBoost,2852.69696969697,604.7534790039062
Evenings Special,XGBoost,2952.757575757576,604.7534790039062
Evenings Special,XGBoost,3052.818181818182,604.7534790039062
Evenings Special,XGBoost,3152.878787878788,501.87652587890625
Evenings Special,XGBoost,3252.939393939394,501.87652587890625
Evenings Special,XGBoost,3353.0,501.87652587890625
Evenings Special,XGBoost,3453.060606060606,501.67852783203125
Evenings Special,XGBoost,3553.121212121212,515.1880493164062
Evenings Special,XGBoost,3653.181818181818,513.2208862304688
Evenings Special,XGBoost,3753.2424242424245,513.2208862304688
Evenings Special,XGBoost,3853.3030303030305,511.6318054199219
Evenings Special,XGBoost,3953.3636363636365,511.6318054199219
Evenings Special,XGBoost,4053.4242424242425,511.6318054199219
Evenings Special,XGBoost,4153.484848484849,511.6318054199219
Evenings Special,XGBoost,4253.545454545455,511.6318054199219
Evenings Special,XGBoost,4353.606060606061,511.6318054199219
Evenings Special,XGBoost,4453.666666666667,512.1535034179688
Evenings Special,XGBoost,4553.727272727273,512.1535034179688
Evenings Special,XGBoost,4653.787878787879,512.1535034179688
Evenings Special,XGBoost,4753.848484848485,512.1535034179688
Evenings Special,XGBoost,4853.909090909091,504.7532043457031
Evenings Special,XGBoost,4953.969696969697,504.7532043457031
Evenings Special,XGBoost,5054.030303030303,504.7532043457031
Evenings Special,XGBoost,5154.090909090909,504.7532043457031
Evenings Special,XGBoost,5254.151515151515,504.7532043457031
Evenings Special,XGBoost,5354.212121212121,504.7532043457031
Evenings Special,XGBoost,5454.272727272727,509.9447021484375
Evenings Special,XGBoost,5554.333333333333,511.121826171875
Evenings Special,XGBoost,5654.39393939394,511.121826171875
Evenings Special,XGBoost,5754.454545454546,511.121826171875
Evenings Special,XGBoost,5854.515151515152,511.121826171875
Evenings Special,XGBoost,5954.575757575758,512.3314819335938
Evenings Special,XGBoost,6054.636363636364,512.3314819335938
Evenings Special,XGBoost,6154.69696969697,511.4859924316406
Evenings Special,XGBoost,6254.757575757576,511.4859924316406
Evenings Special,XGBoost,6354.818181818182,532.7470703125
Evenings Special,XGBoost,6454.878787878788,532.7470703125
Evenings Special,XGBoost,6554.939393939394,532.7470703125
Evenings Special,XGBoost,6655.0,532.7470703125
Evenings Special,XGBoost,6755.060606060606,532.7470703125
Evenings Special,XGBoost,6855.121212121212,532.7470703125
Evenings Special,XGBoost,6955.181818181818,532.7470703125
Evenings Special,XGBoost,7055.242424242424,532.7470703125
Evenings Special,XGBoost,7155.30303030303,532.7470703125
Evenings Special,XGBoost,7255.363636363636,532.1177368164062
Evenings Special,XGBoost,7355.424242424243,532.3264770507812
Evenings Special,XGBoost,7455.484848484849,532.3264770507812
Evenings Special,XGBoost,7555.545454545455,532.3264770507812
Evenings Special,XGBoost,7655.606060606061,532.0941162109375
Evenings Special,XGBoost,7755.666666666667,532.0941162109375
Evenings Special,XGBoost,7855.727272727273,532.0772705078125
Evenings Special,XGBoost,7955.787878787879,536.116943359375
Evenings Special,XGBoost,8055.848484848485,536.151611328125
Evenings Special,XGBoost,8155.909090909091,536.151611328125
Evenings Special,XGBoost,8255.969696969698,536.151611328125
Evenings Special,XGBoost,8356.030303030304,536.151611328125
Evenings Special,XGBoost,8456.09090909091,536.151611328125
Evenings Special,XGBoost,8556.151515151516,536.151611328125
Evenings Special,XGBoost,8656.212121212122,536.151611328125
Evenings Special,XGBoost,8756.272727272728,536.151611328125
Evenings Special,XGBoost,8856.333333333334,536.151611328125
Evenings Special,XGBoost,8956.39393939394,536.151611328125
Evenings Special,XGBoost,9056.454545454546,536.151611328125
Evenings Special,XGBoost,9156.515151515152,536.151611328125
Evenings Special,XGBoost,9256.575757575758,534.138427734375
Evenings Special,XGBoost,9356.636363636364,534.138427734375
Evenings Special,XGBoost,9456.69696969697,534.138427734375
Evenings Special,XGBoost,9556.757575757576,534.138427734375
Evenings Special,XGBoost,9656.818181818182,534.138427734375
Evenings Special,XGBoost,9756.878787878788,534.138427734375
Evenings Special,XGBoost,9856.939393939394,534.138427734375
Evenings Special,XGBoost,9957.0,534.138427734375
