Dataset,Model,Population total,Predicted Value
Mornings Special,CatBoost,6.0,313.9763153542873
Mornings Special,CatBoost,13.464646464646464,314.3351588624022
Mornings Special,CatBoost,20.929292929292927,314.3351588624022
Mornings Special,CatBoost,28.393939393939394,314.3351588624022
Mornings Special,CatBoost,35.858585858585855,313.7352610567485
Mornings Special,CatBoost,43.323232323232325,313.7352610567485
Mornings Special,CatBoost,50.78787878787879,313.7352610567485
Mornings Special,CatBoost,58.25252525252525,313.7352610567485
Mornings Special,CatBoost,65.71717171717171,313.4341440199491
Mornings Special,CatBoost,73.18181818181819,310.9346355674547
Mornings Special,CatBoost,80.64646464646465,310.5751973731954
Mornings Special,CatBoost,88.11111111111111,310.5751973731954
Mornings Special,CatBoost,95.57575757575758,310.5751973731954
Mornings Special,CatBoost,103.04040404040404,308.4749900831432
Mornings Special,CatBoost,110.5050505050505,288.8613134603702
Mornings Special,CatBoost,117.96969696969697,288.55945336089707
Mornings Special,CatBoost,125.43434343434343,288.55945336089707
Mornings Special,CatBoost,132.8989898989899,288.1059422983141
Mornings Special,CatBoost,140.36363636363637,288.1059422983141
Mornings Special,CatBoost,147.82828282828282,288.1059422983141
Mornings Special,CatBoost,155.2929292929293,288.1059422983141
Mornings Special,CatBoost,162.75757575757575,288.1059422983141
Mornings Special,CatBoost,170.22222222222223,288.1059422983141
Mornings Special,CatBoost,177.68686868686868,288.1059422983141
Mornings Special,CatBoost,185.15151515151516,288.1059422983141
Mornings Special,CatBoost,192.6161616161616,288.1059422983141
Mornings Special,CatBoost,200.08080808080808,288.1059422983141
Mornings Special,CatBoost,207.54545454545453,288.1059422983141
Mornings Special,CatBoost,215.010101010101,288.84035436893123
Mornings Special,CatBoost,222.47474747474746,290.30614982886976
Mornings Special,CatBoost,229.93939393939394,291.0144300420782
Mornings Special,CatBoost,237.4040404040404,291.0144300420782
Mornings Special,CatBoost,244.86868686868686,294.33517472474307
Mornings Special,CatBoost,252.33333333333334,294.33517472474307
Mornings Special,CatBoost,259.7979797979798,295.2496370417877
Mornings Special,CatBoost,267.26262626262627,295.2496370417877
Mornings Special,CatBoost,274.72727272727275,295.2496370417877
Mornings Special,CatBoost,282.19191919191917,295.3482786124508
Mornings Special,CatBoost,289.65656565656565,295.3482786124508
Mornings Special,CatBoost,297.1212121212121,295.3482786124508
Mornings Special,CatBoost,304.5858585858586,307.256398350588
Mornings Special,CatBoost,312.050505050505,307.256398350588
Mornings Special,CatBoost,319.5151515151515,314.11474703371533
Mornings Special,CatBoost,326.979797979798,314.11474703371533
Mornings Special,CatBoost,334.44444444444446,314.11474703371533
Mornings Special,CatBoost,341.9090909090909,314.11474703371533
Mornings Special,CatBoost,349.37373737373736,314.11474703371533
Mornings Special,CatBoost,356.83838383838383,314.0668518959155
Mornings Special,CatBoost,364.3030303030303,314.0668518959155
Mornings Special,CatBoost,371.7676767676768,314.0668518959155
Mornings Special,CatBoost,379.2323232323232,314.0668518959155
Mornings Special,CatBoost,386.6969696969697,314.0668518959155
Mornings Special,CatBoost,394.16161616161617,314.8215136165447
Mornings Special,CatBoost,401.62626262626264,314.8215136165447
Mornings Special,CatBoost,409.09090909090907,314.8215136165447
Mornings Special,CatBoost,416.55555555555554,314.8215136165447
Mornings Special,CatBoost,424.020202020202,314.8215136165447
Mornings Special,CatBoost,431.4848484848485,314.8215136165447
Mornings Special,CatBoost,438.9494949494949,314.8215136165447
Mornings Special,CatBoost,446.4141414141414,314.8215136165447
Mornings Special,CatBoost,453.8787878787879,314.7862635520073
Mornings Special,CatBoost,461.34343434343435,314.7862635520073
Mornings Special,CatBoost,468.8080808080808,314.7862635520073
Mornings Special,CatBoost,476.27272727272725,314.7862635520073
Mornings Special,CatBoost,483.73737373737373,314.8037034891412
Mornings Special,CatBoost,491.2020202020202,314.8037034891412
Mornings Special,CatBoost,498.6666666666667,314.8037034891412
Mornings Special,CatBoost,506.1313131313131,314.8037034891412
Mornings Special,CatBoost,513.5959595959596,314.8037034891412
Mornings Special,CatBoost,521.060606060606,314.8037034891412
Mornings Special,CatBoost,528.5252525252525,314.8037034891412
Mornings Special,CatBoost,535.989898989899,314.8037034891412
Mornings Special,CatBoost,543.4545454545455,314.8037034891412
Mornings Special,CatBoost,550.9191919191919,314.8037034891412
Mornings Special,CatBoost,558.3838383838383,314.8037034891412
Mornings Special,CatBoost,565.8484848484849,314.8037034891412
Mornings Special,CatBoost,573.3131313131313,314.8037034891412
Mornings Special,CatBoost,580.7777777777777,314.8037034891412
Mornings Special,CatBoost,588.2424242424242,316.35680310508485
Mornings Special,CatBoost,595.7070707070707,316.35680310508485
Mornings Special,CatBoost,603.1717171717172,316.35680310508485
Mornings Special,CatBoost,610.6363636363636,316.35680310508485
Mornings Special,CatBoost,618.10101010101,316.35680310508485
Mornings Special,CatBoost,625.5656565656566,316.35680310508485
Mornings Special,CatBoost,633.030303030303,316.35680310508485
Mornings Special,CatBoost,640.4949494949495,316.35680310508485
Mornings Special,CatBoost,647.959595959596,316.35680310508485
Mornings Special,CatBoost,655.4242424242424,316.35680310508485
Mornings Special,CatBoost,662.8888888888889,316.35680310508485
Mornings Special,CatBoost,670.3535353535353,316.35680310508485
Mornings Special,CatBoost,677.8181818181818,316.35680310508485
Mornings Special,CatBoost,685.2828282828283,316.35680310508485
Mornings Special,CatBoost,692.7474747474747,316.35680310508485
Mornings Special,CatBoost,700.2121212121212,316.35680310508485
Mornings Special,CatBoost,707.6767676767677,316.35680310508485
Mornings Special,CatBoost,715.1414141414141,317.93297737551467
Mornings Special,CatBoost,722.6060606060606,317.93297737551467
Mornings Special,CatBoost,730.070707070707,317.93297737551467
Mornings Special,CatBoost,737.5353535353536,317.93297737551467
Mornings Special,CatBoost,745.0,317.93297737551467
