Dataset,Model,Road view mean,Predicted Value
All,CatBoost,0.0276666666666667,607.7184520145032
All,CatBoost,0.032003367003367034,607.7184520145032
All,CatBoost,0.036340067340067374,607.7184520145032
All,CatBoost,0.040676767676767714,607.7184520145032
All,CatBoost,0.04501346801346805,607.7184520145032
All,CatBoost,0.04935016835016838,607.7184520145032
All,CatBoost,0.05368686868686872,605.175430571288
All,CatBoost,0.05802356902356906,605.175430571288
All,CatBoost,0.062360269360269394,605.175430571288
All,CatBoost,0.06669696969696973,605.175430571288
All,CatBoost,0.07103367003367006,605.175430571288
All,CatBoost,0.07537037037037041,605.175430571288
All,CatBoost,0.07970707070707074,605.175430571288
All,CatBoost,0.08404377104377107,600.5610961638183
All,CatBoost,0.08838047138047142,600.5610961638183
All,CatBoost,0.09271717171717175,585.3551528214008
All,CatBoost,0.09705387205387209,585.3551528214008
All,CatBoost,0.10139057239057242,583.8870710743723
All,CatBoost,0.10572727272727275,583.8870710743723
All,CatBoost,0.1100639730639731,583.8870710743723
All,CatBoost,0.11440067340067343,583.8870710743723
All,CatBoost,0.11873737373737377,565.6014495242764
All,CatBoost,0.12307407407407411,565.6014495242764
All,CatBoost,0.12741077441077445,565.6014495242764
All,CatBoost,0.13174747474747478,565.6014495242764
All,CatBoost,0.1360841750841751,564.1338442854682
All,CatBoost,0.14042087542087545,564.1338442854682
All,CatBoost,0.1447575757575758,564.1338442854682
All,CatBoost,0.1490942760942761,564.1338442854682
All,CatBoost,0.15343097643097647,564.2147746309097
All,CatBoost,0.1577676767676768,564.2126289952752
All,CatBoost,0.16210437710437714,564.1887636239339
All,CatBoost,0.16644107744107747,564.1887430112304
All,CatBoost,0.1707777777777778,564.1976091388972
All,CatBoost,0.17511447811447814,565.0140048968943
All,CatBoost,0.17945117845117847,582.4627612114848
All,CatBoost,0.1837878787878788,582.4627612114848
All,CatBoost,0.18812457912457917,594.4284637420725
All,CatBoost,0.1924612794612795,607.3444036853185
All,CatBoost,0.19679797979797983,607.3444036853185
All,CatBoost,0.20113468013468017,607.3444036853185
All,CatBoost,0.2054713804713805,620.9593891585259
All,CatBoost,0.20980808080808083,620.9593891585259
All,CatBoost,0.21414478114478117,621.9410640546934
All,CatBoost,0.21848148148148153,621.9410640546934
All,CatBoost,0.22281818181818186,621.9410640546934
All,CatBoost,0.2271548821548822,622.9176528699728
All,CatBoost,0.23149158249158253,622.9176528699728
All,CatBoost,0.23582828282828286,625.4234371713314
All,CatBoost,0.2401649831649832,625.4234371713314
All,CatBoost,0.24450168350168353,625.3971899253811
All,CatBoost,0.24883838383838386,625.4287274665143
All,CatBoost,0.25317508417508416,625.4287274665143
All,CatBoost,0.2575117845117846,625.4287274665143
All,CatBoost,0.2618484848484849,625.4287274665143
All,CatBoost,0.2661851851851852,625.4932164344727
All,CatBoost,0.27052188552188555,625.4932164344727
All,CatBoost,0.2748585858585859,625.4932164344727
All,CatBoost,0.2791952861952862,625.5148305945644
All,CatBoost,0.2835319865319865,625.5148305945644
All,CatBoost,0.28786868686868694,625.5148305945644
All,CatBoost,0.29220538720538725,625.5148305945644
All,CatBoost,0.29654208754208755,625.5148305945644
All,CatBoost,0.30087878787878786,625.5148305945644
All,CatBoost,0.3052154882154883,625.5148305945644
All,CatBoost,0.3095521885521886,625.5148305945644
All,CatBoost,0.3138888888888889,625.5148305945644
All,CatBoost,0.3182255892255893,625.5148305945644
All,CatBoost,0.3225622895622896,625.5148305945644
All,CatBoost,0.3268989898989899,625.5148305945644
All,CatBoost,0.3312356902356902,625.5148305945644
All,CatBoost,0.33557239057239063,625.5148305945644
All,CatBoost,0.33990909090909094,625.5148305945644
All,CatBoost,0.34424579124579124,625.5148305945644
All,CatBoost,0.34858249158249166,625.5148305945644
All,CatBoost,0.35291919191919197,625.5148305945644
All,CatBoost,0.35725589225589227,625.5148305945644
All,CatBoost,0.3615925925925926,625.5148305945644
All,CatBoost,0.365929292929293,625.5148305945644
All,CatBoost,0.3702659932659933,625.5148305945644
All,CatBoost,0.3746026936026936,625.5148305945644
All,CatBoost,0.378939393939394,625.5148305945644
All,CatBoost,0.3832760942760943,625.5148305945644
All,CatBoost,0.38761279461279463,625.5148305945644
All,CatBoost,0.39194949494949494,625.5148305945644
All,CatBoost,0.39628619528619535,625.5148305945644
All,CatBoost,0.40062289562289566,625.5148305945644
All,CatBoost,0.40495959595959596,625.5148305945644
All,CatBoost,0.4092962962962964,625.5148305945644
All,CatBoost,0.4136329966329967,625.5148305945644
All,CatBoost,0.417969696969697,625.5148305945644
All,CatBoost,0.4223063973063973,625.5148305945644
All,CatBoost,0.4266430976430977,625.5148305945644
All,CatBoost,0.430979797979798,625.4167059325995
All,CatBoost,0.4353164983164983,625.4167059325995
All,CatBoost,0.43965319865319863,625.4167059325995
All,CatBoost,0.44398989898989905,625.4167059325995
All,CatBoost,0.44832659932659935,625.4167059325995
All,CatBoost,0.45266329966329966,625.4167059325995
All,CatBoost,0.457,625.4167059325995
Mornings,CatBoost,0.0276666666666667,823.2290768395209
Mornings,CatBoost,0.032003367003367034,823.2290768395209
Mornings,CatBoost,0.036340067340067374,823.2290768395209
Mornings,CatBoost,0.040676767676767714,823.2290768395209
Mornings,CatBoost,0.04501346801346805,823.2290768395209
Mornings,CatBoost,0.04935016835016838,823.2290768395209
Mornings,CatBoost,0.05368686868686872,819.1725505634613
Mornings,CatBoost,0.05802356902356906,819.1725505634613
Mornings,CatBoost,0.062360269360269394,819.1725505634613
Mornings,CatBoost,0.06669696969696973,819.1725505634613
Mornings,CatBoost,0.07103367003367006,819.1725505634613
Mornings,CatBoost,0.07537037037037041,819.1725505634613
Mornings,CatBoost,0.07970707070707074,819.1725505634613
Mornings,CatBoost,0.08404377104377107,816.5938239169794
Mornings,CatBoost,0.08838047138047142,816.5938239169794
Mornings,CatBoost,0.09271717171717175,816.5938239169794
Mornings,CatBoost,0.09705387205387209,816.5938239169794
Mornings,CatBoost,0.10139057239057242,816.5803928314834
Mornings,CatBoost,0.10572727272727275,815.8142966491893
Mornings,CatBoost,0.1100639730639731,815.7788760755291
Mornings,CatBoost,0.11440067340067343,815.7852362101485
Mornings,CatBoost,0.11873737373737377,706.0993286707694
Mornings,CatBoost,0.12307407407407411,706.0993286707694
Mornings,CatBoost,0.12741077441077445,706.0993286707694
Mornings,CatBoost,0.13174747474747478,706.0993286707694
Mornings,CatBoost,0.1360841750841751,688.1900972984076
Mornings,CatBoost,0.14042087542087545,688.1900972984076
Mornings,CatBoost,0.1447575757575758,688.1900972984076
Mornings,CatBoost,0.1490942760942761,688.1900972984076
Mornings,CatBoost,0.15343097643097647,681.3091843234772
Mornings,CatBoost,0.1577676767676768,681.3409644477726
Mornings,CatBoost,0.16210437710437714,680.6860444170487
Mornings,CatBoost,0.16644107744107747,680.7009860197322
Mornings,CatBoost,0.1707777777777778,680.7633600074212
Mornings,CatBoost,0.17511447811447814,680.7750341100312
Mornings,CatBoost,0.17945117845117847,681.3790172439408
Mornings,CatBoost,0.1837878787878788,676.8339079993272
Mornings,CatBoost,0.18812457912457917,681.1041727890995
Mornings,CatBoost,0.1924612794612795,686.3738641662109
Mornings,CatBoost,0.19679797979797983,686.3738641662109
Mornings,CatBoost,0.20113468013468017,686.3738641662109
Mornings,CatBoost,0.2054713804713805,688.4128919278816
Mornings,CatBoost,0.20980808080808083,688.4128919278816
Mornings,CatBoost,0.21414478114478117,688.4111852361373
Mornings,CatBoost,0.21848148148148153,688.4111852361373
Mornings,CatBoost,0.22281818181818186,688.4111852361373
Mornings,CatBoost,0.2271548821548822,688.4111852361373
Mornings,CatBoost,0.23149158249158253,688.4111852361373
Mornings,CatBoost,0.23582828282828286,688.3464642170674
Mornings,CatBoost,0.2401649831649832,687.697057775579
Mornings,CatBoost,0.24450168350168353,687.5153368365986
Mornings,CatBoost,0.24883838383838386,687.5153368365986
Mornings,CatBoost,0.25317508417508416,687.5153368365986
Mornings,CatBoost,0.2575117845117846,687.5153368365986
Mornings,CatBoost,0.2618484848484849,687.5153368365986
Mornings,CatBoost,0.2661851851851852,687.5153368365986
Mornings,CatBoost,0.27052188552188555,687.5153368365986
Mornings,CatBoost,0.2748585858585859,687.5153368365986
Mornings,CatBoost,0.2791952861952862,687.5153368365986
Mornings,CatBoost,0.2835319865319865,687.5153368365986
Mornings,CatBoost,0.28786868686868694,687.5153368365986
Mornings,CatBoost,0.29220538720538725,687.5153368365986
Mornings,CatBoost,0.29654208754208755,687.5153368365986
Mornings,CatBoost,0.30087878787878786,687.5153368365986
Mornings,CatBoost,0.3052154882154883,687.5153368365986
Mornings,CatBoost,0.3095521885521886,676.2337083947496
Mornings,CatBoost,0.3138888888888889,676.2337083947496
Mornings,CatBoost,0.3182255892255893,676.2337083947496
Mornings,CatBoost,0.3225622895622896,676.2337083947496
Mornings,CatBoost,0.3268989898989899,676.2337083947496
Mornings,CatBoost,0.3312356902356902,676.2337083947496
Mornings,CatBoost,0.33557239057239063,676.2337083947496
Mornings,CatBoost,0.33990909090909094,676.2337083947496
Mornings,CatBoost,0.34424579124579124,676.2337083947496
Mornings,CatBoost,0.34858249158249166,676.2337083947496
Mornings,CatBoost,0.35291919191919197,676.2337083947496
Mornings,CatBoost,0.35725589225589227,676.2337083947496
Mornings,CatBoost,0.3615925925925926,676.2337083947496
Mornings,CatBoost,0.365929292929293,676.2337083947496
Mornings,CatBoost,0.3702659932659933,676.2337083947496
Mornings,CatBoost,0.3746026936026936,676.2337083947496
Mornings,CatBoost,0.378939393939394,676.2337083947496
Mornings,CatBoost,0.3832760942760943,676.2337083947496
Mornings,CatBoost,0.38761279461279463,676.2337083947496
Mornings,CatBoost,0.39194949494949494,676.2337083947496
Mornings,CatBoost,0.39628619528619535,676.2337083947496
Mornings,CatBoost,0.40062289562289566,676.2337083947496
Mornings,CatBoost,0.40495959595959596,676.2337083947496
Mornings,CatBoost,0.4092962962962964,676.2337083947496
Mornings,CatBoost,0.4136329966329967,676.2337083947496
Mornings,CatBoost,0.417969696969697,676.2337083947496
Mornings,CatBoost,0.4223063973063973,676.2337083947496
Mornings,CatBoost,0.4266430976430977,676.2337083947496
Mornings,CatBoost,0.430979797979798,676.2337083947496
Mornings,CatBoost,0.4353164983164983,676.2337083947496
Mornings,CatBoost,0.43965319865319863,676.2337083947496
Mornings,CatBoost,0.44398989898989905,676.2337083947496
Mornings,CatBoost,0.44832659932659935,676.2337083947496
Mornings,CatBoost,0.45266329966329966,676.2337083947496
Mornings,CatBoost,0.457,676.2337083947496
Evenings,CatBoost,0.0276666666666667,498.1128099220149
Evenings,CatBoost,0.032003367003367034,498.1128099220149
Evenings,CatBoost,0.036340067340067374,498.1128099220149
Evenings,CatBoost,0.040676767676767714,498.1128099220149
Evenings,CatBoost,0.04501346801346805,498.1128099220149
Evenings,CatBoost,0.04935016835016838,498.1128099220149
Evenings,CatBoost,0.05368686868686872,496.94860764817315
Evenings,CatBoost,0.05802356902356906,496.94860764817315
Evenings,CatBoost,0.062360269360269394,496.94860764817315
Evenings,CatBoost,0.06669696969696973,496.94860764817315
Evenings,CatBoost,0.07103367003367006,496.94860764817315
Evenings,CatBoost,0.07537037037037041,496.94860764817315
Evenings,CatBoost,0.07970707070707074,496.94860764817315
Evenings,CatBoost,0.08404377104377107,495.3948654518815
Evenings,CatBoost,0.08838047138047142,495.3948654518815
Evenings,CatBoost,0.09271717171717175,492.56960474870993
Evenings,CatBoost,0.09705387205387209,492.56960474870993
Evenings,CatBoost,0.10139057239057242,487.60632237871755
Evenings,CatBoost,0.10572727272727275,487.60632237871755
Evenings,CatBoost,0.1100639730639731,487.60632237871755
Evenings,CatBoost,0.11440067340067343,487.60632237871755
Evenings,CatBoost,0.11873737373737377,482.6255630750642
Evenings,CatBoost,0.12307407407407411,482.6255630750642
Evenings,CatBoost,0.12741077441077445,482.6255630750642
Evenings,CatBoost,0.13174747474747478,482.6255630750642
Evenings,CatBoost,0.1360841750841751,482.6255630750642
Evenings,CatBoost,0.14042087542087545,482.6255630750642
Evenings,CatBoost,0.1447575757575758,482.6255630750642
Evenings,CatBoost,0.1490942760942761,482.6255630750642
Evenings,CatBoost,0.15343097643097647,482.6255630750642
Evenings,CatBoost,0.1577676767676768,479.9770590715966
Evenings,CatBoost,0.16210437710437714,479.9770590715966
Evenings,CatBoost,0.16644107744107747,479.9770590715966
Evenings,CatBoost,0.1707777777777778,479.9770590715966
Evenings,CatBoost,0.17511447811447814,524.311398886261
Evenings,CatBoost,0.17945117845117847,570.6844912980469
Evenings,CatBoost,0.1837878787878788,570.6844912980469
Evenings,CatBoost,0.18812457912457917,575.2678063985376
Evenings,CatBoost,0.1924612794612795,577.1006935290453
Evenings,CatBoost,0.19679797979797983,577.1006935290453
Evenings,CatBoost,0.20113468013468017,577.1006935290453
Evenings,CatBoost,0.2054713804713805,577.3487448246619
Evenings,CatBoost,0.20980808080808083,577.3487448246619
Evenings,CatBoost,0.21414478114478117,577.3487448246619
Evenings,CatBoost,0.21848148148148153,577.3487448246619
Evenings,CatBoost,0.22281818181818186,577.3487448246619
Evenings,CatBoost,0.2271548821548822,577.3487448246619
Evenings,CatBoost,0.23149158249158253,577.3487448246619
Evenings,CatBoost,0.23582828282828286,577.3025385855974
Evenings,CatBoost,0.2401649831649832,577.5135406113214
Evenings,CatBoost,0.24450168350168353,577.5135406113214
Evenings,CatBoost,0.24883838383838386,583.397011745402
Evenings,CatBoost,0.25317508417508416,583.397011745402
Evenings,CatBoost,0.2575117845117846,583.397011745402
Evenings,CatBoost,0.2618484848484849,583.397011745402
Evenings,CatBoost,0.2661851851851852,583.4808589618
Evenings,CatBoost,0.27052188552188555,583.4808589618
Evenings,CatBoost,0.2748585858585859,583.4808589618
Evenings,CatBoost,0.2791952861952862,581.7253771876697
Evenings,CatBoost,0.2835319865319865,581.7253771876697
Evenings,CatBoost,0.28786868686868694,581.7253771876697
Evenings,CatBoost,0.29220538720538725,581.7253771876697
Evenings,CatBoost,0.29654208754208755,581.7253771876697
Evenings,CatBoost,0.30087878787878786,581.7253771876697
Evenings,CatBoost,0.3052154882154883,581.7253771876697
Evenings,CatBoost,0.3095521885521886,565.3459268353075
Evenings,CatBoost,0.3138888888888889,565.3459268353075
Evenings,CatBoost,0.3182255892255893,565.3459268353075
Evenings,CatBoost,0.3225622895622896,565.3459268353075
Evenings,CatBoost,0.3268989898989899,565.3459268353075
Evenings,CatBoost,0.3312356902356902,565.3459268353075
Evenings,CatBoost,0.33557239057239063,565.3459268353075
Evenings,CatBoost,0.33990909090909094,565.3459268353075
Evenings,CatBoost,0.34424579124579124,565.3459268353075
Evenings,CatBoost,0.34858249158249166,565.3459268353075
Evenings,CatBoost,0.35291919191919197,565.3459268353075
Evenings,CatBoost,0.35725589225589227,565.3459268353075
Evenings,CatBoost,0.3615925925925926,565.3459268353075
Evenings,CatBoost,0.365929292929293,565.3459268353075
Evenings,CatBoost,0.3702659932659933,565.3459268353075
Evenings,CatBoost,0.3746026936026936,565.3459268353075
Evenings,CatBoost,0.378939393939394,565.3459268353075
Evenings,CatBoost,0.3832760942760943,565.3459268353075
Evenings,CatBoost,0.38761279461279463,565.3459268353075
Evenings,CatBoost,0.39194949494949494,565.3459268353075
Evenings,CatBoost,0.39628619528619535,565.3459268353075
Evenings,CatBoost,0.40062289562289566,565.3459268353075
Evenings,CatBoost,0.40495959595959596,565.3459268353075
Evenings,CatBoost,0.4092962962962964,565.3459268353075
Evenings,CatBoost,0.4136329966329967,565.3459268353075
Evenings,CatBoost,0.417969696969697,565.3459268353075
Evenings,CatBoost,0.4223063973063973,565.3459268353075
Evenings,CatBoost,0.4266430976430977,565.3459268353075
Evenings,CatBoost,0.430979797979798,565.3459268353075
Evenings,CatBoost,0.4353164983164983,565.3459268353075
Evenings,CatBoost,0.43965319865319863,565.3459268353075
Evenings,CatBoost,0.44398989898989905,565.3459268353075
Evenings,CatBoost,0.44832659932659935,565.3459268353075
Evenings,CatBoost,0.45266329966329966,565.3459268353075
Evenings,CatBoost,0.457,565.3459268353075
Evenings,LightGBM,0.0276666666666667,532.2751810829668
Evenings,LightGBM,0.032003367003367034,532.2751810829668
Evenings,LightGBM,0.036340067340067374,532.2751810829668
Evenings,LightGBM,0.040676767676767714,532.2751810829668
Evenings,LightGBM,0.04501346801346805,532.2751810829668
Evenings,LightGBM,0.04935016835016838,532.2751810829668
Evenings,LightGBM,0.05368686868686872,532.0286818434857
Evenings,LightGBM,0.05802356902356906,532.0286818434857
Evenings,LightGBM,0.062360269360269394,532.0286818434857
Evenings,LightGBM,0.06669696969696973,532.0286818434857
Evenings,LightGBM,0.07103367003367006,532.0286818434857
Evenings,LightGBM,0.07537037037037041,532.0286818434857
Evenings,LightGBM,0.07970707070707074,532.0286818434857
Evenings,LightGBM,0.08404377104377107,532.0917058089746
Evenings,LightGBM,0.08838047138047142,532.0917058089746
Evenings,LightGBM,0.09271717171717175,530.3824658235233
Evenings,LightGBM,0.09705387205387209,530.3824658235233
Evenings,LightGBM,0.10139057239057242,530.2477531106663
Evenings,LightGBM,0.10572727272727275,530.2477531106663
Evenings,LightGBM,0.1100639730639731,530.2477531106663
Evenings,LightGBM,0.11440067340067343,530.1885723000736
Evenings,LightGBM,0.11873737373737377,522.9637483615676
Evenings,LightGBM,0.12307407407407411,522.9637483615676
Evenings,LightGBM,0.12741077441077445,522.9637483615676
Evenings,LightGBM,0.13174747474747478,522.9637483615676
Evenings,LightGBM,0.1360841750841751,522.9637483615676
Evenings,LightGBM,0.14042087542087545,522.9637483615676
Evenings,LightGBM,0.1447575757575758,522.9637483615676
Evenings,LightGBM,0.1490942760942761,522.9637483615676
Evenings,LightGBM,0.15343097643097647,522.9637483615676
Evenings,LightGBM,0.1577676767676768,523.0314172967513
Evenings,LightGBM,0.16210437710437714,539.1128828277937
Evenings,LightGBM,0.16644107744107747,539.0292591731042
Evenings,LightGBM,0.1707777777777778,539.0429916852663
Evenings,LightGBM,0.17511447811447814,546.6434072234408
Evenings,LightGBM,0.17945117845117847,559.2836225993142
Evenings,LightGBM,0.1837878787878788,559.2157815933804
Evenings,LightGBM,0.18812457912457917,558.4172587260913
Evenings,LightGBM,0.1924612794612795,559.0294301459172
Evenings,LightGBM,0.19679797979797983,559.0294301459172
Evenings,LightGBM,0.20113468013468017,559.0294301459172
Evenings,LightGBM,0.2054713804713805,559.2621164656266
Evenings,LightGBM,0.20980808080808083,559.2621164656266
Evenings,LightGBM,0.21414478114478117,559.3951342270012
Evenings,LightGBM,0.21848148148148153,559.3951342270012
Evenings,LightGBM,0.22281818181818186,559.3951342270012
Evenings,LightGBM,0.2271548821548822,559.3514349065654
Evenings,LightGBM,0.23149158249158253,559.3514349065654
Evenings,LightGBM,0.23582828282828286,600.7237892123791
Evenings,LightGBM,0.2401649831649832,600.6777294427181
Evenings,LightGBM,0.24450168350168353,600.7102148350041
Evenings,LightGBM,0.24883838383838386,601.4054058450364
Evenings,LightGBM,0.25317508417508416,601.4054058450364
Evenings,LightGBM,0.2575117845117846,601.4054058450364
Evenings,LightGBM,0.2618484848484849,601.4054058450364
Evenings,LightGBM,0.2661851851851852,601.3943957491095
Evenings,LightGBM,0.27052188552188555,601.3943957491095
Evenings,LightGBM,0.2748585858585859,601.3943957491095
Evenings,LightGBM,0.2791952861952862,618.477998039627
Evenings,LightGBM,0.2835319865319865,618.477998039627
Evenings,LightGBM,0.28786868686868694,618.477998039627
Evenings,LightGBM,0.29220538720538725,618.477998039627
Evenings,LightGBM,0.29654208754208755,618.477998039627
Evenings,LightGBM,0.30087878787878786,618.477998039627
Evenings,LightGBM,0.3052154882154883,618.477998039627
Evenings,LightGBM,0.3095521885521886,618.3364583264886
Evenings,LightGBM,0.3138888888888889,618.3364583264886
Evenings,LightGBM,0.3182255892255893,618.3364583264886
Evenings,LightGBM,0.3225622895622896,618.3364583264886
Evenings,LightGBM,0.3268989898989899,618.3364583264886
Evenings,LightGBM,0.3312356902356902,618.3364583264886
Evenings,LightGBM,0.33557239057239063,618.3364583264886
Evenings,LightGBM,0.33990909090909094,618.3364583264886
Evenings,LightGBM,0.34424579124579124,618.3364583264886
Evenings,LightGBM,0.34858249158249166,618.3364583264886
Evenings,LightGBM,0.35291919191919197,618.3364583264886
Evenings,LightGBM,0.35725589225589227,618.3364583264886
Evenings,LightGBM,0.3615925925925926,618.3364583264886
Evenings,LightGBM,0.365929292929293,618.3364583264886
Evenings,LightGBM,0.3702659932659933,618.3364583264886
Evenings,LightGBM,0.3746026936026936,618.3364583264886
Evenings,LightGBM,0.378939393939394,618.3364583264886
Evenings,LightGBM,0.3832760942760943,618.3364583264886
Evenings,LightGBM,0.38761279461279463,615.4013585230955
Evenings,LightGBM,0.39194949494949494,615.4013585230955
Evenings,LightGBM,0.39628619528619535,615.4013585230955
Evenings,LightGBM,0.40062289562289566,615.4013585230955
Evenings,LightGBM,0.40495959595959596,614.0704160555061
Evenings,LightGBM,0.4092962962962964,614.0704160555061
Evenings,LightGBM,0.4136329966329967,614.0704160555061
Evenings,LightGBM,0.417969696969697,614.0704160555061
Evenings,LightGBM,0.4223063973063973,614.0704160555061
Evenings,LightGBM,0.4266430976430977,614.0704160555061
Evenings,LightGBM,0.430979797979798,612.4874760818312
Evenings,LightGBM,0.4353164983164983,612.4874760818312
Evenings,LightGBM,0.43965319865319863,612.4874760818312
Evenings,LightGBM,0.44398989898989905,612.4874760818312
Evenings,LightGBM,0.44832659932659935,612.4874760818312
Evenings,LightGBM,0.45266329966329966,612.4874760818312
Evenings,LightGBM,0.457,612.4874760818312
Lunches Special,CatBoost,0.0276666666666667,910.7713063167588
Lunches Special,CatBoost,0.032003367003367034,910.7713063167588
Lunches Special,CatBoost,0.036340067340067374,910.7713063167588
Lunches Special,CatBoost,0.040676767676767714,910.7713063167588
Lunches Special,CatBoost,0.04501346801346805,910.7713063167588
Lunches Special,CatBoost,0.04935016835016838,910.7713063167588
Lunches Special,CatBoost,0.05368686868686872,903.8093825647941
Lunches Special,CatBoost,0.05802356902356906,903.8093825647941
Lunches Special,CatBoost,0.062360269360269394,903.8093825647941
Lunches Special,CatBoost,0.06669696969696973,903.8093825647941
Lunches Special,CatBoost,0.07103367003367006,903.8093825647941
Lunches Special,CatBoost,0.07537037037037041,903.8093825647941
Lunches Special,CatBoost,0.07970707070707074,903.8093825647941
Lunches Special,CatBoost,0.08404377104377107,898.9249560485666
Lunches Special,CatBoost,0.08838047138047142,898.9249560485666
Lunches Special,CatBoost,0.09271717171717175,897.0138072452677
Lunches Special,CatBoost,0.09705387205387209,897.0138072452677
Lunches Special,CatBoost,0.10139057239057242,897.0138072452677
Lunches Special,CatBoost,0.10572727272727275,896.801339791733
Lunches Special,CatBoost,0.1100639730639731,896.801339791733
Lunches Special,CatBoost,0.11440067340067343,896.7754477129474
Lunches Special,CatBoost,0.11873737373737377,913.2410441561001
Lunches Special,CatBoost,0.12307407407407411,913.2410441561001
Lunches Special,CatBoost,0.12741077441077445,913.2410441561001
Lunches Special,CatBoost,0.13174747474747478,913.2410441561001
Lunches Special,CatBoost,0.1360841750841751,911.7692642320274
Lunches Special,CatBoost,0.14042087542087545,911.7692642320274
Lunches Special,CatBoost,0.1447575757575758,911.7692642320274
Lunches Special,CatBoost,0.1490942760942761,911.7692642320274
Lunches Special,CatBoost,0.15343097643097647,911.7692642320274
Lunches Special,CatBoost,0.1577676767676768,901.206221718368
Lunches Special,CatBoost,0.16210437710437714,906.314121885191
Lunches Special,CatBoost,0.16644107744107747,910.5301132193501
Lunches Special,CatBoost,0.1707777777777778,911.0307607722458
Lunches Special,CatBoost,0.17511447811447814,913.0730163785039
Lunches Special,CatBoost,0.17945117845117847,920.2224484980437
Lunches Special,CatBoost,0.1837878787878788,919.4667631505259
Lunches Special,CatBoost,0.18812457912457917,931.4992227515787
Lunches Special,CatBoost,0.1924612794612795,933.9689880723487
Lunches Special,CatBoost,0.19679797979797983,933.9689880723487
Lunches Special,CatBoost,0.20113468013468017,933.9689880723487
Lunches Special,CatBoost,0.2054713804713805,1002.2129930735148
Lunches Special,CatBoost,0.20980808080808083,1002.2129930735148
Lunches Special,CatBoost,0.21414478114478117,1000.518840457937
Lunches Special,CatBoost,0.21848148148148153,1000.518840457937
Lunches Special,CatBoost,0.22281818181818186,1000.518840457937
Lunches Special,CatBoost,0.2271548821548822,991.5555545145165
Lunches Special,CatBoost,0.23149158249158253,991.5555545145165
Lunches Special,CatBoost,0.23582828282828286,994.7890481160912
Lunches Special,CatBoost,0.2401649831649832,994.5211009505704
Lunches Special,CatBoost,0.24450168350168353,993.5346000383757
Lunches Special,CatBoost,0.24883838383838386,992.4534737485602
Lunches Special,CatBoost,0.25317508417508416,992.4534737485602
Lunches Special,CatBoost,0.2575117845117846,992.4534737485602
Lunches Special,CatBoost,0.2618484848484849,992.4534737485602
Lunches Special,CatBoost,0.2661851851851852,993.1466080259906
Lunches Special,CatBoost,0.27052188552188555,993.1466080259906
Lunches Special,CatBoost,0.2748585858585859,993.1466080259906
Lunches Special,CatBoost,0.2791952861952862,993.1466080259906
Lunches Special,CatBoost,0.2835319865319865,993.1466080259906
Lunches Special,CatBoost,0.28786868686868694,993.1466080259906
Lunches Special,CatBoost,0.29220538720538725,989.5210537082345
Lunches Special,CatBoost,0.29654208754208755,989.5210537082345
Lunches Special,CatBoost,0.30087878787878786,989.5210537082345
Lunches Special,CatBoost,0.3052154882154883,989.5210537082345
Lunches Special,CatBoost,0.3095521885521886,989.5210537082345
Lunches Special,CatBoost,0.3138888888888889,989.5210537082345
Lunches Special,CatBoost,0.3182255892255893,989.5210537082345
Lunches Special,CatBoost,0.3225622895622896,989.5210537082345
Lunches Special,CatBoost,0.3268989898989899,989.5210537082345
Lunches Special,CatBoost,0.3312356902356902,989.5210537082345
Lunches Special,CatBoost,0.33557239057239063,989.5210537082345
Lunches Special,CatBoost,0.33990909090909094,989.5210537082345
Lunches Special,CatBoost,0.34424579124579124,989.5210537082345
Lunches Special,CatBoost,0.34858249158249166,989.5210537082345
Lunches Special,CatBoost,0.35291919191919197,989.5210537082345
Lunches Special,CatBoost,0.35725589225589227,989.5210537082345
Lunches Special,CatBoost,0.3615925925925926,989.5210537082345
Lunches Special,CatBoost,0.365929292929293,989.5210537082345
Lunches Special,CatBoost,0.3702659932659933,989.5210537082345
Lunches Special,CatBoost,0.3746026936026936,989.5210537082345
Lunches Special,CatBoost,0.378939393939394,989.5210537082345
Lunches Special,CatBoost,0.3832760942760943,989.5210537082345
Lunches Special,CatBoost,0.38761279461279463,989.5210537082345
Lunches Special,CatBoost,0.39194949494949494,989.5210537082345
Lunches Special,CatBoost,0.39628619528619535,989.5210537082345
Lunches Special,CatBoost,0.40062289562289566,989.5210537082345
Lunches Special,CatBoost,0.40495959595959596,983.9984651348941
Lunches Special,CatBoost,0.4092962962962964,983.9984651348941
Lunches Special,CatBoost,0.4136329966329967,983.9984651348941
Lunches Special,CatBoost,0.417969696969697,983.9984651348941
Lunches Special,CatBoost,0.4223063973063973,983.9984651348941
Lunches Special,CatBoost,0.4266430976430977,983.9984651348941
Lunches Special,CatBoost,0.430979797979798,982.0150035851728
Lunches Special,CatBoost,0.4353164983164983,982.0150035851728
Lunches Special,CatBoost,0.43965319865319863,982.0150035851728
Lunches Special,CatBoost,0.44398989898989905,982.0150035851728
Lunches Special,CatBoost,0.44832659932659935,982.0150035851728
Lunches Special,CatBoost,0.45266329966329966,982.0150035851728
Lunches Special,CatBoost,0.457,982.0150035851728
Afternoons Special,CatBoost,0.0276666666666667,836.667378070006
Afternoons Special,CatBoost,0.032003367003367034,836.667378070006
Afternoons Special,CatBoost,0.036340067340067374,836.667378070006
Afternoons Special,CatBoost,0.040676767676767714,836.667378070006
Afternoons Special,CatBoost,0.04501346801346805,836.667378070006
Afternoons Special,CatBoost,0.04935016835016838,836.667378070006
Afternoons Special,CatBoost,0.05368686868686872,834.9840791268413
Afternoons Special,CatBoost,0.05802356902356906,834.9840791268413
Afternoons Special,CatBoost,0.062360269360269394,834.9840791268413
Afternoons Special,CatBoost,0.06669696969696973,834.9840791268413
Afternoons Special,CatBoost,0.07103367003367006,834.9840791268413
Afternoons Special,CatBoost,0.07537037037037041,834.9840791268413
Afternoons Special,CatBoost,0.07970707070707074,834.9840791268413
Afternoons Special,CatBoost,0.08404377104377107,836.9340925167384
Afternoons Special,CatBoost,0.08838047138047142,836.9340925167384
Afternoons Special,CatBoost,0.09271717171717175,836.7949538241143
Afternoons Special,CatBoost,0.09705387205387209,836.7949538241143
Afternoons Special,CatBoost,0.10139057239057242,836.7949538241143
Afternoons Special,CatBoost,0.10572727272727275,836.7949538241143
Afternoons Special,CatBoost,0.1100639730639731,836.7949538241143
Afternoons Special,CatBoost,0.11440067340067343,864.8995999613496
Afternoons Special,CatBoost,0.11873737373737377,865.9721548512582
Afternoons Special,CatBoost,0.12307407407407411,865.9721548512582
Afternoons Special,CatBoost,0.12741077441077445,865.9721548512582
Afternoons Special,CatBoost,0.13174747474747478,865.9721548512582
Afternoons Special,CatBoost,0.1360841750841751,866.2443831936939
Afternoons Special,CatBoost,0.14042087542087545,866.2443831936939
Afternoons Special,CatBoost,0.1447575757575758,866.2443831936939
Afternoons Special,CatBoost,0.1490942760942761,866.2443831936939
Afternoons Special,CatBoost,0.15343097643097647,866.339485269182
Afternoons Special,CatBoost,0.1577676767676768,866.339485269182
Afternoons Special,CatBoost,0.16210437710437714,866.032083445791
Afternoons Special,CatBoost,0.16644107744107747,866.032083445791
Afternoons Special,CatBoost,0.1707777777777778,865.9701360394176
Afternoons Special,CatBoost,0.17511447811447814,893.8091138818718
Afternoons Special,CatBoost,0.17945117845117847,1007.8562197409865
Afternoons Special,CatBoost,0.1837878787878788,1018.006707045274
Afternoons Special,CatBoost,0.18812457912457917,1069.2600040495965
Afternoons Special,CatBoost,0.1924612794612795,1075.5092466690237
Afternoons Special,CatBoost,0.19679797979797983,1075.5092466690237
Afternoons Special,CatBoost,0.20113468013468017,1075.5092466690237
Afternoons Special,CatBoost,0.2054713804713805,1077.8450545699802
Afternoons Special,CatBoost,0.20980808080808083,1077.8450545699802
Afternoons Special,CatBoost,0.21414478114478117,1077.4048819377351
Afternoons Special,CatBoost,0.21848148148148153,1077.4048819377351
Afternoons Special,CatBoost,0.22281818181818186,1077.4048819377351
Afternoons Special,CatBoost,0.2271548821548822,1079.8139250682211
Afternoons Special,CatBoost,0.23149158249158253,1079.8139250682211
Afternoons Special,CatBoost,0.23582828282828286,1081.6447961444055
Afternoons Special,CatBoost,0.2401649831649832,1090.7394480534422
Afternoons Special,CatBoost,0.24450168350168353,1090.7394480534422
Afternoons Special,CatBoost,0.24883838383838386,1091.3092079166588
Afternoons Special,CatBoost,0.25317508417508416,1091.3092079166588
Afternoons Special,CatBoost,0.2575117845117846,1091.3092079166588
Afternoons Special,CatBoost,0.2618484848484849,1091.3092079166588
Afternoons Special,CatBoost,0.2661851851851852,1102.9536247186227
Afternoons Special,CatBoost,0.27052188552188555,1102.9536247186227
Afternoons Special,CatBoost,0.2748585858585859,1102.9536247186227
Afternoons Special,CatBoost,0.2791952861952862,1105.4417478069718
Afternoons Special,CatBoost,0.2835319865319865,1105.4417478069718
Afternoons Special,CatBoost,0.28786868686868694,1105.4417478069718
Afternoons Special,CatBoost,0.29220538720538725,1105.4417478069718
Afternoons Special,CatBoost,0.29654208754208755,1105.4417478069718
Afternoons Special,CatBoost,0.30087878787878786,1105.4417478069718
Afternoons Special,CatBoost,0.3052154882154883,1105.4417478069718
Afternoons Special,CatBoost,0.3095521885521886,1107.09868841343
Afternoons Special,CatBoost,0.3138888888888889,1107.09868841343
Afternoons Special,CatBoost,0.3182255892255893,1107.09868841343
Afternoons Special,CatBoost,0.3225622895622896,1107.09868841343
Afternoons Special,CatBoost,0.3268989898989899,1107.09868841343
Afternoons Special,CatBoost,0.3312356902356902,1107.09868841343
Afternoons Special,CatBoost,0.33557239057239063,1107.09868841343
Afternoons Special,CatBoost,0.33990909090909094,1107.09868841343
Afternoons Special,CatBoost,0.34424579124579124,1107.09868841343
Afternoons Special,CatBoost,0.34858249158249166,1107.09868841343
Afternoons Special,CatBoost,0.35291919191919197,1107.09868841343
Afternoons Special,CatBoost,0.35725589225589227,1107.09868841343
Afternoons Special,CatBoost,0.3615925925925926,1107.09868841343
Afternoons Special,CatBoost,0.365929292929293,1107.09868841343
Afternoons Special,CatBoost,0.3702659932659933,1107.09868841343
Afternoons Special,CatBoost,0.3746026936026936,1107.09868841343
Afternoons Special,CatBoost,0.378939393939394,1107.09868841343
Afternoons Special,CatBoost,0.3832760942760943,1107.09868841343
Afternoons Special,CatBoost,0.38761279461279463,1107.0315719274563
Afternoons Special,CatBoost,0.39194949494949494,1107.0315719274563
Afternoons Special,CatBoost,0.39628619528619535,1107.0315719274563
Afternoons Special,CatBoost,0.40062289562289566,1107.0315719274563
Afternoons Special,CatBoost,0.40495959595959596,1075.6150311966555
Afternoons Special,CatBoost,0.4092962962962964,1075.6150311966555
Afternoons Special,CatBoost,0.4136329966329967,1075.6150311966555
Afternoons Special,CatBoost,0.417969696969697,1075.6150311966555
Afternoons Special,CatBoost,0.4223063973063973,1075.6150311966555
Afternoons Special,CatBoost,0.4266430976430977,1075.6150311966555
Afternoons Special,CatBoost,0.430979797979798,1075.1453330603051
Afternoons Special,CatBoost,0.4353164983164983,1075.1453330603051
Afternoons Special,CatBoost,0.43965319865319863,1075.1453330603051
Afternoons Special,CatBoost,0.44398989898989905,1075.1453330603051
Afternoons Special,CatBoost,0.44832659932659935,1075.1453330603051
Afternoons Special,CatBoost,0.45266329966329966,1075.1453330603051
Afternoons Special,CatBoost,0.457,1075.1453330603051
Afternoons Special,LightGBM,0.0276666666666667,902.2746911185384
Afternoons Special,LightGBM,0.032003367003367034,902.2746911185384
Afternoons Special,LightGBM,0.036340067340067374,902.2746911185384
Afternoons Special,LightGBM,0.040676767676767714,902.2746911185384
Afternoons Special,LightGBM,0.04501346801346805,902.2746911185384
Afternoons Special,LightGBM,0.04935016835016838,902.2746911185384
Afternoons Special,LightGBM,0.05368686868686872,901.7817460210433
Afternoons Special,LightGBM,0.05802356902356906,901.7817460210433
Afternoons Special,LightGBM,0.062360269360269394,901.7817460210433
Afternoons Special,LightGBM,0.06669696969696973,901.7817460210433
Afternoons Special,LightGBM,0.07103367003367006,901.7817460210433
Afternoons Special,LightGBM,0.07537037037037041,901.7817460210433
Afternoons Special,LightGBM,0.07970707070707074,901.7817460210433
Afternoons Special,LightGBM,0.08404377104377107,901.3899897217739
Afternoons Special,LightGBM,0.08838047138047142,901.3899897217739
Afternoons Special,LightGBM,0.09271717171717175,901.3899897217739
Afternoons Special,LightGBM,0.09705387205387209,901.3899897217739
Afternoons Special,LightGBM,0.10139057239057242,901.3899897217739
Afternoons Special,LightGBM,0.10572727272727275,901.3899897217739
Afternoons Special,LightGBM,0.1100639730639731,904.7612756877437
Afternoons Special,LightGBM,0.11440067340067343,925.3338767534922
Afternoons Special,LightGBM,0.11873737373737377,905.1143023164981
Afternoons Special,LightGBM,0.12307407407407411,905.1143023164981
Afternoons Special,LightGBM,0.12741077441077445,905.1143023164981
Afternoons Special,LightGBM,0.13174747474747478,905.1143023164981
Afternoons Special,LightGBM,0.1360841750841751,905.1143023164981
Afternoons Special,LightGBM,0.14042087542087545,905.1143023164981
Afternoons Special,LightGBM,0.1447575757575758,905.1143023164981
Afternoons Special,LightGBM,0.1490942760942761,905.1143023164981
Afternoons Special,LightGBM,0.15343097643097647,905.2583887873177
Afternoons Special,LightGBM,0.1577676767676768,905.2656118646481
Afternoons Special,LightGBM,0.16210437710437714,905.231464549713
Afternoons Special,LightGBM,0.16644107744107747,905.231464549713
Afternoons Special,LightGBM,0.1707777777777778,904.899387224078
Afternoons Special,LightGBM,0.17511447811447814,955.6893112081366
Afternoons Special,LightGBM,0.17945117845117847,983.9160030860185
Afternoons Special,LightGBM,0.1837878787878788,985.0755270758069
Afternoons Special,LightGBM,0.18812457912457917,997.1736072085346
Afternoons Special,LightGBM,0.1924612794612795,1007.4915431644076
Afternoons Special,LightGBM,0.19679797979797983,1007.4915431644076
Afternoons Special,LightGBM,0.20113468013468017,1007.4915431644076
Afternoons Special,LightGBM,0.2054713804713805,1006.7449972863249
Afternoons Special,LightGBM,0.20980808080808083,1006.7449972863249
Afternoons Special,LightGBM,0.21414478114478117,1006.184627219857
Afternoons Special,LightGBM,0.21848148148148153,1006.184627219857
Afternoons Special,LightGBM,0.22281818181818186,1006.184627219857
Afternoons Special,LightGBM,0.2271548821548822,1004.3473636319192
Afternoons Special,LightGBM,0.23149158249158253,1004.3473636319192
Afternoons Special,LightGBM,0.23582828282828286,1005.6090233482383
Afternoons Special,LightGBM,0.2401649831649832,998.2079132631768
Afternoons Special,LightGBM,0.24450168350168353,997.4892163525027
Afternoons Special,LightGBM,0.24883838383838386,1023.8175623487747
Afternoons Special,LightGBM,0.25317508417508416,1023.8175623487747
Afternoons Special,LightGBM,0.2575117845117846,1023.8175623487747
Afternoons Special,LightGBM,0.2618484848484849,1023.8175623487747
Afternoons Special,LightGBM,0.2661851851851852,1035.361282670371
Afternoons Special,LightGBM,0.27052188552188555,1035.361282670371
Afternoons Special,LightGBM,0.2748585858585859,1035.361282670371
Afternoons Special,LightGBM,0.2791952861952862,1044.3705573950833
Afternoons Special,LightGBM,0.2835319865319865,1044.3705573950833
Afternoons Special,LightGBM,0.28786868686868694,1044.3705573950833
Afternoons Special,LightGBM,0.29220538720538725,1030.6432731827201
Afternoons Special,LightGBM,0.29654208754208755,1030.6432731827201
Afternoons Special,LightGBM,0.30087878787878786,1030.6432731827201
Afternoons Special,LightGBM,0.3052154882154883,1030.6432731827201
Afternoons Special,LightGBM,0.3095521885521886,1023.5105629244431
Afternoons Special,LightGBM,0.3138888888888889,1023.5105629244431
Afternoons Special,LightGBM,0.3182255892255893,1023.5105629244431
Afternoons Special,LightGBM,0.3225622895622896,1023.5105629244431
Afternoons Special,LightGBM,0.3268989898989899,1023.5105629244431
Afternoons Special,LightGBM,0.3312356902356902,1023.5105629244431
Afternoons Special,LightGBM,0.33557239057239063,1023.5105629244431
Afternoons Special,LightGBM,0.33990909090909094,1023.5105629244431
Afternoons Special,LightGBM,0.34424579124579124,1020.5982048308767
Afternoons Special,LightGBM,0.34858249158249166,1020.5982048308767
Afternoons Special,LightGBM,0.35291919191919197,1020.5982048308767
Afternoons Special,LightGBM,0.35725589225589227,1020.5982048308767
Afternoons Special,LightGBM,0.3615925925925926,1020.5982048308767
Afternoons Special,LightGBM,0.365929292929293,1020.5982048308767
Afternoons Special,LightGBM,0.3702659932659933,1020.5982048308767
Afternoons Special,LightGBM,0.3746026936026936,1020.5982048308767
Afternoons Special,LightGBM,0.378939393939394,1020.5982048308767
Afternoons Special,LightGBM,0.3832760942760943,1020.5982048308767
Afternoons Special,LightGBM,0.38761279461279463,1027.2938880185993
Afternoons Special,LightGBM,0.39194949494949494,1027.2938880185993
Afternoons Special,LightGBM,0.39628619528619535,1027.2938880185993
Afternoons Special,LightGBM,0.40062289562289566,1027.2938880185993
Afternoons Special,LightGBM,0.40495959595959596,1026.6485187345584
Afternoons Special,LightGBM,0.4092962962962964,1026.6485187345584
Afternoons Special,LightGBM,0.4136329966329967,1026.6485187345584
Afternoons Special,LightGBM,0.417969696969697,1026.6485187345584
Afternoons Special,LightGBM,0.4223063973063973,1026.6485187345584
Afternoons Special,LightGBM,0.4266430976430977,1026.6485187345584
Afternoons Special,LightGBM,0.430979797979798,1022.2560895019253
Afternoons Special,LightGBM,0.4353164983164983,1022.2560895019253
Afternoons Special,LightGBM,0.43965319865319863,1022.2560895019253
Afternoons Special,LightGBM,0.44398989898989905,1022.2560895019253
Afternoons Special,LightGBM,0.44832659932659935,1022.2560895019253
Afternoons Special,LightGBM,0.45266329966329966,1022.2560895019253
Afternoons Special,LightGBM,0.457,1022.2560895019253
Evenings Special,CatBoost,0.0276666666666667,407.35986021866023
Evenings Special,CatBoost,0.032003367003367034,407.35986021866023
Evenings Special,CatBoost,0.036340067340067374,407.35986021866023
Evenings Special,CatBoost,0.040676767676767714,407.35986021866023
Evenings Special,CatBoost,0.04501346801346805,407.35986021866023
Evenings Special,CatBoost,0.04935016835016838,407.35986021866023
Evenings Special,CatBoost,0.05368686868686872,408.85368862603315
Evenings Special,CatBoost,0.05802356902356906,408.85368862603315
Evenings Special,CatBoost,0.062360269360269394,408.85368862603315
Evenings Special,CatBoost,0.06669696969696973,408.85368862603315
Evenings Special,CatBoost,0.07103367003367006,408.85368862603315
Evenings Special,CatBoost,0.07537037037037041,408.85368862603315
Evenings Special,CatBoost,0.07970707070707074,408.85368862603315
Evenings Special,CatBoost,0.08404377104377107,409.5387563267922
Evenings Special,CatBoost,0.08838047138047142,409.5387563267922
Evenings Special,CatBoost,0.09271717171717175,409.5229285321388
Evenings Special,CatBoost,0.09705387205387209,409.5229285321388
Evenings Special,CatBoost,0.10139057239057242,409.5229285321388
Evenings Special,CatBoost,0.10572727272727275,403.5391240129142
Evenings Special,CatBoost,0.1100639730639731,403.83903345227975
Evenings Special,CatBoost,0.11440067340067343,402.57169712493913
Evenings Special,CatBoost,0.11873737373737377,402.00673769563224
Evenings Special,CatBoost,0.12307407407407411,402.00673769563224
Evenings Special,CatBoost,0.12741077441077445,402.00673769563224
Evenings Special,CatBoost,0.13174747474747478,402.00673769563224
Evenings Special,CatBoost,0.1360841750841751,401.1466125214993
Evenings Special,CatBoost,0.14042087542087545,401.1466125214993
Evenings Special,CatBoost,0.1447575757575758,401.1466125214993
Evenings Special,CatBoost,0.1490942760942761,401.1466125214993
Evenings Special,CatBoost,0.15343097643097647,401.1466125214993
Evenings Special,CatBoost,0.1577676767676768,401.2525693597619
Evenings Special,CatBoost,0.16210437710437714,401.2525693597619
Evenings Special,CatBoost,0.16644107744107747,401.2525693597619
Evenings Special,CatBoost,0.1707777777777778,404.4716511516403
Evenings Special,CatBoost,0.17511447811447814,484.9720720025553
Evenings Special,CatBoost,0.17945117845117847,637.577210844707
Evenings Special,CatBoost,0.1837878787878788,638.7137122002152
Evenings Special,CatBoost,0.18812457912457917,646.1105673282934
Evenings Special,CatBoost,0.1924612794612795,648.3677017046327
Evenings Special,CatBoost,0.19679797979797983,648.3677017046327
Evenings Special,CatBoost,0.20113468013468017,648.3677017046327
Evenings Special,CatBoost,0.2054713804713805,648.4754238448626
Evenings Special,CatBoost,0.20980808080808083,648.4754238448626
Evenings Special,CatBoost,0.21414478114478117,648.8986446732257
Evenings Special,CatBoost,0.21848148148148153,648.8986446732257
Evenings Special,CatBoost,0.22281818181818186,648.8986446732257
Evenings Special,CatBoost,0.2271548821548822,627.8648091803618
Evenings Special,CatBoost,0.23149158249158253,627.8648091803618
Evenings Special,CatBoost,0.23582828282828286,627.7246400432667
Evenings Special,CatBoost,0.2401649831649832,627.7538706387477
Evenings Special,CatBoost,0.24450168350168353,624.9701778757014
Evenings Special,CatBoost,0.24883838383838386,644.149861985194
Evenings Special,CatBoost,0.25317508417508416,644.149861985194
Evenings Special,CatBoost,0.2575117845117846,644.149861985194
Evenings Special,CatBoost,0.2618484848484849,644.149861985194
Evenings Special,CatBoost,0.2661851851851852,644.4473879583096
Evenings Special,CatBoost,0.27052188552188555,644.4473879583096
Evenings Special,CatBoost,0.2748585858585859,644.4473879583096
Evenings Special,CatBoost,0.2791952861952862,643.9887977787344
Evenings Special,CatBoost,0.2835319865319865,643.9887977787344
Evenings Special,CatBoost,0.28786868686868694,643.9887977787344
Evenings Special,CatBoost,0.29220538720538725,643.9887977787344
Evenings Special,CatBoost,0.29654208754208755,643.9887977787344
Evenings Special,CatBoost,0.30087878787878786,643.9887977787344
Evenings Special,CatBoost,0.3052154882154883,643.9887977787344
Evenings Special,CatBoost,0.3095521885521886,607.6497693921851
Evenings Special,CatBoost,0.3138888888888889,607.6497693921851
Evenings Special,CatBoost,0.3182255892255893,607.6497693921851
Evenings Special,CatBoost,0.3225622895622896,607.6497693921851
Evenings Special,CatBoost,0.3268989898989899,607.6497693921851
Evenings Special,CatBoost,0.3312356902356902,607.6497693921851
Evenings Special,CatBoost,0.33557239057239063,607.6497693921851
Evenings Special,CatBoost,0.33990909090909094,607.6497693921851
Evenings Special,CatBoost,0.34424579124579124,607.6497693921851
Evenings Special,CatBoost,0.34858249158249166,607.6497693921851
Evenings Special,CatBoost,0.35291919191919197,607.6497693921851
Evenings Special,CatBoost,0.35725589225589227,607.6497693921851
Evenings Special,CatBoost,0.3615925925925926,607.6497693921851
Evenings Special,CatBoost,0.365929292929293,607.6497693921851
Evenings Special,CatBoost,0.3702659932659933,607.6497693921851
Evenings Special,CatBoost,0.3746026936026936,607.6497693921851
Evenings Special,CatBoost,0.378939393939394,607.6497693921851
Evenings Special,CatBoost,0.3832760942760943,607.6497693921851
Evenings Special,CatBoost,0.38761279461279463,607.9645810632477
Evenings Special,CatBoost,0.39194949494949494,607.9645810632477
Evenings Special,CatBoost,0.39628619528619535,607.9645810632477
Evenings Special,CatBoost,0.40062289562289566,607.9645810632477
Evenings Special,CatBoost,0.40495959595959596,607.9645810632477
Evenings Special,CatBoost,0.4092962962962964,607.9645810632477
Evenings Special,CatBoost,0.4136329966329967,607.9645810632477
Evenings Special,CatBoost,0.417969696969697,607.9645810632477
Evenings Special,CatBoost,0.4223063973063973,607.9645810632477
Evenings Special,CatBoost,0.4266430976430977,607.9645810632477
Evenings Special,CatBoost,0.430979797979798,607.9645810632477
Evenings Special,CatBoost,0.4353164983164983,607.9645810632477
Evenings Special,CatBoost,0.43965319865319863,607.9645810632477
Evenings Special,CatBoost,0.44398989898989905,607.9645810632477
Evenings Special,CatBoost,0.44832659932659935,607.9645810632477
Evenings Special,CatBoost,0.45266329966329966,607.9645810632477
Evenings Special,CatBoost,0.457,607.9645810632477
Evenings Special,LightGBM,0.0276666666666667,518.782028864274
Evenings Special,LightGBM,0.032003367003367034,518.782028864274
Evenings Special,LightGBM,0.036340067340067374,518.782028864274
Evenings Special,LightGBM,0.040676767676767714,518.782028864274
Evenings Special,LightGBM,0.04501346801346805,518.782028864274
Evenings Special,LightGBM,0.04935016835016838,518.782028864274
Evenings Special,LightGBM,0.05368686868686872,518.5528571405955
Evenings Special,LightGBM,0.05802356902356906,518.5528571405955
Evenings Special,LightGBM,0.062360269360269394,518.5528571405955
Evenings Special,LightGBM,0.06669696969696973,518.5528571405955
Evenings Special,LightGBM,0.07103367003367006,518.5528571405955
Evenings Special,LightGBM,0.07537037037037041,518.5528571405955
Evenings Special,LightGBM,0.07970707070707074,518.5528571405955
Evenings Special,LightGBM,0.08404377104377107,518.5528571405955
Evenings Special,LightGBM,0.08838047138047142,518.5528571405955
Evenings Special,LightGBM,0.09271717171717175,518.5528571405955
Evenings Special,LightGBM,0.09705387205387209,518.5528571405955
Evenings Special,LightGBM,0.10139057239057242,516.9839997265583
Evenings Special,LightGBM,0.10572727272727275,516.9095041433791
Evenings Special,LightGBM,0.1100639730639731,516.9095041433791
Evenings Special,LightGBM,0.11440067340067343,517.0995958688907
Evenings Special,LightGBM,0.11873737373737377,513.1115427479208
Evenings Special,LightGBM,0.12307407407407411,513.1115427479208
Evenings Special,LightGBM,0.12741077441077445,513.1115427479208
Evenings Special,LightGBM,0.13174747474747478,513.1115427479208
Evenings Special,LightGBM,0.1360841750841751,512.8859061801314
Evenings Special,LightGBM,0.14042087542087545,512.8859061801314
Evenings Special,LightGBM,0.1447575757575758,512.8859061801314
Evenings Special,LightGBM,0.1490942760942761,512.8859061801314
Evenings Special,LightGBM,0.15343097643097647,512.8738941491156
Evenings Special,LightGBM,0.1577676767676768,512.8235335453261
Evenings Special,LightGBM,0.16210437710437714,512.9463827279794
Evenings Special,LightGBM,0.16644107744107747,511.1838117368225
Evenings Special,LightGBM,0.1707777777777778,511.060343117058
Evenings Special,LightGBM,0.17511447811447814,583.5028777730154
Evenings Special,LightGBM,0.17945117845117847,607.2059579202537
Evenings Special,LightGBM,0.1837878787878788,609.7464297031667
Evenings Special,LightGBM,0.18812457912457917,605.6109495498156
Evenings Special,LightGBM,0.1924612794612795,604.7439840225109
Evenings Special,LightGBM,0.19679797979797983,604.7439840225109
Evenings Special,LightGBM,0.20113468013468017,604.7439840225109
Evenings Special,LightGBM,0.2054713804713805,612.274949445485
Evenings Special,LightGBM,0.20980808080808083,612.274949445485
Evenings Special,LightGBM,0.21414478114478117,612.2941317636785
Evenings Special,LightGBM,0.21848148148148153,612.2941317636785
Evenings Special,LightGBM,0.22281818181818186,612.2941317636785
Evenings Special,LightGBM,0.2271548821548822,611.7356774128572
Evenings Special,LightGBM,0.23149158249158253,611.7356774128572
Evenings Special,LightGBM,0.23582828282828286,612.0380477204938
Evenings Special,LightGBM,0.2401649831649832,609.06867649385
Evenings Special,LightGBM,0.24450168350168353,609.5013251827597
Evenings Special,LightGBM,0.24883838383838386,617.9230510722417
Evenings Special,LightGBM,0.25317508417508416,617.9230510722417
Evenings Special,LightGBM,0.2575117845117846,617.9230510722417
Evenings Special,LightGBM,0.2618484848484849,617.9230510722417
Evenings Special,LightGBM,0.2661851851851852,618.5439396228365
Evenings Special,LightGBM,0.27052188552188555,618.5439396228365
Evenings Special,LightGBM,0.2748585858585859,618.5439396228365
Evenings Special,LightGBM,0.2791952861952862,617.8696462332183
Evenings Special,LightGBM,0.2835319865319865,617.8696462332183
Evenings Special,LightGBM,0.28786868686868694,617.8696462332183
Evenings Special,LightGBM,0.29220538720538725,620.416846473799
Evenings Special,LightGBM,0.29654208754208755,620.416846473799
Evenings Special,LightGBM,0.30087878787878786,620.416846473799
Evenings Special,LightGBM,0.3052154882154883,620.416846473799
Evenings Special,LightGBM,0.3095521885521886,619.9154481469843
Evenings Special,LightGBM,0.3138888888888889,619.9154481469843
Evenings Special,LightGBM,0.3182255892255893,619.9154481469843
Evenings Special,LightGBM,0.3225622895622896,619.9154481469843
Evenings Special,LightGBM,0.3268989898989899,619.9154481469843
Evenings Special,LightGBM,0.3312356902356902,619.9154481469843
Evenings Special,LightGBM,0.33557239057239063,619.9154481469843
Evenings Special,LightGBM,0.33990909090909094,619.9154481469843
Evenings Special,LightGBM,0.34424579124579124,619.9154481469843
Evenings Special,LightGBM,0.34858249158249166,619.9154481469843
Evenings Special,LightGBM,0.35291919191919197,619.9154481469843
Evenings Special,LightGBM,0.35725589225589227,619.9154481469843
Evenings Special,LightGBM,0.3615925925925926,619.9154481469843
Evenings Special,LightGBM,0.365929292929293,619.9154481469843
Evenings Special,LightGBM,0.3702659932659933,619.9154481469843
Evenings Special,LightGBM,0.3746026936026936,619.9154481469843
Evenings Special,LightGBM,0.378939393939394,619.9154481469843
Evenings Special,LightGBM,0.3832760942760943,619.9154481469843
Evenings Special,LightGBM,0.38761279461279463,619.9333579513188
Evenings Special,LightGBM,0.39194949494949494,619.9333579513188
Evenings Special,LightGBM,0.39628619528619535,619.9333579513188
Evenings Special,LightGBM,0.40062289562289566,619.9333579513188
Evenings Special,LightGBM,0.40495959595959596,618.288536433976
Evenings Special,LightGBM,0.4092962962962964,618.288536433976
Evenings Special,LightGBM,0.4136329966329967,618.288536433976
Evenings Special,LightGBM,0.417969696969697,618.288536433976
Evenings Special,LightGBM,0.4223063973063973,618.288536433976
Evenings Special,LightGBM,0.4266430976430977,618.288536433976
Evenings Special,LightGBM,0.430979797979798,618.8349604338752
Evenings Special,LightGBM,0.4353164983164983,618.8349604338752
Evenings Special,LightGBM,0.43965319865319863,618.8349604338752
Evenings Special,LightGBM,0.44398989898989905,618.8349604338752
Evenings Special,LightGBM,0.44832659932659935,618.8349604338752
Evenings Special,LightGBM,0.45266329966329966,618.8349604338752
Evenings Special,LightGBM,0.457,618.8349604338752
Evenings Special,XGBoost,0.0276666666666667,510.6285400390625
Evenings Special,XGBoost,0.032003367003367034,510.6285400390625
Evenings Special,XGBoost,0.036340067340067374,510.6285400390625
Evenings Special,XGBoost,0.040676767676767714,510.6285400390625
Evenings Special,XGBoost,0.04501346801346805,510.6285400390625
Evenings Special,XGBoost,0.04935016835016838,510.6285400390625
Evenings Special,XGBoost,0.05368686868686872,510.6285400390625
Evenings Special,XGBoost,0.05802356902356906,510.6285400390625
Evenings Special,XGBoost,0.062360269360269394,510.6285400390625
Evenings Special,XGBoost,0.06669696969696973,510.6285400390625
Evenings Special,XGBoost,0.07103367003367006,510.6285400390625
Evenings Special,XGBoost,0.07537037037037041,510.6285400390625
Evenings Special,XGBoost,0.07970707070707074,519.1280517578125
Evenings Special,XGBoost,0.08404377104377107,519.1280517578125
Evenings Special,XGBoost,0.08838047138047142,511.61871337890625
Evenings Special,XGBoost,0.09271717171717175,511.61871337890625
Evenings Special,XGBoost,0.09705387205387209,510.094970703125
Evenings Special,XGBoost,0.10139057239057242,510.06622314453125
Evenings Special,XGBoost,0.10572727272727275,510.06622314453125
Evenings Special,XGBoost,0.1100639730639731,510.0679016113281
Evenings Special,XGBoost,0.11440067340067343,514.8824462890625
Evenings Special,XGBoost,0.11873737373737377,511.5540466308594
Evenings Special,XGBoost,0.12307407407407411,511.5540466308594
Evenings Special,XGBoost,0.12741077441077445,511.5540466308594
Evenings Special,XGBoost,0.13174747474747478,511.5540466308594
Evenings Special,XGBoost,0.1360841750841751,511.5540466308594
Evenings Special,XGBoost,0.14042087542087545,511.5540466308594
Evenings Special,XGBoost,0.1447575757575758,511.5540466308594
Evenings Special,XGBoost,0.1490942760942761,511.5540466308594
Evenings Special,XGBoost,0.15343097643097647,511.2901611328125
Evenings Special,XGBoost,0.1577676767676768,508.83282470703125
Evenings Special,XGBoost,0.16210437710437714,509.611328125
Evenings Special,XGBoost,0.16644107744107747,519.09814453125
Evenings Special,XGBoost,0.1707777777777778,518.2345581054688
Evenings Special,XGBoost,0.17511447811447814,583.580810546875
Evenings Special,XGBoost,0.17945117845117847,626.1924438476562
Evenings Special,XGBoost,0.1837878787878788,630.9588012695312
Evenings Special,XGBoost,0.18812457912457917,641.9800415039062
Evenings Special,XGBoost,0.1924612794612795,641.9800415039062
Evenings Special,XGBoost,0.19679797979797983,641.8612670898438
Evenings Special,XGBoost,0.20113468013468017,641.8612670898438
Evenings Special,XGBoost,0.2054713804713805,641.8612670898438
Evenings Special,XGBoost,0.20980808080808083,641.8612670898438
Evenings Special,XGBoost,0.21414478114478117,706.1925659179688
Evenings Special,XGBoost,0.21848148148148153,703.2175903320312
Evenings Special,XGBoost,0.22281818181818186,703.2175903320312
Evenings Special,XGBoost,0.2271548821548822,703.2175903320312
Evenings Special,XGBoost,0.23149158249158253,703.2175903320312
Evenings Special,XGBoost,0.23582828282828286,697.1361083984375
Evenings Special,XGBoost,0.2401649831649832,701.1361694335938
Evenings Special,XGBoost,0.24450168350168353,701.192626953125
Evenings Special,XGBoost,0.24883838383838386,699.3919067382812
Evenings Special,XGBoost,0.25317508417508416,699.3919067382812
Evenings Special,XGBoost,0.2575117845117846,699.3919067382812
Evenings Special,XGBoost,0.2618484848484849,699.3919067382812
Evenings Special,XGBoost,0.2661851851851852,699.3919067382812
Evenings Special,XGBoost,0.27052188552188555,699.3919067382812
Evenings Special,XGBoost,0.2748585858585859,699.3919067382812
Evenings Special,XGBoost,0.2791952861952862,696.6410522460938
Evenings Special,XGBoost,0.2835319865319865,696.6410522460938
Evenings Special,XGBoost,0.28786868686868694,696.6410522460938
Evenings Special,XGBoost,0.29220538720538725,696.6410522460938
Evenings Special,XGBoost,0.29654208754208755,696.6410522460938
Evenings Special,XGBoost,0.30087878787878786,696.6410522460938
Evenings Special,XGBoost,0.3052154882154883,697.2142944335938
Evenings Special,XGBoost,0.3095521885521886,697.2142944335938
Evenings Special,XGBoost,0.3138888888888889,697.3173217773438
Evenings Special,XGBoost,0.3182255892255893,697.3173217773438
Evenings Special,XGBoost,0.3225622895622896,697.3173217773438
Evenings Special,XGBoost,0.3268989898989899,697.3173217773438
Evenings Special,XGBoost,0.3312356902356902,697.3173217773438
Evenings Special,XGBoost,0.33557239057239063,697.3173217773438
Evenings Special,XGBoost,0.33990909090909094,697.3173217773438
Evenings Special,XGBoost,0.34424579124579124,697.3173217773438
Evenings Special,XGBoost,0.34858249158249166,697.3173217773438
Evenings Special,XGBoost,0.35291919191919197,697.3173217773438
Evenings Special,XGBoost,0.35725589225589227,697.3173217773438
Evenings Special,XGBoost,0.3615925925925926,697.3173217773438
Evenings Special,XGBoost,0.365929292929293,697.3173217773438
Evenings Special,XGBoost,0.3702659932659933,697.3173217773438
Evenings Special,XGBoost,0.3746026936026936,698.0829467773438
Evenings Special,XGBoost,0.378939393939394,698.0829467773438
Evenings Special,XGBoost,0.3832760942760943,698.0829467773438
Evenings Special,XGBoost,0.38761279461279463,698.0829467773438
Evenings Special,XGBoost,0.39194949494949494,698.0829467773438
Evenings Special,XGBoost,0.39628619528619535,698.0829467773438
Evenings Special,XGBoost,0.40062289562289566,698.7413940429688
Evenings Special,XGBoost,0.40495959595959596,693.9252319335938
Evenings Special,XGBoost,0.4092962962962964,693.9252319335938
Evenings Special,XGBoost,0.4136329966329967,693.9252319335938
Evenings Special,XGBoost,0.417969696969697,693.9252319335938
Evenings Special,XGBoost,0.4223063973063973,693.9252319335938
Evenings Special,XGBoost,0.4266430976430977,693.9252319335938
Evenings Special,XGBoost,0.430979797979798,693.9252319335938
Evenings Special,XGBoost,0.4353164983164983,693.9252319335938
Evenings Special,XGBoost,0.43965319865319863,693.9252319335938
Evenings Special,XGBoost,0.44398989898989905,693.9252319335938
Evenings Special,XGBoost,0.44832659932659935,693.9252319335938
Evenings Special,XGBoost,0.45266329966329966,693.9252319335938
Evenings Special,XGBoost,0.457,696.472900390625
