Dataset,Model,Temperature,Predicted Value
All,CatBoost,0.7,629.5213383822258
All,CatBoost,1.103030303030303,629.5213383822258
All,CatBoost,1.5060606060606059,629.5213383822258
All,CatBoost,1.909090909090909,629.5213383822258
All,CatBoost,2.312121212121212,629.5213383822258
All,CatBoost,2.715151515151515,629.5213383822258
All,CatBoost,3.118181818181818,609.9825483489274
All,CatBoost,3.5212121212121215,605.6084314328752
All,CatBoost,3.924242424242424,609.6543189987574
All,CatBoost,4.327272727272727,615.8232504272682
All,CatBoost,4.7303030303030305,611.4867457546364
All,CatBoost,5.133333333333334,599.9812085030019
All,CatBoost,5.536363636363636,599.3744763909931
All,CatBoost,5.9393939393939394,588.8320904983356
All,CatBoost,6.342424242424243,597.0669835756859
All,CatBoost,6.745454545454545,584.3500884240927
All,CatBoost,7.148484848484848,571.460659942611
All,CatBoost,7.551515151515152,571.460659942611
All,CatBoost,7.954545454545454,572.9253024990702
All,CatBoost,8.357575757575757,572.9253024990702
All,CatBoost,8.76060606060606,590.1069325905765
All,CatBoost,9.163636363636362,591.7191680251518
All,CatBoost,9.566666666666666,587.1518556384134
All,CatBoost,9.969696969696969,585.0817241820687
All,CatBoost,10.372727272727271,585.1070181117904
All,CatBoost,10.775757575757575,592.4223342422679
All,CatBoost,11.178787878787878,589.8036884555448
All,CatBoost,11.58181818181818,591.4361740343988
All,CatBoost,11.984848484848484,595.7993113090464
All,CatBoost,12.387878787878787,597.7076912769319
All,CatBoost,12.79090909090909,597.993927137609
All,CatBoost,13.193939393939393,598.6183516055521
All,CatBoost,13.596969696969696,601.1561397187653
All,CatBoost,13.999999999999998,602.4493471728496
All,CatBoost,14.403030303030302,604.0537797318689
All,CatBoost,14.806060606060605,604.0899792983337
All,CatBoost,15.209090909090907,604.5012537951858
All,CatBoost,15.612121212121211,604.2089843041845
All,CatBoost,16.015151515151516,604.2110885635127
All,CatBoost,16.418181818181818,604.0416738184063
All,CatBoost,16.82121212121212,604.4636188625255
All,CatBoost,17.224242424242423,604.5845024094195
All,CatBoost,17.627272727272725,603.2427140725011
All,CatBoost,18.030303030303028,602.7043639260552
All,CatBoost,18.433333333333334,601.6637942965356
All,CatBoost,18.836363636363636,601.2848003096765
All,CatBoost,19.23939393939394,601.3662185397069
All,CatBoost,19.64242424242424,601.1015140801372
All,CatBoost,20.045454545454543,601.5069773192631
All,CatBoost,20.448484848484846,602.7966047581205
All,CatBoost,20.85151515151515,598.4267708242611
All,CatBoost,21.254545454545454,598.4267708242611
All,CatBoost,21.657575757575756,591.8105542081345
All,CatBoost,22.06060606060606,591.8105542081345
All,CatBoost,22.46363636363636,591.0204697486346
All,CatBoost,22.866666666666664,590.9972233176925
All,CatBoost,23.26969696969697,590.9972233176925
All,CatBoost,23.672727272727272,590.9972233176925
All,CatBoost,24.075757575757574,590.9972233176925
All,CatBoost,24.478787878787877,590.9972233176925
All,CatBoost,24.88181818181818,575.1480536946461
All,CatBoost,25.28484848484848,575.1480536946461
All,CatBoost,25.687878787878788,574.4752791422061
All,CatBoost,26.09090909090909,574.4752791422061
All,CatBoost,26.493939393939392,574.4752791422061
All,CatBoost,26.896969696969695,574.4752791422061
All,CatBoost,27.299999999999997,548.6161573590991
All,CatBoost,27.703030303030303,546.7537864030987
All,CatBoost,28.106060606060606,546.7537864030987
All,CatBoost,28.509090909090908,546.7537864030987
All,CatBoost,28.91212121212121,546.7537864030987
All,CatBoost,29.315151515151513,546.7537864030987
All,CatBoost,29.718181818181815,546.7537864030987
All,CatBoost,30.12121212121212,545.7967132437046
All,CatBoost,30.524242424242424,545.7967132437046
All,CatBoost,30.927272727272726,545.7967132437046
All,CatBoost,31.33030303030303,531.8283562041549
All,CatBoost,31.73333333333333,531.8283562041549
All,CatBoost,32.13636363636363,531.8283562041549
All,CatBoost,32.53939393939394,531.8283562041549
All,CatBoost,32.942424242424245,532.8674470531801
All,CatBoost,33.345454545454544,530.0732838338457
All,CatBoost,33.74848484848485,530.0732838338457
All,CatBoost,34.151515151515156,523.6607473078799
All,CatBoost,34.554545454545455,523.6607473078799
All,CatBoost,34.95757575757576,501.80967529473344
All,CatBoost,35.36060606060606,501.80967529473344
All,CatBoost,35.763636363636365,513.6850728637136
All,CatBoost,36.16666666666667,513.6850728637136
All,CatBoost,36.56969696969697,513.6850728637136
All,CatBoost,36.972727272727276,542.8392581078906
All,CatBoost,37.375757575757575,542.8392581078906
All,CatBoost,37.77878787878788,542.8392581078906
All,CatBoost,38.18181818181818,542.8392581078906
All,CatBoost,38.584848484848486,542.8392581078906
All,CatBoost,38.98787878787879,542.8392581078906
All,CatBoost,39.39090909090909,542.8392581078906
All,CatBoost,39.7939393939394,542.8392581078906
All,CatBoost,40.196969696969695,542.8392581078906
All,CatBoost,40.6,542.8392581078906
All,XGBoost,0.7,581.9360961914062
All,XGBoost,1.103030303030303,581.9360961914062
All,XGBoost,1.5060606060606059,581.9360961914062
All,XGBoost,1.909090909090909,581.9360961914062
All,XGBoost,2.312121212121212,581.9360961914062
All,XGBoost,2.715151515151515,581.9360961914062
All,XGBoost,3.118181818181818,581.9360961914062
All,XGBoost,3.5212121212121215,581.9360961914062
All,XGBoost,3.924242424242424,581.9360961914062
All,XGBoost,4.327272727272727,583.2532958984375
All,XGBoost,4.7303030303030305,583.2532958984375
All,XGBoost,5.133333333333334,583.3222045898438
All,XGBoost,5.536363636363636,580.9608154296875
All,XGBoost,5.9393939393939394,579.1128540039062
All,XGBoost,6.342424242424243,581.0157470703125
All,XGBoost,6.745454545454545,578.4384155273438
All,XGBoost,7.148484848484848,581.0342407226562
All,XGBoost,7.551515151515152,585.0096435546875
All,XGBoost,7.954545454545454,585.4371948242188
All,XGBoost,8.357575757575757,586.2907104492188
All,XGBoost,8.76060606060606,589.462646484375
All,XGBoost,9.163636363636362,591.3724365234375
All,XGBoost,9.566666666666666,589.84423828125
All,XGBoost,9.969696969696969,597.15234375
All,XGBoost,10.372727272727271,597.2424926757812
All,XGBoost,10.775757575757575,598.2364501953125
All,XGBoost,11.178787878787878,600.2916259765625
All,XGBoost,11.58181818181818,599.5515747070312
All,XGBoost,11.984848484848484,601.6419677734375
All,XGBoost,12.387878787878787,603.0066528320312
All,XGBoost,12.79090909090909,604.2344360351562
All,XGBoost,13.193939393939393,606.5090942382812
All,XGBoost,13.596969696969696,606.5643920898438
All,XGBoost,13.999999999999998,605.4622192382812
All,XGBoost,14.403030303030302,607.5831909179688
All,XGBoost,14.806060606060605,608.7916870117188
All,XGBoost,15.209090909090907,607.696533203125
All,XGBoost,15.612121212121211,604.67626953125
All,XGBoost,16.015151515151516,604.27685546875
All,XGBoost,16.418181818181818,602.8277587890625
All,XGBoost,16.82121212121212,603.7967529296875
All,XGBoost,17.224242424242423,604.53759765625
All,XGBoost,17.627272727272725,603.5390014648438
All,XGBoost,18.030303030303028,603.8986206054688
All,XGBoost,18.433333333333334,599.6083374023438
All,XGBoost,18.836363636363636,597.7607421875
All,XGBoost,19.23939393939394,599.2633666992188
All,XGBoost,19.64242424242424,597.9556274414062
All,XGBoost,20.045454545454543,598.1978759765625
All,XGBoost,20.448484848484846,597.6799926757812
All,XGBoost,20.85151515151515,597.5341796875
All,XGBoost,21.254545454545454,598.3909301757812
All,XGBoost,21.657575757575756,598.1646728515625
All,XGBoost,22.06060606060606,598.1658935546875
All,XGBoost,22.46363636363636,597.5654907226562
All,XGBoost,22.866666666666664,595.28955078125
All,XGBoost,23.26969696969697,593.03076171875
All,XGBoost,23.672727272727272,593.0013427734375
All,XGBoost,24.075757575757574,593.2406005859375
All,XGBoost,24.478787878787877,593.2802734375
All,XGBoost,24.88181818181818,575.3924560546875
All,XGBoost,25.28484848484848,575.6617431640625
All,XGBoost,25.687878787878788,572.022216796875
All,XGBoost,26.09090909090909,568.77734375
All,XGBoost,26.493939393939392,568.77734375
All,XGBoost,26.896969696969695,568.8071899414062
All,XGBoost,27.299999999999997,545.6685180664062
All,XGBoost,27.703030303030303,545.6685180664062
All,XGBoost,28.106060606060606,541.8076782226562
All,XGBoost,28.509090909090908,541.9134521484375
All,XGBoost,28.91212121212121,541.9134521484375
All,XGBoost,29.315151515151513,541.7310180664062
All,XGBoost,29.718181818181815,541.7310180664062
All,XGBoost,30.12121212121212,542.9794921875
All,XGBoost,30.524242424242424,542.9794921875
All,XGBoost,30.927272727272726,542.8069458007812
All,XGBoost,31.33030303030303,542.8069458007812
All,XGBoost,31.73333333333333,542.8069458007812
All,XGBoost,32.13636363636363,542.7367553710938
All,XGBoost,32.53939393939394,542.7367553710938
All,XGBoost,32.942424242424245,542.7367553710938
All,XGBoost,33.345454545454544,542.7367553710938
All,XGBoost,33.74848484848485,542.7367553710938
All,XGBoost,34.151515151515156,542.5883178710938
All,XGBoost,34.554545454545455,542.5883178710938
All,XGBoost,34.95757575757576,542.5883178710938
All,XGBoost,35.36060606060606,542.5883178710938
All,XGBoost,35.763636363636365,542.5883178710938
All,XGBoost,36.16666666666667,542.5883178710938
All,XGBoost,36.56969696969697,542.5883178710938
All,XGBoost,36.972727272727276,542.5883178710938
All,XGBoost,37.375757575757575,542.5883178710938
All,XGBoost,37.77878787878788,542.5883178710938
All,XGBoost,38.18181818181818,542.5883178710938
All,XGBoost,38.584848484848486,542.5883178710938
All,XGBoost,38.98787878787879,542.5883178710938
All,XGBoost,39.39090909090909,542.5883178710938
All,XGBoost,39.7939393939394,542.5883178710938
All,XGBoost,40.196969696969695,542.5883178710938
All,XGBoost,40.6,542.5883178710938
Lunches,CatBoost,4.125,1082.6127760459735
Lunches,CatBoost,4.405050505050505,1082.6127760459735
Lunches,CatBoost,4.68510101010101,1082.6127760459735
Lunches,CatBoost,4.965151515151515,1076.3091024581404
Lunches,CatBoost,5.24520202020202,1076.3091024581404
Lunches,CatBoost,5.525252525252525,1076.0089358849477
Lunches,CatBoost,5.80530303030303,1076.0089358849477
Lunches,CatBoost,6.085353535353535,1076.727645262467
Lunches,CatBoost,6.365404040404041,1080.9231595754054
Lunches,CatBoost,6.6454545454545455,1045.5966105868715
Lunches,CatBoost,6.92550505050505,1104.2921416359045
Lunches,CatBoost,7.205555555555556,1107.0812969607582
Lunches,CatBoost,7.48560606060606,1066.9731628702802
Lunches,CatBoost,7.765656565656565,1084.9848689231387
Lunches,CatBoost,8.04570707070707,1122.0274363903115
Lunches,CatBoost,8.325757575757576,1074.690239139551
Lunches,CatBoost,8.605808080808082,1085.8042638677236
Lunches,CatBoost,8.885858585858585,1085.5952429676165
Lunches,CatBoost,9.165909090909091,1097.6771922007727
Lunches,CatBoost,9.445959595959597,1091.4287474811117
Lunches,CatBoost,9.7260101010101,1107.6522997659213
Lunches,CatBoost,10.006060606060606,1104.9035682389747
Lunches,CatBoost,10.286111111111111,1100.4064766881122
Lunches,CatBoost,10.566161616161615,1108.5091432082695
Lunches,CatBoost,10.84621212121212,1105.8834525732857
Lunches,CatBoost,11.126262626262626,1108.507599949448
Lunches,CatBoost,11.40631313131313,1107.6892803213823
Lunches,CatBoost,11.686363636363637,1118.1555107056945
Lunches,CatBoost,11.966414141414141,1120.9333456580416
Lunches,CatBoost,12.246464646464647,1113.8085573089752
Lunches,CatBoost,12.526515151515152,1120.7939921244274
Lunches,CatBoost,12.806565656565656,1120.8763331322275
Lunches,CatBoost,13.086616161616162,1128.464825251205
Lunches,CatBoost,13.366666666666667,1106.9725549238058
Lunches,CatBoost,13.646717171717171,1139.316690105303
Lunches,CatBoost,13.926767676767676,1144.5190879734964
Lunches,CatBoost,14.206818181818182,1139.3996539718382
Lunches,CatBoost,14.486868686868688,1141.007654296204
Lunches,CatBoost,14.766919191919191,1136.6758839334202
Lunches,CatBoost,15.046969696969697,1139.859268524243
Lunches,CatBoost,15.327020202020202,1139.983036419673
Lunches,CatBoost,15.607070707070706,1140.71408735525
Lunches,CatBoost,15.887121212121212,1140.71408735525
Lunches,CatBoost,16.16717171717172,1140.7627836329013
Lunches,CatBoost,16.447222222222223,1140.5333666923038
Lunches,CatBoost,16.727272727272727,1140.2759729835318
Lunches,CatBoost,17.00732323232323,1131.7485257822973
Lunches,CatBoost,17.287373737373738,1130.5977436345586
Lunches,CatBoost,17.56742424242424,1128.483292812229
Lunches,CatBoost,17.84747474747475,1130.1792784942827
Lunches,CatBoost,18.127525252525253,1130.7301062256913
Lunches,CatBoost,18.407575757575756,1130.3895482398727
Lunches,CatBoost,18.68762626262626,1129.7375146775641
Lunches,CatBoost,18.967676767676767,1129.4779541063633
Lunches,CatBoost,19.247727272727275,1130.5929133438801
Lunches,CatBoost,19.52777777777778,1131.078651771968
Lunches,CatBoost,19.807828282828282,1122.4537173288218
Lunches,CatBoost,20.087878787878786,1116.91160900422
Lunches,CatBoost,20.367929292929293,1112.258217602598
Lunches,CatBoost,20.647979797979797,1112.3917434621137
Lunches,CatBoost,20.928030303030305,1112.7427924238907
Lunches,CatBoost,21.20808080808081,1114.5425248664972
Lunches,CatBoost,21.488131313131312,1113.1931289730599
Lunches,CatBoost,21.76818181818182,1115.52579866344
Lunches,CatBoost,22.048232323232323,1092.7983660475395
Lunches,CatBoost,22.328282828282827,1092.7983660475395
Lunches,CatBoost,22.608333333333334,1095.2475605498455
Lunches,CatBoost,22.888383838383838,1072.2232530820868
Lunches,CatBoost,23.168434343434342,1072.2232530820868
Lunches,CatBoost,23.44848484848485,1072.2232530820868
Lunches,CatBoost,23.728535353535353,1070.0387682166424
Lunches,CatBoost,24.00858585858586,1076.9142264491227
Lunches,CatBoost,24.288636363636364,1076.9142264491227
Lunches,CatBoost,24.568686868686868,1068.2888409261802
Lunches,CatBoost,24.848737373737375,1068.2888409261802
Lunches,CatBoost,25.12878787878788,1068.2888409261802
Lunches,CatBoost,25.408838383838383,1067.0324842902226
Lunches,CatBoost,25.68888888888889,1055.7750648872102
Lunches,CatBoost,25.968939393939394,1055.7750648872102
Lunches,CatBoost,26.248989898989898,1055.7750648872102
Lunches,CatBoost,26.529040404040405,1055.7750648872102
Lunches,CatBoost,26.80909090909091,976.2538248917172
Lunches,CatBoost,27.089141414141412,976.2538248917172
Lunches,CatBoost,27.36919191919192,976.2538248917172
Lunches,CatBoost,27.649242424242424,976.2538248917172
Lunches,CatBoost,27.92929292929293,977.0314489859635
Lunches,CatBoost,28.209343434343435,977.0314489859635
Lunches,CatBoost,28.48939393939394,977.0314489859635
Lunches,CatBoost,28.769444444444446,977.0314489859635
Lunches,CatBoost,29.04949494949495,977.0314489859635
Lunches,CatBoost,29.329545454545453,977.0314489859635
Lunches,CatBoost,29.60959595959596,977.0314489859635
Lunches,CatBoost,29.889646464646464,977.0314489859635
Lunches,CatBoost,30.169696969696968,977.0314489859635
Lunches,CatBoost,30.449747474747475,977.0314489859635
Lunches,CatBoost,30.72979797979798,977.0314489859635
Lunches,CatBoost,31.009848484848483,977.0314489859635
Lunches,CatBoost,31.28989898989899,977.0314489859635
Lunches,CatBoost,31.569949494949494,977.0314489859635
Lunches,CatBoost,31.85,977.0314489859635
Lunches,LightGBM,4.125,1080.1889764863986
Lunches,LightGBM,4.405050505050505,1080.1889764863986
Lunches,LightGBM,4.68510101010101,1080.1889764863986
Lunches,LightGBM,4.965151515151515,1080.1889764863986
Lunches,LightGBM,5.24520202020202,1080.1889764863986
Lunches,LightGBM,5.525252525252525,1080.1889764863986
Lunches,LightGBM,5.80530303030303,1073.467148508266
Lunches,LightGBM,6.085353535353535,1073.467148508266
Lunches,LightGBM,6.365404040404041,1073.467148508266
Lunches,LightGBM,6.6454545454545455,1055.0793355132323
Lunches,LightGBM,6.92550505050505,1096.6876910243639
Lunches,LightGBM,7.205555555555556,1091.6448419443152
Lunches,LightGBM,7.48560606060606,1079.855255070576
Lunches,LightGBM,7.765656565656565,1081.5134290015776
Lunches,LightGBM,8.04570707070707,1092.176920588584
Lunches,LightGBM,8.325757575757576,1082.464411742187
Lunches,LightGBM,8.605808080808082,1085.6073569776015
Lunches,LightGBM,8.885858585858585,1081.7481868010937
Lunches,LightGBM,9.165909090909091,1093.1062796402962
Lunches,LightGBM,9.445959595959597,1089.8007374985098
Lunches,LightGBM,9.7260101010101,1098.9010150400293
Lunches,LightGBM,10.006060606060606,1102.2915564710581
Lunches,LightGBM,10.286111111111111,1101.1382096252091
Lunches,LightGBM,10.566161616161615,1109.7574891885613
Lunches,LightGBM,10.84621212121212,1110.7115626637255
Lunches,LightGBM,11.126262626262626,1112.575625351578
Lunches,LightGBM,11.40631313131313,1113.1520958904682
Lunches,LightGBM,11.686363636363637,1117.3221268260352
Lunches,LightGBM,11.966414141414141,1118.8139288618192
Lunches,LightGBM,12.246464646464647,1122.4062742927072
Lunches,LightGBM,12.526515151515152,1125.8599229304384
Lunches,LightGBM,12.806565656565656,1126.1826877036137
Lunches,LightGBM,13.086616161616162,1128.083984570866
Lunches,LightGBM,13.366666666666667,1138.1623301525165
Lunches,LightGBM,13.646717171717171,1139.077648906362
Lunches,LightGBM,13.926767676767676,1139.2978836528275
Lunches,LightGBM,14.206818181818182,1139.4814625886095
Lunches,LightGBM,14.486868686868688,1144.0711907539296
Lunches,LightGBM,14.766919191919191,1139.697244183785
Lunches,LightGBM,15.046969696969697,1139.3425366881438
Lunches,LightGBM,15.327020202020202,1139.5645988142935
Lunches,LightGBM,15.607070707070706,1139.6032414508775
Lunches,LightGBM,15.887121212121212,1140.396433851872
Lunches,LightGBM,16.16717171717172,1139.3651798446442
Lunches,LightGBM,16.447222222222223,1138.937527631277
Lunches,LightGBM,16.727272727272727,1139.6211361814026
Lunches,LightGBM,17.00732323232323,1131.8632058667524
Lunches,LightGBM,17.287373737373738,1133.1376793610345
Lunches,LightGBM,17.56742424242424,1129.5162450796763
Lunches,LightGBM,17.84747474747475,1129.9000173676914
Lunches,LightGBM,18.127525252525253,1128.439838570627
Lunches,LightGBM,18.407575757575756,1129.374361207309
Lunches,LightGBM,18.68762626262626,1130.4741253668874
Lunches,LightGBM,18.967676767676767,1132.2682947700575
Lunches,LightGBM,19.247727272727275,1132.058877046574
Lunches,LightGBM,19.52777777777778,1131.874395506043
Lunches,LightGBM,19.807828282828282,1129.9402823604526
Lunches,LightGBM,20.087878787878786,1117.0636968891913
Lunches,LightGBM,20.367929292929293,1104.9983426622878
Lunches,LightGBM,20.647979797979797,1105.4325186697433
Lunches,LightGBM,20.928030303030305,1105.3521436664882
Lunches,LightGBM,21.20808080808081,1105.7535671468643
Lunches,LightGBM,21.488131313131312,1105.8563784077755
Lunches,LightGBM,21.76818181818182,1106.1868501142635
Lunches,LightGBM,22.048232323232323,1098.842759702034
Lunches,LightGBM,22.328282828282827,1092.1977327359893
Lunches,LightGBM,22.608333333333334,1091.6288187946543
Lunches,LightGBM,22.888383838383838,1039.474892247037
Lunches,LightGBM,23.168434343434342,1039.474892247037
Lunches,LightGBM,23.44848484848485,1069.6025910581832
Lunches,LightGBM,23.728535353535353,1066.0870723042221
Lunches,LightGBM,24.00858585858586,1066.4137955166084
Lunches,LightGBM,24.288636363636364,1080.0201951755403
Lunches,LightGBM,24.568686868686868,1080.0201951755403
Lunches,LightGBM,24.848737373737375,1055.565413370033
Lunches,LightGBM,25.12878787878788,1051.5727779815027
Lunches,LightGBM,25.408838383838383,1051.5727779815027
Lunches,LightGBM,25.68888888888889,1051.108437973493
Lunches,LightGBM,25.968939393939394,1038.193421071888
Lunches,LightGBM,26.248989898989898,1038.193421071888
Lunches,LightGBM,26.529040404040405,1004.8252158114378
Lunches,LightGBM,26.80909090909091,989.6950870954447
Lunches,LightGBM,27.089141414141412,989.6950870954447
Lunches,LightGBM,27.36919191919192,989.6950870954447
Lunches,LightGBM,27.649242424242424,986.84901854837
Lunches,LightGBM,27.92929292929293,959.0639910189298
Lunches,LightGBM,28.209343434343435,959.0639910189298
Lunches,LightGBM,28.48939393939394,959.0639910189298
Lunches,LightGBM,28.769444444444446,959.0639910189298
Lunches,LightGBM,29.04949494949495,959.0639910189298
Lunches,LightGBM,29.329545454545453,960.9303096152281
Lunches,LightGBM,29.60959595959596,960.9303096152281
Lunches,LightGBM,29.889646464646464,960.9303096152281
Lunches,LightGBM,30.169696969696968,960.9303096152281
Lunches,LightGBM,30.449747474747475,960.9303096152281
Lunches,LightGBM,30.72979797979798,960.9303096152281
Lunches,LightGBM,31.009848484848483,960.9303096152281
Lunches,LightGBM,31.28989898989899,960.9303096152281
Lunches,LightGBM,31.569949494949494,960.9303096152281
Lunches,LightGBM,31.85,960.9303096152281
Lunches,XGBoost,4.125,1071.5711669921875
Lunches,XGBoost,4.405050505050505,1071.5711669921875
Lunches,XGBoost,4.68510101010101,1071.5711669921875
Lunches,XGBoost,4.965151515151515,1071.5711669921875
Lunches,XGBoost,5.24520202020202,1076.660888671875
Lunches,XGBoost,5.525252525252525,1076.660888671875
Lunches,XGBoost,5.80530303030303,1079.982666015625
Lunches,XGBoost,6.085353535353535,1069.6353759765625
Lunches,XGBoost,6.365404040404041,1055.0604248046875
Lunches,XGBoost,6.6454545454545455,1037.98193359375
Lunches,XGBoost,6.92550505050505,1112.3245849609375
Lunches,XGBoost,7.205555555555556,1117.82275390625
Lunches,XGBoost,7.48560606060606,1077.6041259765625
Lunches,XGBoost,7.765656565656565,1087.7047119140625
Lunches,XGBoost,8.04570707070707,1128.5609130859375
Lunches,XGBoost,8.325757575757576,1078.605224609375
Lunches,XGBoost,8.605808080808082,1074.0670166015625
Lunches,XGBoost,8.885858585858585,1082.8831787109375
Lunches,XGBoost,9.165909090909091,1107.6387939453125
Lunches,XGBoost,9.445959595959597,1084.0758056640625
Lunches,XGBoost,9.7260101010101,1105.478759765625
Lunches,XGBoost,10.006060606060606,1114.3363037109375
Lunches,XGBoost,10.286111111111111,1092.049560546875
Lunches,XGBoost,10.566161616161615,1114.0958251953125
Lunches,XGBoost,10.84621212121212,1101.3531494140625
Lunches,XGBoost,11.126262626262626,1120.7274169921875
Lunches,XGBoost,11.40631313131313,1122.186279296875
Lunches,XGBoost,11.686363636363637,1141.16015625
Lunches,XGBoost,11.966414141414141,1114.5299072265625
Lunches,XGBoost,12.246464646464647,1128.0767822265625
Lunches,XGBoost,12.526515151515152,1120.046630859375
Lunches,XGBoost,12.806565656565656,1119.13720703125
Lunches,XGBoost,13.086616161616162,1123.6807861328125
Lunches,XGBoost,13.366666666666667,1141.2127685546875
Lunches,XGBoost,13.646717171717171,1140.0179443359375
Lunches,XGBoost,13.926767676767676,1153.4146728515625
Lunches,XGBoost,14.206818181818182,1149.554443359375
Lunches,XGBoost,14.486868686868688,1150.8397216796875
Lunches,XGBoost,14.766919191919191,1134.89208984375
Lunches,XGBoost,15.046969696969697,1136.744873046875
Lunches,XGBoost,15.327020202020202,1146.23046875
Lunches,XGBoost,15.607070707070706,1147.5689697265625
Lunches,XGBoost,15.887121212121212,1154.2568359375
Lunches,XGBoost,16.16717171717172,1139.0526123046875
Lunches,XGBoost,16.447222222222223,1139.67041015625
Lunches,XGBoost,16.727272727272727,1136.8876953125
Lunches,XGBoost,17.00732323232323,1131.643798828125
Lunches,XGBoost,17.287373737373738,1130.6181640625
Lunches,XGBoost,17.56742424242424,1128.4415283203125
Lunches,XGBoost,17.84747474747475,1126.996826171875
Lunches,XGBoost,18.127525252525253,1124.4339599609375
Lunches,XGBoost,18.407575757575756,1127.259521484375
Lunches,XGBoost,18.68762626262626,1121.517578125
Lunches,XGBoost,18.967676767676767,1132.0458984375
Lunches,XGBoost,19.247727272727275,1124.03369140625
Lunches,XGBoost,19.52777777777778,1126.8037109375
Lunches,XGBoost,19.807828282828282,1136.5330810546875
Lunches,XGBoost,20.087878787878786,1117.4476318359375
Lunches,XGBoost,20.367929292929293,1102.4998779296875
Lunches,XGBoost,20.647979797979797,1108.00390625
Lunches,XGBoost,20.928030303030305,1105.2005615234375
Lunches,XGBoost,21.20808080808081,1104.7769775390625
Lunches,XGBoost,21.488131313131312,1102.878662109375
Lunches,XGBoost,21.76818181818182,1104.55712890625
Lunches,XGBoost,22.048232323232323,1099.7098388671875
Lunches,XGBoost,22.328282828282827,1093.5784912109375
Lunches,XGBoost,22.608333333333334,1088.006591796875
Lunches,XGBoost,22.888383838383838,1051.8173828125
Lunches,XGBoost,23.168434343434342,1062.4542236328125
Lunches,XGBoost,23.44848484848485,1062.4542236328125
Lunches,XGBoost,23.728535353535353,1063.7547607421875
Lunches,XGBoost,24.00858585858586,1071.8681640625
Lunches,XGBoost,24.288636363636364,1071.8681640625
Lunches,XGBoost,24.568686868686868,1061.6610107421875
Lunches,XGBoost,24.848737373737375,1061.6610107421875
Lunches,XGBoost,25.12878787878788,1061.6610107421875
Lunches,XGBoost,25.408838383838383,1047.5655517578125
Lunches,XGBoost,25.68888888888889,1035.1536865234375
Lunches,XGBoost,25.968939393939394,1035.1536865234375
Lunches,XGBoost,26.248989898989898,1035.1536865234375
Lunches,XGBoost,26.529040404040405,1035.1536865234375
Lunches,XGBoost,26.80909090909091,1021.1177368164062
Lunches,XGBoost,27.089141414141412,1021.1177368164062
Lunches,XGBoost,27.36919191919192,1021.1177368164062
Lunches,XGBoost,27.649242424242424,1021.1177368164062
Lunches,XGBoost,27.92929292929293,1007.0820922851562
Lunches,XGBoost,28.209343434343435,1007.0820922851562
Lunches,XGBoost,28.48939393939394,1007.0820922851562
Lunches,XGBoost,28.769444444444446,1007.0820922851562
Lunches,XGBoost,29.04949494949495,1007.0820922851562
Lunches,XGBoost,29.329545454545453,1007.0820922851562
Lunches,XGBoost,29.60959595959596,1007.0820922851562
Lunches,XGBoost,29.889646464646464,1007.0820922851562
Lunches,XGBoost,30.169696969696968,1007.0820922851562
Lunches,XGBoost,30.449747474747475,1007.0820922851562
Lunches,XGBoost,30.72979797979798,1007.0820922851562
Lunches,XGBoost,31.009848484848483,1007.0820922851562
Lunches,XGBoost,31.28989898989899,1007.0820922851562
Lunches,XGBoost,31.569949494949494,1007.0820922851562
Lunches,XGBoost,31.85,1007.0820922851562
Afternoons,CatBoost,2.225,1238.9527414201036
Afternoons,CatBoost,2.5169191919191922,1238.9527414201036
Afternoons,CatBoost,2.808838383838384,1238.9527414201036
Afternoons,CatBoost,3.1007575757575756,1238.9527414201036
Afternoons,CatBoost,3.3926767676767677,1238.9527414201036
Afternoons,CatBoost,3.68459595959596,1238.9527414201036
Afternoons,CatBoost,3.9765151515151516,1178.5146727987296
Afternoons,CatBoost,4.268434343434343,1179.736215202324
Afternoons,CatBoost,4.560353535353535,1178.9193001842705
Afternoons,CatBoost,4.852272727272727,1178.9684004934156
Afternoons,CatBoost,5.144191919191919,1179.3107549714819
Afternoons,CatBoost,5.436111111111112,1179.3107549714819
Afternoons,CatBoost,5.7280303030303035,1200.7123154977048
Afternoons,CatBoost,6.019949494949495,1209.4348258238108
Afternoons,CatBoost,6.311868686868687,1188.5513674351985
Afternoons,CatBoost,6.6037878787878785,1186.2906757908897
Afternoons,CatBoost,6.89570707070707,1188.6003647659163
Afternoons,CatBoost,7.187626262626262,1188.6003647659163
Afternoons,CatBoost,7.479545454545454,1224.9216649896748
Afternoons,CatBoost,7.771464646464647,1211.1151058693545
Afternoons,CatBoost,8.063383838383839,1206.3830490519379
Afternoons,CatBoost,8.35530303030303,1221.2347092385792
Afternoons,CatBoost,8.647222222222222,1202.0825820456562
Afternoons,CatBoost,8.939141414141414,1224.6867671424363
Afternoons,CatBoost,9.231060606060606,1234.1501432824502
Afternoons,CatBoost,9.522979797979797,1239.6583554672293
Afternoons,CatBoost,9.814898989898989,1237.7413458476633
Afternoons,CatBoost,10.106818181818182,1235.0567465249305
Afternoons,CatBoost,10.398737373737374,1236.3602726686258
Afternoons,CatBoost,10.690656565656566,1236.2109102739942
Afternoons,CatBoost,10.982575757575757,1236.7215321260205
Afternoons,CatBoost,11.27449494949495,1237.149642728647
Afternoons,CatBoost,11.56641414141414,1230.677626498787
Afternoons,CatBoost,11.858333333333333,1231.794842040669
Afternoons,CatBoost,12.150252525252524,1233.896529768168
Afternoons,CatBoost,12.442171717171716,1236.9456261933203
Afternoons,CatBoost,12.734090909090908,1238.1082356239674
Afternoons,CatBoost,13.026010101010101,1252.8106997411444
Afternoons,CatBoost,13.317929292929293,1248.897486442571
Afternoons,CatBoost,13.609848484848484,1238.6912858982641
Afternoons,CatBoost,13.901767676767676,1236.2919339965138
Afternoons,CatBoost,14.193686868686868,1241.3927997152214
Afternoons,CatBoost,14.48560606060606,1245.136658362145
Afternoons,CatBoost,14.777525252525251,1242.8325502512153
Afternoons,CatBoost,15.069444444444445,1242.916672353742
Afternoons,CatBoost,15.361363636363636,1242.7984535051962
Afternoons,CatBoost,15.653282828282828,1237.5458524205224
Afternoons,CatBoost,15.94520202020202,1237.471699675521
Afternoons,CatBoost,16.237121212121213,1237.7023586448397
Afternoons,CatBoost,16.529040404040405,1237.714065850658
Afternoons,CatBoost,16.820959595959597,1228.2850222311654
Afternoons,CatBoost,17.11287878787879,1232.943183704307
Afternoons,CatBoost,17.40479797979798,1223.2196299714863
Afternoons,CatBoost,17.69671717171717,1222.4631493414968
Afternoons,CatBoost,17.988636363636363,1224.6688947001292
Afternoons,CatBoost,18.280555555555555,1225.4527655851361
Afternoons,CatBoost,18.57247474747475,1201.714482690472
Afternoons,CatBoost,18.864393939393942,1201.714482690472
Afternoons,CatBoost,19.156313131313134,1291.3718841300345
Afternoons,CatBoost,19.448232323232325,1229.0968156785932
Afternoons,CatBoost,19.740151515151517,1240.3709851140259
Afternoons,CatBoost,20.03207070707071,1238.7602909406128
Afternoons,CatBoost,20.3239898989899,1235.9601181782898
Afternoons,CatBoost,20.615909090909092,1239.115793266414
Afternoons,CatBoost,20.907828282828284,1233.2268253856473
Afternoons,CatBoost,21.199747474747475,1211.2378075914253
Afternoons,CatBoost,21.491666666666667,1157.6125000661461
Afternoons,CatBoost,21.78358585858586,1153.3504056061668
Afternoons,CatBoost,22.07550505050505,1155.4246194379812
Afternoons,CatBoost,22.367424242424242,1155.4246194379812
Afternoons,CatBoost,22.659343434343434,1155.4246194379812
Afternoons,CatBoost,22.951262626262626,1155.4246194379812
Afternoons,CatBoost,23.243181818181817,1143.507931581044
Afternoons,CatBoost,23.535101010101013,1143.507931581044
Afternoons,CatBoost,23.827020202020204,1143.507931581044
Afternoons,CatBoost,24.118939393939396,1143.507931581044
Afternoons,CatBoost,24.410858585858588,1137.8848052330884
Afternoons,CatBoost,24.70277777777778,1137.8848052330884
Afternoons,CatBoost,24.99469696969697,1137.8848052330884
Afternoons,CatBoost,25.286616161616163,1157.700032853944
Afternoons,CatBoost,25.578535353535354,1157.700032853944
Afternoons,CatBoost,25.870454545454546,1157.700032853944
Afternoons,CatBoost,26.162373737373738,1157.700032853944
Afternoons,CatBoost,26.45429292929293,1114.9825946594626
Afternoons,CatBoost,26.74621212121212,1114.9825946594626
Afternoons,CatBoost,27.038131313131313,1114.9825946594626
Afternoons,CatBoost,27.330050505050504,1114.9825946594626
Afternoons,CatBoost,27.621969696969696,1114.9825946594626
Afternoons,CatBoost,27.91388888888889,1114.9825946594626
Afternoons,CatBoost,28.205808080808083,1114.9825946594626
Afternoons,CatBoost,28.497727272727275,1114.9825946594626
Afternoons,CatBoost,28.789646464646466,1114.9825946594626
Afternoons,CatBoost,29.081565656565658,1114.9825946594626
Afternoons,CatBoost,29.37348484848485,1114.9825946594626
Afternoons,CatBoost,29.66540404040404,1114.9825946594626
Afternoons,CatBoost,29.957323232323233,1114.9825946594626
Afternoons,CatBoost,30.249242424242425,1114.9825946594626
Afternoons,CatBoost,30.541161616161617,1114.9825946594626
Afternoons,CatBoost,30.83308080808081,1114.9825946594626
Afternoons,CatBoost,31.125,1114.9825946594626
Afternoons,LightGBM,2.225,1245.823077505556
Afternoons,LightGBM,2.5169191919191922,1245.823077505556
Afternoons,LightGBM,2.808838383838384,1245.823077505556
Afternoons,LightGBM,3.1007575757575756,1245.823077505556
Afternoons,LightGBM,3.3926767676767677,1245.823077505556
Afternoons,LightGBM,3.68459595959596,1245.823077505556
Afternoons,LightGBM,3.9765151515151516,1176.7637714598247
Afternoons,LightGBM,4.268434343434343,1172.4052034224255
Afternoons,LightGBM,4.560353535353535,1172.4052034224255
Afternoons,LightGBM,4.852272727272727,1169.8205704447087
Afternoons,LightGBM,5.144191919191919,1171.4429308231768
Afternoons,LightGBM,5.436111111111112,1171.3685420222441
Afternoons,LightGBM,5.7280303030303035,1196.7902237132246
Afternoons,LightGBM,6.019949494949495,1222.5831747873183
Afternoons,LightGBM,6.311868686868687,1178.1179851235147
Afternoons,LightGBM,6.6037878787878785,1176.143416671282
Afternoons,LightGBM,6.89570707070707,1182.5641135520455
Afternoons,LightGBM,7.187626262626262,1181.785682971519
Afternoons,LightGBM,7.479545454545454,1221.8932762087447
Afternoons,LightGBM,7.771464646464647,1201.2342177503901
Afternoons,LightGBM,8.063383838383839,1202.917480510703
Afternoons,LightGBM,8.35530303030303,1203.4629377812937
Afternoons,LightGBM,8.647222222222222,1202.8999470439603
Afternoons,LightGBM,8.939141414141414,1213.4573750629058
Afternoons,LightGBM,9.231060606060606,1220.2167640105608
Afternoons,LightGBM,9.522979797979797,1232.4665075645707
Afternoons,LightGBM,9.814898989898989,1232.1912293891792
Afternoons,LightGBM,10.106818181818182,1231.483687262308
Afternoons,LightGBM,10.398737373737374,1235.2969133596769
Afternoons,LightGBM,10.690656565656566,1236.822127108976
Afternoons,LightGBM,10.982575757575757,1235.6992756491716
Afternoons,LightGBM,11.27449494949495,1236.3558740877313
Afternoons,LightGBM,11.56641414141414,1233.1083024547465
Afternoons,LightGBM,11.858333333333333,1232.3425159811966
Afternoons,LightGBM,12.150252525252524,1233.5705565386127
Afternoons,LightGBM,12.442171717171716,1234.204494059229
Afternoons,LightGBM,12.734090909090908,1235.2968894185394
Afternoons,LightGBM,13.026010101010101,1238.7564140185063
Afternoons,LightGBM,13.317929292929293,1239.2750967304412
Afternoons,LightGBM,13.609848484848484,1238.8451272493119
Afternoons,LightGBM,13.901767676767676,1238.8582014313815
Afternoons,LightGBM,14.193686868686868,1242.2972628704026
Afternoons,LightGBM,14.48560606060606,1241.9624213761374
Afternoons,LightGBM,14.777525252525251,1241.9401607803372
Afternoons,LightGBM,15.069444444444445,1240.5562027531103
Afternoons,LightGBM,15.361363636363636,1242.5300503271837
Afternoons,LightGBM,15.653282828282828,1235.5587421170942
Afternoons,LightGBM,15.94520202020202,1231.873866358714
Afternoons,LightGBM,16.237121212121213,1226.652505047365
Afternoons,LightGBM,16.529040404040405,1228.874429766986
Afternoons,LightGBM,16.820959595959597,1226.8527842451902
Afternoons,LightGBM,17.11287878787879,1227.058752197059
Afternoons,LightGBM,17.40479797979798,1219.9682733282734
Afternoons,LightGBM,17.69671717171717,1217.082041863021
Afternoons,LightGBM,17.988636363636363,1217.3262058265443
Afternoons,LightGBM,18.280555555555555,1217.5738435717822
Afternoons,LightGBM,18.57247474747475,1191.0753288363371
Afternoons,LightGBM,18.864393939393942,1188.04777416433
Afternoons,LightGBM,19.156313131313134,1255.2712484060173
Afternoons,LightGBM,19.448232323232325,1175.413411453863
Afternoons,LightGBM,19.740151515151517,1250.7168613100223
Afternoons,LightGBM,20.03207070707071,1235.700859231378
Afternoons,LightGBM,20.3239898989899,1248.0840860863195
Afternoons,LightGBM,20.615909090909092,1248.8671889524921
Afternoons,LightGBM,20.907828282828284,1236.4449608026566
Afternoons,LightGBM,21.199747474747475,1234.6784968119025
Afternoons,LightGBM,21.491666666666667,1125.8496036609195
Afternoons,LightGBM,21.78358585858586,1150.0614142302406
Afternoons,LightGBM,22.07550505050505,1154.120031363927
Afternoons,LightGBM,22.367424242424242,1155.049539025006
Afternoons,LightGBM,22.659343434343434,1155.049539025006
Afternoons,LightGBM,22.951262626262626,1145.8109199737487
Afternoons,LightGBM,23.243181818181817,1147.0921032823542
Afternoons,LightGBM,23.535101010101013,1147.0921032823542
Afternoons,LightGBM,23.827020202020204,1145.0993052811823
Afternoons,LightGBM,24.118939393939396,1144.6844872215872
Afternoons,LightGBM,24.410858585858588,1144.8037803609604
Afternoons,LightGBM,24.70277777777778,1144.8037803609604
Afternoons,LightGBM,24.99469696969697,1145.0827876338199
Afternoons,LightGBM,25.286616161616163,1145.0827876338199
Afternoons,LightGBM,25.578535353535354,1142.555603022706
Afternoons,LightGBM,25.870454545454546,1142.555603022706
Afternoons,LightGBM,26.162373737373738,1141.9124894581157
Afternoons,LightGBM,26.45429292929293,1140.8540019417253
Afternoons,LightGBM,26.74621212121212,1140.8540019417253
Afternoons,LightGBM,27.038131313131313,1140.8540019417253
Afternoons,LightGBM,27.330050505050504,1058.893940845809
Afternoons,LightGBM,27.621969696969696,1058.893940845809
Afternoons,LightGBM,27.91388888888889,1058.893940845809
Afternoons,LightGBM,28.205808080808083,1058.893940845809
Afternoons,LightGBM,28.497727272727275,1058.893940845809
Afternoons,LightGBM,28.789646464646466,1058.893940845809
Afternoons,LightGBM,29.081565656565658,1058.893940845809
Afternoons,LightGBM,29.37348484848485,1058.893940845809
Afternoons,LightGBM,29.66540404040404,1058.893940845809
Afternoons,LightGBM,29.957323232323233,1058.893940845809
Afternoons,LightGBM,30.249242424242425,1058.893940845809
Afternoons,LightGBM,30.541161616161617,1058.893940845809
Afternoons,LightGBM,30.83308080808081,1058.893940845809
Afternoons,LightGBM,31.125,1058.893940845809
Afternoons,XGBoost,2.225,1219.511962890625
Afternoons,XGBoost,2.5169191919191922,1219.511962890625
Afternoons,XGBoost,2.808838383838384,1219.511962890625
Afternoons,XGBoost,3.1007575757575756,1219.511962890625
Afternoons,XGBoost,3.3926767676767677,1219.511962890625
Afternoons,XGBoost,3.68459595959596,1219.511962890625
Afternoons,XGBoost,3.9765151515151516,1195.5941162109375
Afternoons,XGBoost,4.268434343434343,1191.05859375
Afternoons,XGBoost,4.560353535353535,1191.2764892578125
Afternoons,XGBoost,4.852272727272727,1190.8768310546875
Afternoons,XGBoost,5.144191919191919,1189.557861328125
Afternoons,XGBoost,5.436111111111112,1189.4954833984375
Afternoons,XGBoost,5.7280303030303035,1196.2623291015625
Afternoons,XGBoost,6.019949494949495,1220.7891845703125
Afternoons,XGBoost,6.311868686868687,1198.729736328125
Afternoons,XGBoost,6.6037878787878785,1181.2119140625
Afternoons,XGBoost,6.89570707070707,1183.9510498046875
Afternoons,XGBoost,7.187626262626262,1186.0191650390625
Afternoons,XGBoost,7.479545454545454,1225.411865234375
Afternoons,XGBoost,7.771464646464647,1211.1947021484375
Afternoons,XGBoost,8.063383838383839,1207.1619873046875
Afternoons,XGBoost,8.35530303030303,1206.2303466796875
Afternoons,XGBoost,8.647222222222222,1166.80810546875
Afternoons,XGBoost,8.939141414141414,1229.795166015625
Afternoons,XGBoost,9.231060606060606,1253.9432373046875
Afternoons,XGBoost,9.522979797979797,1235.794189453125
Afternoons,XGBoost,9.814898989898989,1241.56396484375
Afternoons,XGBoost,10.106818181818182,1232.21533203125
Afternoons,XGBoost,10.398737373737374,1234.0986328125
Afternoons,XGBoost,10.690656565656566,1235.345458984375
Afternoons,XGBoost,10.982575757575757,1237.2149658203125
Afternoons,XGBoost,11.27449494949495,1236.446533203125
Afternoons,XGBoost,11.56641414141414,1237.6123046875
Afternoons,XGBoost,11.858333333333333,1240.9830322265625
Afternoons,XGBoost,12.150252525252524,1236.5103759765625
Afternoons,XGBoost,12.442171717171716,1232.8062744140625
Afternoons,XGBoost,12.734090909090908,1234.866943359375
Afternoons,XGBoost,13.026010101010101,1246.5914306640625
Afternoons,XGBoost,13.317929292929293,1257.976806640625
Afternoons,XGBoost,13.609848484848484,1242.61767578125
Afternoons,XGBoost,13.901767676767676,1246.92919921875
Afternoons,XGBoost,14.193686868686868,1248.00537109375
Afternoons,XGBoost,14.48560606060606,1248.2349853515625
Afternoons,XGBoost,14.777525252525251,1248.4342041015625
Afternoons,XGBoost,15.069444444444445,1244.4229736328125
Afternoons,XGBoost,15.361363636363636,1243.54833984375
Afternoons,XGBoost,15.653282828282828,1236.3182373046875
Afternoons,XGBoost,15.94520202020202,1234.0299072265625
Afternoons,XGBoost,16.237121212121213,1234.19482421875
Afternoons,XGBoost,16.529040404040405,1234.447265625
Afternoons,XGBoost,16.820959595959597,1223.2266845703125
Afternoons,XGBoost,17.11287878787879,1224.21728515625
Afternoons,XGBoost,17.40479797979798,1222.929931640625
Afternoons,XGBoost,17.69671717171717,1219.5159912109375
Afternoons,XGBoost,17.988636363636363,1222.054931640625
Afternoons,XGBoost,18.280555555555555,1222.9100341796875
Afternoons,XGBoost,18.57247474747475,1212.650634765625
Afternoons,XGBoost,18.864393939393942,1216.807373046875
Afternoons,XGBoost,19.156313131313134,1237.2596435546875
Afternoons,XGBoost,19.448232323232325,1225.67822265625
Afternoons,XGBoost,19.740151515151517,1227.76708984375
Afternoons,XGBoost,20.03207070707071,1226.0252685546875
Afternoons,XGBoost,20.3239898989899,1225.0186767578125
Afternoons,XGBoost,20.615909090909092,1230.5303955078125
Afternoons,XGBoost,20.907828282828284,1229.755859375
Afternoons,XGBoost,21.199747474747475,1238.5460205078125
Afternoons,XGBoost,21.491666666666667,1166.5819091796875
Afternoons,XGBoost,21.78358585858586,1159.4134521484375
Afternoons,XGBoost,22.07550505050505,1161.543701171875
Afternoons,XGBoost,22.367424242424242,1161.543701171875
Afternoons,XGBoost,22.659343434343434,1161.543701171875
Afternoons,XGBoost,22.951262626262626,1156.962646484375
Afternoons,XGBoost,23.243181818181817,1152.875244140625
Afternoons,XGBoost,23.535101010101013,1152.875244140625
Afternoons,XGBoost,23.827020202020204,1152.875244140625
Afternoons,XGBoost,24.118939393939396,1144.1925048828125
Afternoons,XGBoost,24.410858585858588,1144.1925048828125
Afternoons,XGBoost,24.70277777777778,1144.1925048828125
Afternoons,XGBoost,24.99469696969697,1144.1925048828125
Afternoons,XGBoost,25.286616161616163,1146.1778564453125
Afternoons,XGBoost,25.578535353535354,1146.1778564453125
Afternoons,XGBoost,25.870454545454546,1146.1778564453125
Afternoons,XGBoost,26.162373737373738,1146.1778564453125
Afternoons,XGBoost,26.45429292929293,1134.4400634765625
Afternoons,XGBoost,26.74621212121212,1134.4400634765625
Afternoons,XGBoost,27.038131313131313,1134.4400634765625
Afternoons,XGBoost,27.330050505050504,1134.4400634765625
Afternoons,XGBoost,27.621969696969696,1134.4400634765625
Afternoons,XGBoost,27.91388888888889,1134.4400634765625
Afternoons,XGBoost,28.205808080808083,1134.4400634765625
Afternoons,XGBoost,28.497727272727275,1134.4400634765625
Afternoons,XGBoost,28.789646464646466,1134.4400634765625
Afternoons,XGBoost,29.081565656565658,1134.4400634765625
Afternoons,XGBoost,29.37348484848485,1134.4400634765625
Afternoons,XGBoost,29.66540404040404,1134.4400634765625
Afternoons,XGBoost,29.957323232323233,1134.4400634765625
Afternoons,XGBoost,30.249242424242425,1134.4400634765625
Afternoons,XGBoost,30.541161616161617,1134.4400634765625
Afternoons,XGBoost,30.83308080808081,1134.4400634765625
Afternoons,XGBoost,31.125,1101.21337890625
Evenings,CatBoost,1.575,534.0698706222804
Evenings,CatBoost,1.8815656565656567,534.0698706222804
Evenings,CatBoost,2.188131313131313,534.0698706222804
Evenings,CatBoost,2.4946969696969696,534.0698706222804
Evenings,CatBoost,2.801262626262626,534.0698706222804
Evenings,CatBoost,3.107828282828283,534.0698706222804
Evenings,CatBoost,3.4143939393939395,458.16873339192665
Evenings,CatBoost,3.720959595959596,458.16873339192665
Evenings,CatBoost,4.027525252525253,487.22901193529424
Evenings,CatBoost,4.334090909090909,491.8549386476146
Evenings,CatBoost,4.640656565656566,495.6676384079231
Evenings,CatBoost,4.947222222222223,499.60712581344194
Evenings,CatBoost,5.253787878787879,499.60712581344194
Evenings,CatBoost,5.560353535353536,501.24296315509685
Evenings,CatBoost,5.866919191919193,495.0193858779267
Evenings,CatBoost,6.173484848484849,503.7200866752403
Evenings,CatBoost,6.480050505050506,507.94174982396584
Evenings,CatBoost,6.786616161616163,508.9982114302655
Evenings,CatBoost,7.093181818181819,480.3569057198223
Evenings,CatBoost,7.399747474747476,464.8896135462251
Evenings,CatBoost,7.706313131313132,492.5694048275036
Evenings,CatBoost,8.012878787878789,515.0492627204843
Evenings,CatBoost,8.319444444444445,513.3787349133095
Evenings,CatBoost,8.6260101010101,518.4066196653362
Evenings,CatBoost,8.932575757575759,518.6323333645372
Evenings,CatBoost,9.239141414141415,506.16471700450523
Evenings,CatBoost,9.54570707070707,516.7690341228229
Evenings,CatBoost,9.852272727272727,520.6398049027723
Evenings,CatBoost,10.158838383838384,520.48894479403
Evenings,CatBoost,10.46540404040404,526.1850550369792
Evenings,CatBoost,10.771969696969697,512.5848153493238
Evenings,CatBoost,11.078535353535354,514.0232028493073
Evenings,CatBoost,11.38510101010101,535.6606136708366
Evenings,CatBoost,11.691666666666666,525.2251423274877
Evenings,CatBoost,11.998232323232324,524.1461197022458
Evenings,CatBoost,12.30479797979798,536.2151581720151
Evenings,CatBoost,12.611363636363636,552.0087329970519
Evenings,CatBoost,12.917929292929294,550.6962669235003
Evenings,CatBoost,13.22449494949495,546.6467970328101
Evenings,CatBoost,13.531060606060606,546.091518134633
Evenings,CatBoost,13.837626262626262,532.9971376194904
Evenings,CatBoost,14.14419191919192,532.4275800849475
Evenings,CatBoost,14.450757575757576,552.3413046158748
Evenings,CatBoost,14.757323232323232,551.5285152572984
Evenings,CatBoost,15.06388888888889,566.6166149075832
Evenings,CatBoost,15.370454545454546,582.0312377484149
Evenings,CatBoost,15.677020202020202,582.3535001711192
Evenings,CatBoost,15.98358585858586,572.3035779592988
Evenings,CatBoost,16.290151515151518,597.9930701559239
Evenings,CatBoost,16.596717171717174,597.6594652338626
Evenings,CatBoost,16.90328282828283,589.2318283793387
Evenings,CatBoost,17.209848484848486,613.0369663391533
Evenings,CatBoost,17.516414141414142,593.4500328530548
Evenings,CatBoost,17.822979797979798,591.4193385136782
Evenings,CatBoost,18.129545454545454,591.4193385136782
Evenings,CatBoost,18.436111111111114,594.4468475059289
Evenings,CatBoost,18.74267676767677,596.5103062272154
Evenings,CatBoost,19.049242424242426,597.531124713311
Evenings,CatBoost,19.35580808080808,590.9396335907727
Evenings,CatBoost,19.662373737373738,589.7334004327652
Evenings,CatBoost,19.968939393939394,595.4584718268554
Evenings,CatBoost,20.275505050505053,607.2793951790557
Evenings,CatBoost,20.58207070707071,608.8413596982273
Evenings,CatBoost,20.888636363636365,631.7802626650879
Evenings,CatBoost,21.19520202020202,595.5931997025729
Evenings,CatBoost,21.501767676767678,595.7301945514378
Evenings,CatBoost,21.808333333333334,595.7301945514378
Evenings,CatBoost,22.11489898989899,594.8613952063123
Evenings,CatBoost,22.42146464646465,594.7469144757328
Evenings,CatBoost,22.728030303030305,593.2811650394372
Evenings,CatBoost,23.03459595959596,583.1854044493468
Evenings,CatBoost,23.341161616161617,611.0759544600633
Evenings,CatBoost,23.647727272727273,611.0759544600633
Evenings,CatBoost,23.95429292929293,611.0759544600633
Evenings,CatBoost,24.26085858585859,611.0759544600633
Evenings,CatBoost,24.567424242424245,595.6085989266991
Evenings,CatBoost,24.8739898989899,595.6085989266991
Evenings,CatBoost,25.180555555555557,595.6085989266991
Evenings,CatBoost,25.487121212121213,595.6085989266991
Evenings,CatBoost,25.79368686868687,609.416715539385
Evenings,CatBoost,26.100252525252525,609.416715539385
Evenings,CatBoost,26.406818181818185,609.416715539385
Evenings,CatBoost,26.71338383838384,561.8099196961201
Evenings,CatBoost,27.019949494949497,561.8099196961201
Evenings,CatBoost,27.326515151515153,561.8099196961201
Evenings,CatBoost,27.63308080808081,561.8099196961201
Evenings,CatBoost,27.939646464646465,561.8099196961201
Evenings,CatBoost,28.246212121212125,561.8099196961201
Evenings,CatBoost,28.55277777777778,561.8099196961201
Evenings,CatBoost,28.859343434343437,561.8099196961201
Evenings,CatBoost,29.165909090909093,561.8099196961201
Evenings,CatBoost,29.47247474747475,561.8099196961201
Evenings,CatBoost,29.779040404040405,561.8099196961201
Evenings,CatBoost,30.085606060606064,561.8099196961201
Evenings,CatBoost,30.39217171717172,561.8099196961201
Evenings,CatBoost,30.698737373737377,561.8099196961201
Evenings,CatBoost,31.005303030303033,561.8099196961201
Evenings,CatBoost,31.31186868686869,561.8099196961201
Evenings,CatBoost,31.618434343434345,561.8099196961201
Evenings,CatBoost,31.925,561.8099196961201
Evenings,LightGBM,1.575,513.0923938795596
Evenings,LightGBM,1.8815656565656567,513.0923938795596
Evenings,LightGBM,2.188131313131313,513.0923938795596
Evenings,LightGBM,2.4946969696969696,513.0923938795596
Evenings,LightGBM,2.801262626262626,513.0923938795596
Evenings,LightGBM,3.107828282828283,513.0923938795596
Evenings,LightGBM,3.4143939393939395,494.86471703636414
Evenings,LightGBM,3.720959595959596,494.86471703636414
Evenings,LightGBM,4.027525252525253,499.1930503764655
Evenings,LightGBM,4.334090909090909,499.1930503764655
Evenings,LightGBM,4.640656565656566,499.3766826547472
Evenings,LightGBM,4.947222222222223,499.3127356908783
Evenings,LightGBM,5.253787878787879,498.2968612334442
Evenings,LightGBM,5.560353535353536,497.2616434892647
Evenings,LightGBM,5.866919191919193,499.28339318009375
Evenings,LightGBM,6.173484848484849,509.2186167195769
Evenings,LightGBM,6.480050505050506,513.9482067543178
Evenings,LightGBM,6.786616161616163,513.4151109534123
Evenings,LightGBM,7.093181818181819,511.06291794361454
Evenings,LightGBM,7.399747474747476,491.22424011965285
Evenings,LightGBM,7.706313131313132,492.28012992430564
Evenings,LightGBM,8.012878787878789,511.97044633396354
Evenings,LightGBM,8.319444444444445,511.8898199202143
Evenings,LightGBM,8.6260101010101,516.1381928826154
Evenings,LightGBM,8.932575757575759,516.6327743378573
Evenings,LightGBM,9.239141414141415,514.5622941841787
Evenings,LightGBM,9.54570707070707,517.8339112854566
Evenings,LightGBM,9.852272727272727,517.8636347209865
Evenings,LightGBM,10.158838383838384,517.3898296126597
Evenings,LightGBM,10.46540404040404,515.6854707583656
Evenings,LightGBM,10.771969696969697,511.3378682434882
Evenings,LightGBM,11.078535353535354,528.2758785114669
Evenings,LightGBM,11.38510101010101,531.2356634065654
Evenings,LightGBM,11.691666666666666,530.7384720703569
Evenings,LightGBM,11.998232323232324,530.9511705810492
Evenings,LightGBM,12.30479797979798,534.4216871941367
Evenings,LightGBM,12.611363636363636,550.1607994498241
Evenings,LightGBM,12.917929292929294,549.2672706276086
Evenings,LightGBM,13.22449494949495,547.840883400669
Evenings,LightGBM,13.531060606060606,547.2616107798444
Evenings,LightGBM,13.837626262626262,546.0723550635245
Evenings,LightGBM,14.14419191919192,544.1445108147109
Evenings,LightGBM,14.450757575757576,552.8557552097056
Evenings,LightGBM,14.757323232323232,552.9015803843075
Evenings,LightGBM,15.06388888888889,602.2711735334559
Evenings,LightGBM,15.370454545454546,582.223575143197
Evenings,LightGBM,15.677020202020202,581.6614310699745
Evenings,LightGBM,15.98358585858586,585.2899752673735
Evenings,LightGBM,16.290151515151518,596.776052994655
Evenings,LightGBM,16.596717171717174,603.3496224138331
Evenings,LightGBM,16.90328282828283,596.6432852556663
Evenings,LightGBM,17.209848484848486,610.0095061382716
Evenings,LightGBM,17.516414141414142,591.2454940398178
Evenings,LightGBM,17.822979797979798,586.1248903791361
Evenings,LightGBM,18.129545454545454,584.4875431003986
Evenings,LightGBM,18.436111111111114,585.1825849075608
Evenings,LightGBM,18.74267676767677,592.2738388658722
Evenings,LightGBM,19.049242424242426,596.158868218943
Evenings,LightGBM,19.35580808080808,597.2099054738165
Evenings,LightGBM,19.662373737373738,601.2348138276213
Evenings,LightGBM,19.968939393939394,596.827680385917
Evenings,LightGBM,20.275505050505053,604.0104551154019
Evenings,LightGBM,20.58207070707071,602.9520460351275
Evenings,LightGBM,20.888636363636365,601.2447188676144
Evenings,LightGBM,21.19520202020202,596.8197860655736
Evenings,LightGBM,21.501767676767678,597.522649698831
Evenings,LightGBM,21.808333333333334,597.7106317549199
Evenings,LightGBM,22.11489898989899,597.6928821731973
Evenings,LightGBM,22.42146464646465,597.6530263457875
Evenings,LightGBM,22.728030303030305,603.6981172958452
Evenings,LightGBM,23.03459595959596,593.1624592129083
Evenings,LightGBM,23.341161616161617,607.6026995918297
Evenings,LightGBM,23.647727272727273,615.5932157856132
Evenings,LightGBM,23.95429292929293,615.829104445467
Evenings,LightGBM,24.26085858585859,615.829104445467
Evenings,LightGBM,24.567424242424245,614.8579414691355
Evenings,LightGBM,24.8739898989899,603.2228939583532
Evenings,LightGBM,25.180555555555557,603.2858738934625
Evenings,LightGBM,25.487121212121213,603.2858738934625
Evenings,LightGBM,25.79368686868687,603.2858738934625
Evenings,LightGBM,26.100252525252525,640.6433144077238
Evenings,LightGBM,26.406818181818185,640.6433144077238
Evenings,LightGBM,26.71338383838384,640.6433144077238
Evenings,LightGBM,27.019949494949497,604.9223264512731
Evenings,LightGBM,27.326515151515153,604.9223264512731
Evenings,LightGBM,27.63308080808081,556.1842229401058
Evenings,LightGBM,27.939646464646465,556.1842229401058
Evenings,LightGBM,28.246212121212125,556.1842229401058
Evenings,LightGBM,28.55277777777778,556.1842229401058
Evenings,LightGBM,28.859343434343437,556.1842229401058
Evenings,LightGBM,29.165909090909093,556.1842229401058
Evenings,LightGBM,29.47247474747475,556.1842229401058
Evenings,LightGBM,29.779040404040405,556.1842229401058
Evenings,LightGBM,30.085606060606064,556.1842229401058
Evenings,LightGBM,30.39217171717172,534.5531632203054
Evenings,LightGBM,30.698737373737377,534.5531632203054
Evenings,LightGBM,31.005303030303033,534.5531632203054
Evenings,LightGBM,31.31186868686869,534.5531632203054
Evenings,LightGBM,31.618434343434345,534.5531632203054
Evenings,LightGBM,31.925,534.5531632203054
Evenings,XGBoost,1.575,564.36279296875
Evenings,XGBoost,1.8815656565656567,564.36279296875
Evenings,XGBoost,2.188131313131313,564.36279296875
Evenings,XGBoost,2.4946969696969696,564.36279296875
Evenings,XGBoost,2.801262626262626,564.36279296875
Evenings,XGBoost,3.107828282828283,564.36279296875
Evenings,XGBoost,3.4143939393939395,495.6858825683594
Evenings,XGBoost,3.720959595959596,495.6858825683594
Evenings,XGBoost,4.027525252525253,524.1590576171875
Evenings,XGBoost,4.334090909090909,527.3402099609375
Evenings,XGBoost,4.640656565656566,516.96533203125
Evenings,XGBoost,4.947222222222223,516.5606689453125
Evenings,XGBoost,5.253787878787879,512.0140380859375
Evenings,XGBoost,5.560353535353536,501.59588623046875
Evenings,XGBoost,5.866919191919193,498.49407958984375
Evenings,XGBoost,6.173484848484849,514.2083129882812
Evenings,XGBoost,6.480050505050506,520.3701171875
Evenings,XGBoost,6.786616161616163,524.9857788085938
Evenings,XGBoost,7.093181818181819,513.8284912109375
Evenings,XGBoost,7.399747474747476,492.2570495605469
Evenings,XGBoost,7.706313131313132,517.1334838867188
Evenings,XGBoost,8.012878787878789,539.369384765625
Evenings,XGBoost,8.319444444444445,498.70770263671875
Evenings,XGBoost,8.6260101010101,542.107666015625
Evenings,XGBoost,8.932575757575759,531.3980102539062
Evenings,XGBoost,9.239141414141415,503.1526794433594
Evenings,XGBoost,9.54570707070707,527.287841796875
Evenings,XGBoost,9.852272727272727,527.2498779296875
Evenings,XGBoost,10.158838383838384,524.7177734375
Evenings,XGBoost,10.46540404040404,516.6475830078125
Evenings,XGBoost,10.771969696969697,513.9376220703125
Evenings,XGBoost,11.078535353535354,523.16357421875
Evenings,XGBoost,11.38510101010101,548.1263427734375
Evenings,XGBoost,11.691666666666666,523.8864135742188
Evenings,XGBoost,11.998232323232324,532.0631713867188
Evenings,XGBoost,12.30479797979798,538.1488037109375
Evenings,XGBoost,12.611363636363636,558.3031616210938
Evenings,XGBoost,12.917929292929294,588.767822265625
Evenings,XGBoost,13.22449494949495,557.2655639648438
Evenings,XGBoost,13.531060606060606,547.2510375976562
Evenings,XGBoost,13.837626262626262,537.3998413085938
Evenings,XGBoost,14.14419191919192,531.8486328125
Evenings,XGBoost,14.450757575757576,545.8153686523438
Evenings,XGBoost,14.757323232323232,549.1051025390625
Evenings,XGBoost,15.06388888888889,553.8917236328125
Evenings,XGBoost,15.370454545454546,585.129638671875
Evenings,XGBoost,15.677020202020202,585.893310546875
Evenings,XGBoost,15.98358585858586,584.1199340820312
Evenings,XGBoost,16.290151515151518,607.6878662109375
Evenings,XGBoost,16.596717171717174,614.28076171875
Evenings,XGBoost,16.90328282828283,608.7694091796875
Evenings,XGBoost,17.209848484848486,604.9987182617188
Evenings,XGBoost,17.516414141414142,592.8662109375
Evenings,XGBoost,17.822979797979798,591.232421875
Evenings,XGBoost,18.129545454545454,590.3955078125
Evenings,XGBoost,18.436111111111114,593.9500122070312
Evenings,XGBoost,18.74267676767677,591.6570434570312
Evenings,XGBoost,19.049242424242426,591.8634033203125
Evenings,XGBoost,19.35580808080808,599.55712890625
Evenings,XGBoost,19.662373737373738,591.1425170898438
Evenings,XGBoost,19.968939393939394,593.0447387695312
Evenings,XGBoost,20.275505050505053,600.3902587890625
Evenings,XGBoost,20.58207070707071,600.3902587890625
Evenings,XGBoost,20.888636363636365,599.6127319335938
Evenings,XGBoost,21.19520202020202,617.534423828125
Evenings,XGBoost,21.501767676767678,596.4397583007812
Evenings,XGBoost,21.808333333333334,596.4397583007812
Evenings,XGBoost,22.11489898989899,597.9751586914062
Evenings,XGBoost,22.42146464646465,595.7960815429688
Evenings,XGBoost,22.728030303030305,597.3392333984375
Evenings,XGBoost,23.03459595959596,596.880859375
Evenings,XGBoost,23.341161616161617,603.4013671875
Evenings,XGBoost,23.647727272727273,613.0828247070312
Evenings,XGBoost,23.95429292929293,613.0828247070312
Evenings,XGBoost,24.26085858585859,613.0828247070312
Evenings,XGBoost,24.567424242424245,613.3800659179688
Evenings,XGBoost,24.8739898989899,613.3800659179688
Evenings,XGBoost,25.180555555555557,607.4703979492188
Evenings,XGBoost,25.487121212121213,607.4703979492188
Evenings,XGBoost,25.79368686868687,607.4703979492188
Evenings,XGBoost,26.100252525252525,607.4703979492188
Evenings,XGBoost,26.406818181818185,607.4703979492188
Evenings,XGBoost,26.71338383838384,596.8809204101562
Evenings,XGBoost,27.019949494949497,596.8809204101562
Evenings,XGBoost,27.326515151515153,596.8809204101562
Evenings,XGBoost,27.63308080808081,596.8809204101562
Evenings,XGBoost,27.939646464646465,596.8809204101562
Evenings,XGBoost,28.246212121212125,596.8809204101562
Evenings,XGBoost,28.55277777777778,596.8809204101562
Evenings,XGBoost,28.859343434343437,596.8809204101562
Evenings,XGBoost,29.165909090909093,596.8809204101562
Evenings,XGBoost,29.47247474747475,596.8809204101562
Evenings,XGBoost,29.779040404040405,596.8809204101562
Evenings,XGBoost,30.085606060606064,596.8809204101562
Evenings,XGBoost,30.39217171717172,596.8809204101562
Evenings,XGBoost,30.698737373737377,596.8809204101562
Evenings,XGBoost,31.005303030303033,596.8809204101562
Evenings,XGBoost,31.31186868686869,596.8809204101562
Evenings,XGBoost,31.618434343434345,596.8809204101562
Evenings,XGBoost,31.925,596.8809204101562
Mornings Special,CatBoost,6.7,286.6444723056321
Mornings Special,CatBoost,6.975757575757576,286.6444723056321
Mornings Special,CatBoost,7.251515151515152,286.6444723056321
Mornings Special,CatBoost,7.527272727272727,286.16541359199465
Mornings Special,CatBoost,7.803030303030303,284.57927451477707
Mornings Special,CatBoost,8.078787878787878,280.6413994841871
Mornings Special,CatBoost,8.354545454545455,285.1122097814961
Mornings Special,CatBoost,8.63030303030303,285.1122097814961
Mornings Special,CatBoost,8.906060606060606,287.5522584756077
Mornings Special,CatBoost,9.181818181818182,286.671129501068
Mornings Special,CatBoost,9.457575757575757,287.9011799353156
Mornings Special,CatBoost,9.733333333333334,285.5545014372064
Mornings Special,CatBoost,10.00909090909091,285.1499042227914
Mornings Special,CatBoost,10.284848484848485,284.7303994709615
Mornings Special,CatBoost,10.56060606060606,282.85211690721184
Mornings Special,CatBoost,10.836363636363636,280.16891166085037
Mornings Special,CatBoost,11.112121212121213,281.2492250823803
Mornings Special,CatBoost,11.387878787878787,281.98354233161507
Mornings Special,CatBoost,11.663636363636364,286.66450157672205
Mornings Special,CatBoost,11.93939393939394,283.2294055871243
Mornings Special,CatBoost,12.215151515151515,290.0789265264048
Mornings Special,CatBoost,12.490909090909092,292.08696018618
Mornings Special,CatBoost,12.766666666666666,292.4822412765455
Mornings Special,CatBoost,13.042424242424243,296.37576149493117
Mornings Special,CatBoost,13.318181818181818,301.56771247789464
Mornings Special,CatBoost,13.593939393939394,301.561671338099
Mornings Special,CatBoost,13.869696969696971,300.3481387197226
Mornings Special,CatBoost,14.145454545454545,296.4109638344236
Mornings Special,CatBoost,14.421212121212122,305.08962807886275
Mornings Special,CatBoost,14.696969696969697,326.8323060528223
Mornings Special,CatBoost,14.972727272727273,297.5218912859534
Mornings Special,CatBoost,15.24848484848485,301.3557677650439
Mornings Special,CatBoost,15.524242424242424,299.8940975438005
Mornings Special,CatBoost,15.8,305.31684922510414
Mornings Special,CatBoost,16.075757575757574,316.9719445079171
Mornings Special,CatBoost,16.35151515151515,294.1877380343504
Mornings Special,CatBoost,16.62727272727273,297.83716225617525
Mornings Special,CatBoost,16.903030303030302,296.5075387693726
Mornings Special,CatBoost,17.17878787878788,296.2574063502708
Mornings Special,CatBoost,17.454545454545453,296.1168838402014
Mornings Special,CatBoost,17.73030303030303,296.5719676200329
Mornings Special,CatBoost,18.006060606060608,296.54031425585833
Mornings Special,CatBoost,18.28181818181818,297.4272350643967
Mornings Special,CatBoost,18.55757575757576,297.7456130443942
Mornings Special,CatBoost,18.833333333333332,314.2119622495622
Mornings Special,CatBoost,19.10909090909091,303.45907770374157
Mornings Special,CatBoost,19.384848484848487,303.0968632038487
Mornings Special,CatBoost,19.66060606060606,303.09526368167445
Mornings Special,CatBoost,19.936363636363637,303.3798853397789
Mornings Special,CatBoost,20.21212121212121,301.66670607754435
Mornings Special,CatBoost,20.48787878787879,306.8762133611366
Mornings Special,CatBoost,20.763636363636365,307.5940307690912
Mornings Special,CatBoost,21.03939393939394,308.5140766705646
Mornings Special,CatBoost,21.315151515151516,317.268780328315
Mornings Special,CatBoost,21.59090909090909,313.06671226719993
Mornings Special,CatBoost,21.866666666666667,313.1871674310022
Mornings Special,CatBoost,22.14242424242424,313.2745340207916
Mornings Special,CatBoost,22.418181818181818,298.5507140578302
Mornings Special,CatBoost,22.693939393939395,298.1874334167306
Mornings Special,CatBoost,22.96969696969697,311.409600640045
Mornings Special,CatBoost,23.245454545454546,310.7586094633091
Mornings Special,CatBoost,23.52121212121212,310.380654832723
Mornings Special,CatBoost,23.796969696969697,309.0514030463175
Mornings Special,CatBoost,24.07272727272727,315.43829377236733
Mornings Special,CatBoost,24.348484848484848,326.83935510138457
Mornings Special,CatBoost,24.624242424242425,330.8252235846314
Mornings Special,CatBoost,24.9,319.7540177318211
Mornings Special,CatBoost,25.175757575757576,319.7540177318211
Mornings Special,CatBoost,25.45151515151515,307.1096347313856
Mornings Special,CatBoost,25.727272727272727,307.1096347313856
Mornings Special,CatBoost,26.003030303030304,301.68329353640485
Mornings Special,CatBoost,26.278787878787877,301.68329353640485
Mornings Special,CatBoost,26.554545454545455,299.8276149820477
Mornings Special,CatBoost,26.83030303030303,299.8276149820477
Mornings Special,CatBoost,27.106060606060606,299.8276149820477
Mornings Special,CatBoost,27.381818181818183,299.8276149820477
Mornings Special,CatBoost,27.657575757575756,299.5356913368859
Mornings Special,CatBoost,27.933333333333334,299.5356913368859
Mornings Special,CatBoost,28.209090909090907,299.5356913368859
Mornings Special,CatBoost,28.484848484848484,299.73202134691314
Mornings Special,CatBoost,28.76060606060606,299.73202134691314
Mornings Special,CatBoost,29.036363636363635,299.94077624579
Mornings Special,CatBoost,29.312121212121212,299.94077624579
Mornings Special,CatBoost,29.587878787878786,299.94077624579
Mornings Special,CatBoost,29.863636363636363,301.34919132894
Mornings Special,CatBoost,30.139393939393937,301.34919132894
Mornings Special,CatBoost,30.415151515151514,301.34919132894
Mornings Special,CatBoost,30.69090909090909,301.35799204733684
Mornings Special,CatBoost,30.966666666666665,301.35799204733684
Mornings Special,CatBoost,31.242424242424242,294.3799416467915
Mornings Special,CatBoost,31.518181818181816,294.3799416467915
Mornings Special,CatBoost,31.793939393939393,294.2943993143506
Mornings Special,CatBoost,32.06969696969697,294.2943993143506
Mornings Special,CatBoost,32.345454545454544,294.2943993143506
Mornings Special,CatBoost,32.621212121212125,291.9555409564535
Mornings Special,CatBoost,32.8969696969697,291.9555409564535
Mornings Special,CatBoost,33.17272727272727,291.9555409564535
Mornings Special,CatBoost,33.44848484848485,291.9555409564535
Mornings Special,CatBoost,33.724242424242426,291.9555409564535
Mornings Special,CatBoost,34.0,291.9555409564535
Mornings Special,XGBoost,6.7,315.60675048828125
Mornings Special,XGBoost,6.975757575757576,315.60675048828125
Mornings Special,XGBoost,7.251515151515152,315.60675048828125
Mornings Special,XGBoost,7.527272727272727,321.0080261230469
Mornings Special,XGBoost,7.803030303030303,289.5146789550781
Mornings Special,XGBoost,8.078787878787878,280.9959411621094
Mornings Special,XGBoost,8.354545454545455,287.5737609863281
Mornings Special,XGBoost,8.63030303030303,284.1149597167969
Mornings Special,XGBoost,8.906060606060606,285.2416687011719
Mornings Special,XGBoost,9.181818181818182,281.4686279296875
Mornings Special,XGBoost,9.457575757575757,298.0705871582031
Mornings Special,XGBoost,9.733333333333334,289.9617614746094
Mornings Special,XGBoost,10.00909090909091,283.7778015136719
Mornings Special,XGBoost,10.284848484848485,285.6850280761719
Mornings Special,XGBoost,10.56060606060606,284.3775939941406
Mornings Special,XGBoost,10.836363636363636,282.27423095703125
Mornings Special,XGBoost,11.112121212121213,283.21051025390625
Mornings Special,XGBoost,11.387878787878787,286.4026184082031
Mornings Special,XGBoost,11.663636363636364,288.55047607421875
Mornings Special,XGBoost,11.93939393939394,286.844970703125
Mornings Special,XGBoost,12.215151515151515,295.42572021484375
Mornings Special,XGBoost,12.490909090909092,298.63348388671875
Mornings Special,XGBoost,12.766666666666666,288.5868225097656
Mornings Special,XGBoost,13.042424242424243,296.31439208984375
Mornings Special,XGBoost,13.318181818181818,302.43316650390625
Mornings Special,XGBoost,13.593939393939394,305.9622802734375
Mornings Special,XGBoost,13.869696969696971,298.97705078125
Mornings Special,XGBoost,14.145454545454545,304.7751159667969
Mornings Special,XGBoost,14.421212121212122,315.1533508300781
Mornings Special,XGBoost,14.696969696969697,312.86419677734375
Mornings Special,XGBoost,14.972727272727273,301.459228515625
Mornings Special,XGBoost,15.24848484848485,299.0092468261719
Mornings Special,XGBoost,15.524242424242424,308.1631164550781
Mornings Special,XGBoost,15.8,311.1712951660156
Mornings Special,XGBoost,16.075757575757574,334.04083251953125
Mornings Special,XGBoost,16.35151515151515,296.60870361328125
Mornings Special,XGBoost,16.62727272727273,293.89300537109375
Mornings Special,XGBoost,16.903030303030302,295.5530090332031
Mornings Special,XGBoost,17.17878787878788,299.04803466796875
Mornings Special,XGBoost,17.454545454545453,299.3983459472656
Mornings Special,XGBoost,17.73030303030303,301.6131286621094
Mornings Special,XGBoost,18.006060606060608,297.29705810546875
Mornings Special,XGBoost,18.28181818181818,297.8395690917969
Mornings Special,XGBoost,18.55757575757576,295.6481018066406
Mornings Special,XGBoost,18.833333333333332,308.7986145019531
Mornings Special,XGBoost,19.10909090909091,303.4199523925781
Mornings Special,XGBoost,19.384848484848487,307.0304870605469
Mornings Special,XGBoost,19.66060606060606,306.1331787109375
Mornings Special,XGBoost,19.936363636363637,308.4417724609375
Mornings Special,XGBoost,20.21212121212121,308.0408935546875
Mornings Special,XGBoost,20.48787878787879,310.3866271972656
Mornings Special,XGBoost,20.763636363636365,311.7266845703125
Mornings Special,XGBoost,21.03939393939394,313.59033203125
Mornings Special,XGBoost,21.315151515151516,314.136474609375
Mornings Special,XGBoost,21.59090909090909,312.2689208984375
Mornings Special,XGBoost,21.866666666666667,319.3348083496094
Mornings Special,XGBoost,22.14242424242424,319.51409912109375
Mornings Special,XGBoost,22.418181818181818,306.6877746582031
Mornings Special,XGBoost,22.693939393939395,296.6173095703125
Mornings Special,XGBoost,22.96969696969697,312.9648132324219
Mornings Special,XGBoost,23.245454545454546,311.52801513671875
Mornings Special,XGBoost,23.52121212121212,314.5176696777344
Mornings Special,XGBoost,23.796969696969697,316.712646484375
Mornings Special,XGBoost,24.07272727272727,320.75738525390625
Mornings Special,XGBoost,24.348484848484848,330.89697265625
Mornings Special,XGBoost,24.624242424242425,340.9736328125
Mornings Special,XGBoost,24.9,323.6690673828125
Mornings Special,XGBoost,25.175757575757576,315.43280029296875
Mornings Special,XGBoost,25.45151515151515,316.4765625
Mornings Special,XGBoost,25.727272727272727,321.3488464355469
Mornings Special,XGBoost,26.003030303030304,308.53839111328125
Mornings Special,XGBoost,26.278787878787877,308.53839111328125
Mornings Special,XGBoost,26.554545454545455,308.18048095703125
Mornings Special,XGBoost,26.83030303030303,306.7924499511719
Mornings Special,XGBoost,27.106060606060606,306.7924499511719
Mornings Special,XGBoost,27.381818181818183,305.337890625
Mornings Special,XGBoost,27.657575757575756,305.3984680175781
Mornings Special,XGBoost,27.933333333333334,305.3984680175781
Mornings Special,XGBoost,28.209090909090907,305.3984680175781
Mornings Special,XGBoost,28.484848484848484,307.0938415527344
Mornings Special,XGBoost,28.76060606060606,306.5311279296875
Mornings Special,XGBoost,29.036363636363635,306.5311279296875
Mornings Special,XGBoost,29.312121212121212,306.5311279296875
Mornings Special,XGBoost,29.587878787878786,304.3082275390625
Mornings Special,XGBoost,29.863636363636363,304.3082275390625
Mornings Special,XGBoost,30.139393939393937,304.3082275390625
Mornings Special,XGBoost,30.415151515151514,302.3552551269531
Mornings Special,XGBoost,30.69090909090909,302.3552551269531
Mornings Special,XGBoost,30.966666666666665,302.3552551269531
Mornings Special,XGBoost,31.242424242424242,298.8544921875
Mornings Special,XGBoost,31.518181818181816,298.8544921875
Mornings Special,XGBoost,31.793939393939393,297.0663757324219
Mornings Special,XGBoost,32.06969696969697,297.0663757324219
Mornings Special,XGBoost,32.345454545454544,297.28997802734375
Mornings Special,XGBoost,32.621212121212125,297.28997802734375
Mornings Special,XGBoost,32.8969696969697,297.28997802734375
Mornings Special,XGBoost,33.17272727272727,297.28997802734375
Mornings Special,XGBoost,33.44848484848485,297.28997802734375
Mornings Special,XGBoost,33.724242424242426,297.28997802734375
Mornings Special,XGBoost,34.0,297.28997802734375
Evenings Special,CatBoost,1.175,638.7865454917346
Evenings Special,CatBoost,1.476010101010101,638.7865454917346
Evenings Special,CatBoost,1.7770202020202022,638.7865454917346
Evenings Special,CatBoost,2.078030303030303,638.7865454917346
Evenings Special,CatBoost,2.379040404040404,638.7865454917346
Evenings Special,CatBoost,2.680050505050505,638.7865454917346
Evenings Special,CatBoost,2.9810606060606064,568.7926793611659
Evenings Special,CatBoost,3.282070707070707,718.6866950818358
Evenings Special,CatBoost,3.5830808080808083,718.6866950818358
Evenings Special,CatBoost,3.884090909090909,725.5063557383296
Evenings Special,CatBoost,4.18510101010101,725.5063557383296
Evenings Special,CatBoost,4.486111111111111,725.5063557383296
Evenings Special,CatBoost,4.787121212121212,718.8751531042052
Evenings Special,CatBoost,5.0881313131313135,698.7554187809988
Evenings Special,CatBoost,5.389141414141414,691.797158688494
Evenings Special,CatBoost,5.6901515151515145,696.2461908895768
Evenings Special,CatBoost,5.991161616161616,576.3298520425674
Evenings Special,CatBoost,6.292171717171717,505.4987354494427
Evenings Special,CatBoost,6.593181818181818,697.9717997186308
Evenings Special,CatBoost,6.894191919191919,503.5984896518185
Evenings Special,CatBoost,7.19520202020202,570.3704701135093
Evenings Special,CatBoost,7.496212121212121,568.7519474898367
Evenings Special,CatBoost,7.797222222222222,569.3357070813672
Evenings Special,CatBoost,8.098232323232324,562.4885636643484
Evenings Special,CatBoost,8.399242424242425,580.3373345786721
Evenings Special,CatBoost,8.700252525252525,587.3988014165386
Evenings Special,CatBoost,9.001262626262626,648.0770811449806
Evenings Special,CatBoost,9.302272727272728,570.0948125650576
Evenings Special,CatBoost,9.603282828282829,594.7490523662971
Evenings Special,CatBoost,9.90429292929293,613.2664412219522
Evenings Special,CatBoost,10.20530303030303,624.3643961110179
Evenings Special,CatBoost,10.506313131313131,563.2270146405608
Evenings Special,CatBoost,10.807323232323233,570.9613925706858
Evenings Special,CatBoost,11.108333333333334,576.1621731677277
Evenings Special,CatBoost,11.409343434343436,669.686750120611
Evenings Special,CatBoost,11.710353535353535,598.209049900097
Evenings Special,CatBoost,12.011363636363637,569.6099506606137
Evenings Special,CatBoost,12.312373737373738,545.4082454334019
Evenings Special,CatBoost,12.61338383838384,609.7565555501121
Evenings Special,CatBoost,12.914393939393939,563.4842502480958
Evenings Special,CatBoost,13.21540404040404,567.9894370228285
Evenings Special,CatBoost,13.516414141414142,516.8991976420623
Evenings Special,CatBoost,13.817424242424243,582.5324855360622
Evenings Special,CatBoost,14.118434343434345,550.2194772594333
Evenings Special,CatBoost,14.419444444444444,516.4739777141151
Evenings Special,CatBoost,14.720454545454546,545.9941883502195
Evenings Special,CatBoost,15.021464646464647,524.7641445025037
Evenings Special,CatBoost,15.322474747474748,601.0598115839268
Evenings Special,CatBoost,15.62348484848485,602.3868162294407
Evenings Special,CatBoost,15.92449494949495,624.1910043190268
Evenings Special,CatBoost,16.22550505050505,592.1892236165564
Evenings Special,CatBoost,16.526515151515152,581.5253590406093
Evenings Special,CatBoost,16.827525252525252,615.1435061018764
Evenings Special,CatBoost,17.12853535353535,595.6352983726782
Evenings Special,CatBoost,17.429545454545455,609.6774288404208
Evenings Special,CatBoost,17.730555555555554,621.59621700461
Evenings Special,CatBoost,18.031565656565657,613.6687868207337
Evenings Special,CatBoost,18.332575757575757,614.9163527256237
Evenings Special,CatBoost,18.63358585858586,544.6500207308413
Evenings Special,CatBoost,18.93459595959596,612.1670985029781
Evenings Special,CatBoost,19.23560606060606,709.6746934863697
Evenings Special,CatBoost,19.536616161616163,675.5177879784451
Evenings Special,CatBoost,19.837626262626262,692.9268509996408
Evenings Special,CatBoost,20.138636363636365,707.65717963063
Evenings Special,CatBoost,20.439646464646465,555.5734007064383
Evenings Special,CatBoost,20.740656565656565,709.1720506608084
Evenings Special,CatBoost,21.041666666666668,548.4592814531578
Evenings Special,CatBoost,21.342676767676767,580.2475156064407
Evenings Special,CatBoost,21.64368686868687,580.2475156064407
Evenings Special,CatBoost,21.94469696969697,602.8855950797965
Evenings Special,CatBoost,22.24570707070707,601.816266737256
Evenings Special,CatBoost,22.546717171717173,524.3906469125048
Evenings Special,CatBoost,22.847727272727273,524.3906469125048
Evenings Special,CatBoost,23.148737373737376,524.3906469125048
Evenings Special,CatBoost,23.449747474747475,524.3906469125048
Evenings Special,CatBoost,23.750757575757575,524.3906469125048
Evenings Special,CatBoost,24.05176767676768,814.0141181111073
Evenings Special,CatBoost,24.352777777777778,814.0141181111073
Evenings Special,CatBoost,24.653787878787877,814.0141181111073
Evenings Special,CatBoost,24.95479797979798,599.2613854046857
Evenings Special,CatBoost,25.25580808080808,599.2613854046857
Evenings Special,CatBoost,25.556818181818183,653.3476640158874
Evenings Special,CatBoost,25.857828282828283,653.3476640158874
Evenings Special,CatBoost,26.158838383838383,653.3476640158874
Evenings Special,CatBoost,26.459848484848486,653.3476640158874
Evenings Special,CatBoost,26.760858585858585,653.3476640158874
Evenings Special,CatBoost,27.06186868686869,653.3476640158874
Evenings Special,CatBoost,27.36287878787879,604.5989657566898
Evenings Special,CatBoost,27.663888888888888,604.5989657566898
Evenings Special,CatBoost,27.96489898989899,604.5989657566898
Evenings Special,CatBoost,28.26590909090909,604.5989657566898
Evenings Special,CatBoost,28.566919191919194,604.5989657566898
Evenings Special,CatBoost,28.867929292929293,604.5989657566898
Evenings Special,CatBoost,29.168939393939393,604.5989657566898
Evenings Special,CatBoost,29.469949494949496,604.5989657566898
Evenings Special,CatBoost,29.770959595959596,604.5989657566898
Evenings Special,CatBoost,30.0719696969697,604.5989657566898
Evenings Special,CatBoost,30.3729797979798,604.5989657566898
Evenings Special,CatBoost,30.6739898989899,604.5989657566898
Evenings Special,CatBoost,30.975,604.5989657566898
Evenings Special,LightGBM,1.175,571.306223174168
Evenings Special,LightGBM,1.476010101010101,571.306223174168
Evenings Special,LightGBM,1.7770202020202022,571.306223174168
Evenings Special,LightGBM,2.078030303030303,571.306223174168
Evenings Special,LightGBM,2.379040404040404,571.306223174168
Evenings Special,LightGBM,2.680050505050505,571.306223174168
Evenings Special,LightGBM,2.9810606060606064,586.5863200195157
Evenings Special,LightGBM,3.282070707070707,630.8380245353226
Evenings Special,LightGBM,3.5830808080808083,630.8380245353226
Evenings Special,LightGBM,3.884090909090909,630.8380245353226
Evenings Special,LightGBM,4.18510101010101,628.098162615143
Evenings Special,LightGBM,4.486111111111111,628.098162615143
Evenings Special,LightGBM,4.787121212121212,598.7612118856545
Evenings Special,LightGBM,5.0881313131313135,589.9016187867477
Evenings Special,LightGBM,5.389141414141414,437.6066944709508
Evenings Special,LightGBM,5.6901515151515145,520.3106512304564
Evenings Special,LightGBM,5.991161616161616,513.2277745400384
Evenings Special,LightGBM,6.292171717171717,444.81650649210366
Evenings Special,LightGBM,6.593181818181818,519.2102350546259
Evenings Special,LightGBM,6.894191919191919,463.04809423625557
Evenings Special,LightGBM,7.19520202020202,478.54209320418244
Evenings Special,LightGBM,7.496212121212121,527.437240440752
Evenings Special,LightGBM,7.797222222222222,491.82525190798174
Evenings Special,LightGBM,8.098232323232324,490.81181596122315
Evenings Special,LightGBM,8.399242424242425,487.9018574535423
Evenings Special,LightGBM,8.700252525252525,489.13218108745554
Evenings Special,LightGBM,9.001262626262626,537.4928622353099
Evenings Special,LightGBM,9.302272727272728,519.8601908525117
Evenings Special,LightGBM,9.603282828282829,543.4869665641172
Evenings Special,LightGBM,9.90429292929293,550.9564667434936
Evenings Special,LightGBM,10.20530303030303,553.8560358147533
Evenings Special,LightGBM,10.506313131313131,524.4152545217944
Evenings Special,LightGBM,10.807323232323233,537.5783017133386
Evenings Special,LightGBM,11.108333333333334,526.1452501706317
Evenings Special,LightGBM,11.409343434343436,570.8259498819361
Evenings Special,LightGBM,11.710353535353535,570.9658620898539
Evenings Special,LightGBM,12.011363636363637,564.651505882126
Evenings Special,LightGBM,12.312373737373738,560.4651681237324
Evenings Special,LightGBM,12.61338383838384,585.7816439688914
Evenings Special,LightGBM,12.914393939393939,571.4045655558762
Evenings Special,LightGBM,13.21540404040404,568.9200492082798
Evenings Special,LightGBM,13.516414141414142,569.4481311738747
Evenings Special,LightGBM,13.817424242424243,581.9695131927416
Evenings Special,LightGBM,14.118434343434345,564.7981707270652
Evenings Special,LightGBM,14.419444444444444,550.0404480385426
Evenings Special,LightGBM,14.720454545454546,577.3540996278633
Evenings Special,LightGBM,15.021464646464647,561.3581456148277
Evenings Special,LightGBM,15.322474747474748,632.6529534661819
Evenings Special,LightGBM,15.62348484848485,626.1359419469302
Evenings Special,LightGBM,15.92449494949495,636.8019339925037
Evenings Special,LightGBM,16.22550505050505,617.9800834686256
Evenings Special,LightGBM,16.526515151515152,604.1345920174464
Evenings Special,LightGBM,16.827525252525252,611.7056952872838
Evenings Special,LightGBM,17.12853535353535,610.9783002604338
Evenings Special,LightGBM,17.429545454545455,614.5658524344892
Evenings Special,LightGBM,17.730555555555554,628.3679878327642
Evenings Special,LightGBM,18.031565656565657,613.6141266505335
Evenings Special,LightGBM,18.332575757575757,599.0509280035341
Evenings Special,LightGBM,18.63358585858586,548.3230725867439
Evenings Special,LightGBM,18.93459595959596,578.5068992218884
Evenings Special,LightGBM,19.23560606060606,583.5829333518843
Evenings Special,LightGBM,19.536616161616163,634.1749987641942
Evenings Special,LightGBM,19.837626262626262,762.0041611918996
Evenings Special,LightGBM,20.138636363636365,709.8760917615529
Evenings Special,LightGBM,20.439646464646465,616.5264548586462
Evenings Special,LightGBM,20.740656565656565,689.7026117176493
Evenings Special,LightGBM,21.041666666666668,674.6274751896773
Evenings Special,LightGBM,21.342676767676767,580.1154809916796
Evenings Special,LightGBM,21.64368686868687,601.4079000913238
Evenings Special,LightGBM,21.94469696969697,675.1604437865386
Evenings Special,LightGBM,22.24570707070707,614.3242154172973
Evenings Special,LightGBM,22.546717171717173,501.02495221064476
Evenings Special,LightGBM,22.847727272727273,501.02495221064476
Evenings Special,LightGBM,23.148737373737376,501.02495221064476
Evenings Special,LightGBM,23.449747474747475,501.02495221064476
Evenings Special,LightGBM,23.750757575757575,502.4074460212492
Evenings Special,LightGBM,24.05176767676768,736.759475276083
Evenings Special,LightGBM,24.352777777777778,866.5362766543163
Evenings Special,LightGBM,24.653787878787877,682.8536442287412
Evenings Special,LightGBM,24.95479797979798,530.0161708969342
Evenings Special,LightGBM,25.25580808080808,587.4651276243851
Evenings Special,LightGBM,25.556818181818183,748.4435121307167
Evenings Special,LightGBM,25.857828282828283,748.4435121307167
Evenings Special,LightGBM,26.158838383838383,748.4435121307167
Evenings Special,LightGBM,26.459848484848486,748.4435121307167
Evenings Special,LightGBM,26.760858585858585,600.8137893867524
Evenings Special,LightGBM,27.06186868686869,600.8137893867524
Evenings Special,LightGBM,27.36287878787879,600.8137893867524
Evenings Special,LightGBM,27.663888888888888,644.7119565768312
Evenings Special,LightGBM,27.96489898989899,644.7119565768312
Evenings Special,LightGBM,28.26590909090909,644.7119565768312
Evenings Special,LightGBM,28.566919191919194,644.7119565768312
Evenings Special,LightGBM,28.867929292929293,644.7119565768312
Evenings Special,LightGBM,29.168939393939393,644.7119565768312
Evenings Special,LightGBM,29.469949494949496,644.7119565768312
Evenings Special,LightGBM,29.770959595959596,644.7119565768312
Evenings Special,LightGBM,30.0719696969697,644.7119565768312
Evenings Special,LightGBM,30.3729797979798,644.7119565768312
Evenings Special,LightGBM,30.6739898989899,644.7119565768312
Evenings Special,LightGBM,30.975,644.7119565768312
Evenings Special,XGBoost,1.175,650.363037109375
Evenings Special,XGBoost,1.476010101010101,650.363037109375
Evenings Special,XGBoost,1.7770202020202022,650.363037109375
Evenings Special,XGBoost,2.078030303030303,650.363037109375
Evenings Special,XGBoost,2.379040404040404,650.363037109375
Evenings Special,XGBoost,2.680050505050505,650.363037109375
Evenings Special,XGBoost,2.9810606060606064,664.5853271484375
Evenings Special,XGBoost,3.282070707070707,664.5853271484375
Evenings Special,XGBoost,3.5830808080808083,628.8876342773438
Evenings Special,XGBoost,3.884090909090909,628.8876342773438
Evenings Special,XGBoost,4.18510101010101,628.8876342773438
Evenings Special,XGBoost,4.486111111111111,627.6106567382812
Evenings Special,XGBoost,4.787121212121212,591.2788696289062
Evenings Special,XGBoost,5.0881313131313135,590.7108154296875
Evenings Special,XGBoost,5.389141414141414,517.9228515625
Evenings Special,XGBoost,5.6901515151515145,545.8692016601562
Evenings Special,XGBoost,5.991161616161616,523.419189453125
Evenings Special,XGBoost,6.292171717171717,512.2454223632812
Evenings Special,XGBoost,6.593181818181818,576.0052490234375
Evenings Special,XGBoost,6.894191919191919,475.87847900390625
Evenings Special,XGBoost,7.19520202020202,602.8417358398438
Evenings Special,XGBoost,7.496212121212121,554.5849609375
Evenings Special,XGBoost,7.797222222222222,553.0892333984375
Evenings Special,XGBoost,8.098232323232324,550.5879516601562
Evenings Special,XGBoost,8.399242424242425,496.04949951171875
Evenings Special,XGBoost,8.700252525252525,514.9212036132812
Evenings Special,XGBoost,9.001262626262626,535.7589721679688
Evenings Special,XGBoost,9.302272727272728,520.4359130859375
Evenings Special,XGBoost,9.603282828282829,566.09130859375
Evenings Special,XGBoost,9.90429292929293,557.5119018554688
Evenings Special,XGBoost,10.20530303030303,546.6516723632812
Evenings Special,XGBoost,10.506313131313131,528.5813598632812
Evenings Special,XGBoost,10.807323232323233,528.2649536132812
Evenings Special,XGBoost,11.108333333333334,513.0478515625
Evenings Special,XGBoost,11.409343434343436,559.3955078125
Evenings Special,XGBoost,11.710353535353535,565.686767578125
Evenings Special,XGBoost,12.011363636363637,569.6324462890625
Evenings Special,XGBoost,12.312373737373738,564.4618530273438
Evenings Special,XGBoost,12.61338383838384,580.1935424804688
Evenings Special,XGBoost,12.914393939393939,580.637451171875
Evenings Special,XGBoost,13.21540404040404,574.8213500976562
Evenings Special,XGBoost,13.516414141414142,532.356689453125
Evenings Special,XGBoost,13.817424242424243,583.0235595703125
Evenings Special,XGBoost,14.118434343434345,552.8080444335938
Evenings Special,XGBoost,14.419444444444444,540.986328125
Evenings Special,XGBoost,14.720454545454546,573.4349975585938
Evenings Special,XGBoost,15.021464646464647,576.92626953125
Evenings Special,XGBoost,15.322474747474748,627.2913818359375
Evenings Special,XGBoost,15.62348484848485,635.11474609375
Evenings Special,XGBoost,15.92449494949495,645.267822265625
Evenings Special,XGBoost,16.22550505050505,610.3009033203125
Evenings Special,XGBoost,16.526515151515152,591.1270751953125
Evenings Special,XGBoost,16.827525252525252,609.147216796875
Evenings Special,XGBoost,17.12853535353535,612.2842407226562
Evenings Special,XGBoost,17.429545454545455,647.0152587890625
Evenings Special,XGBoost,17.730555555555554,629.2341918945312
Evenings Special,XGBoost,18.031565656565657,624.0919799804688
Evenings Special,XGBoost,18.332575757575757,614.0303344726562
Evenings Special,XGBoost,18.63358585858586,585.552490234375
Evenings Special,XGBoost,18.93459595959596,597.4154052734375
Evenings Special,XGBoost,19.23560606060606,636.911865234375
Evenings Special,XGBoost,19.536616161616163,648.30078125
Evenings Special,XGBoost,19.837626262626262,921.7718505859375
Evenings Special,XGBoost,20.138636363636365,684.2387084960938
Evenings Special,XGBoost,20.439646464646465,659.328125
Evenings Special,XGBoost,20.740656565656565,660.8211059570312
Evenings Special,XGBoost,21.041666666666668,614.17041015625
Evenings Special,XGBoost,21.342676767676767,614.17041015625
Evenings Special,XGBoost,21.64368686868687,611.5989990234375
Evenings Special,XGBoost,21.94469696969697,611.5989990234375
Evenings Special,XGBoost,22.24570707070707,652.5319213867188
Evenings Special,XGBoost,22.546717171717173,608.7474365234375
Evenings Special,XGBoost,22.847727272727273,608.7474365234375
Evenings Special,XGBoost,23.148737373737376,608.7474365234375
Evenings Special,XGBoost,23.449747474747475,608.7474365234375
Evenings Special,XGBoost,23.750757575757575,608.7474365234375
Evenings Special,XGBoost,24.05176767676768,639.1931762695312
Evenings Special,XGBoost,24.352777777777778,639.1931762695312
Evenings Special,XGBoost,24.653787878787877,639.1931762695312
Evenings Special,XGBoost,24.95479797979798,607.7175903320312
Evenings Special,XGBoost,25.25580808080808,615.70556640625
Evenings Special,XGBoost,25.556818181818183,615.70556640625
Evenings Special,XGBoost,25.857828282828283,615.70556640625
Evenings Special,XGBoost,26.158838383838383,615.70556640625
Evenings Special,XGBoost,26.459848484848486,615.70556640625
Evenings Special,XGBoost,26.760858585858585,615.70556640625
Evenings Special,XGBoost,27.06186868686869,598.1159057617188
Evenings Special,XGBoost,27.36287878787879,598.1159057617188
Evenings Special,XGBoost,27.663888888888888,598.1159057617188
Evenings Special,XGBoost,27.96489898989899,598.1159057617188
Evenings Special,XGBoost,28.26590909090909,598.1159057617188
Evenings Special,XGBoost,28.566919191919194,598.1159057617188
Evenings Special,XGBoost,28.867929292929293,598.1159057617188
Evenings Special,XGBoost,29.168939393939393,598.1159057617188
Evenings Special,XGBoost,29.469949494949496,598.1159057617188
Evenings Special,XGBoost,29.770959595959596,598.1159057617188
Evenings Special,XGBoost,30.0719696969697,598.1159057617188
Evenings Special,XGBoost,30.3729797979798,598.1159057617188
Evenings Special,XGBoost,30.6739898989899,598.1159057617188
Evenings Special,XGBoost,30.975,598.1159057617188
