Dataset,Model,Total precipitation,Predicted Value
Lunches,CatBoost,0.0,1133.9267924520263
Lunches,CatBoost,0.02746717171717172,1091.473656827674
Lunches,CatBoost,0.05493434343434344,1079.733483932849
Lunches,CatBoost,0.08240151515151516,1079.6466275217927
Lunches,CatBoost,0.10986868686868688,1080.3469019734343
Lunches,CatBoost,0.1373358585858586,1078.9011912240853
Lunches,CatBoost,0.1648030303030303,1077.2145256184704
Lunches,CatBoost,0.19227020202020204,1086.37789346441
Lunches,CatBoost,0.21973737373737376,1077.2494975867867
Lunches,CatBoost,0.24720454545454548,1084.8175877281572
Lunches,CatBoost,0.2746717171717172,1077.3132873124443
Lunches,CatBoost,0.3021388888888889,1082.0309009498935
Lunches,CatBoost,0.3296060606060606,1081.8443969751052
Lunches,CatBoost,0.35707323232323235,1078.6104317330382
Lunches,CatBoost,0.38454040404040407,1078.6104317330382
Lunches,CatBoost,0.4120075757575758,1077.9879222293732
Lunches,CatBoost,0.4394747474747475,1075.413183424636
Lunches,CatBoost,0.46694191919191924,1070.3469044377011
Lunches,CatBoost,0.49440909090909096,1070.3469044377011
Lunches,CatBoost,0.5218762626262626,1067.0532155185767
Lunches,CatBoost,0.5493434343434344,1066.255396345821
Lunches,CatBoost,0.5768106060606061,1066.255396345821
Lunches,CatBoost,0.6042777777777778,1067.5104795159302
Lunches,CatBoost,0.6317449494949495,1066.840707938934
Lunches,CatBoost,0.6592121212121212,1066.840707938934
Lunches,CatBoost,0.686679292929293,1066.1288252798076
Lunches,CatBoost,0.7141464646464647,1058.468156634534
Lunches,CatBoost,0.7416136363636364,1072.412838312525
Lunches,CatBoost,0.7690808080808081,1081.932478889654
Lunches,CatBoost,0.7965479797979799,1081.932478889654
Lunches,CatBoost,0.8240151515151516,1081.932478889654
Lunches,CatBoost,0.8514823232323233,1081.932478889654
Lunches,CatBoost,0.878949494949495,1081.932478889654
Lunches,CatBoost,0.9064166666666668,1081.932478889654
Lunches,CatBoost,0.9338838383838385,1081.932478889654
Lunches,CatBoost,0.9613510101010102,1081.932478889654
Lunches,CatBoost,0.9888181818181819,1081.932478889654
Lunches,CatBoost,1.0162853535353535,1077.5376343571443
Lunches,CatBoost,1.0437525252525253,1077.5376343571443
Lunches,CatBoost,1.071219696969697,1077.5376343571443
Lunches,CatBoost,1.0986868686868687,1077.5376343571443
Lunches,CatBoost,1.1261540404040404,1077.5376343571443
Lunches,CatBoost,1.1536212121212122,1076.856830528946
Lunches,CatBoost,1.1810883838383839,1076.856830528946
Lunches,CatBoost,1.2085555555555556,1076.856830528946
Lunches,CatBoost,1.2360227272727273,1079.3952394427643
Lunches,CatBoost,1.263489898989899,1081.4621693786505
Lunches,CatBoost,1.2909570707070708,1081.4621693786505
Lunches,CatBoost,1.3184242424242425,1081.4621693786505
Lunches,CatBoost,1.3458914141414142,1076.54706435164
Lunches,CatBoost,1.373358585858586,1076.54706435164
Lunches,CatBoost,1.4008257575757577,1076.54706435164
Lunches,CatBoost,1.4282929292929294,1075.0830245158372
Lunches,CatBoost,1.4557601010101011,1075.0830245158372
Lunches,CatBoost,1.4832272727272728,1075.0830245158372
Lunches,CatBoost,1.5106944444444446,1075.0830245158372
Lunches,CatBoost,1.5381616161616163,1075.0830245158372
Lunches,CatBoost,1.565628787878788,1075.0830245158372
Lunches,CatBoost,1.5930959595959597,1075.0830245158372
Lunches,CatBoost,1.6205631313131315,1075.0830245158372
Lunches,CatBoost,1.6480303030303032,1063.7347669365977
Lunches,CatBoost,1.675497474747475,1063.7347669365977
Lunches,CatBoost,1.7029646464646466,1063.7347669365977
Lunches,CatBoost,1.7304318181818183,1063.7347669365977
Lunches,CatBoost,1.75789898989899,1063.7347669365977
Lunches,CatBoost,1.7853661616161618,1069.4033711052637
Lunches,CatBoost,1.8128333333333335,1069.4033711052637
Lunches,CatBoost,1.8403005050505052,1069.4033711052637
Lunches,CatBoost,1.867767676767677,1069.4033711052637
Lunches,CatBoost,1.8952348484848487,1069.4033711052637
Lunches,CatBoost,1.9227020202020204,1069.4033711052637
Lunches,CatBoost,1.9501691919191921,1069.4033711052637
Lunches,CatBoost,1.9776363636363639,1069.4033711052637
Lunches,CatBoost,2.0051035353535354,1069.4033711052637
Lunches,CatBoost,2.032570707070707,1069.4033711052637
Lunches,CatBoost,2.060037878787879,1069.4033711052637
Lunches,CatBoost,2.0875050505050505,1069.4033711052637
Lunches,CatBoost,2.1149722222222223,1069.4033711052637
Lunches,CatBoost,2.142439393939394,1069.4033711052637
Lunches,CatBoost,2.1699065656565657,1069.4033711052637
Lunches,CatBoost,2.1973737373737374,1069.4033711052637
Lunches,CatBoost,2.224840909090909,1069.4033711052637
Lunches,CatBoost,2.252308080808081,1069.4033711052637
Lunches,CatBoost,2.2797752525252526,1069.4033711052637
Lunches,CatBoost,2.3072424242424243,1069.4033711052637
Lunches,CatBoost,2.334709595959596,1069.4033711052637
Lunches,CatBoost,2.3621767676767678,1069.4033711052637
Lunches,CatBoost,2.3896439393939395,1069.4033711052637
Lunches,CatBoost,2.417111111111111,1069.4033711052637
Lunches,CatBoost,2.444578282828283,1069.4033711052637
Lunches,CatBoost,2.4720454545454547,1069.4033711052637
Lunches,CatBoost,2.4995126262626264,1069.4033711052637
Lunches,CatBoost,2.526979797979798,1069.4033711052637
Lunches,CatBoost,2.55444696969697,1069.4033711052637
Lunches,CatBoost,2.5819141414141416,1069.4033711052637
Lunches,CatBoost,2.6093813131313133,1069.4033711052637
Lunches,CatBoost,2.636848484848485,1069.4033711052637
Lunches,CatBoost,2.6643156565656567,1069.4033711052637
Lunches,CatBoost,2.6917828282828284,1069.4033711052637
Lunches,CatBoost,2.71925,1069.4033711052637
Lunches,LightGBM,0.0,1133.0138410739655
Lunches,LightGBM,0.02746717171717172,1093.1861154027395
Lunches,LightGBM,0.05493434343434344,1080.5045961568349
Lunches,LightGBM,0.08240151515151516,1080.3860918619293
Lunches,LightGBM,0.10986868686868688,1080.029941584304
Lunches,LightGBM,0.1373358585858586,1080.442184850423
Lunches,LightGBM,0.1648030303030303,1080.5817186498143
Lunches,LightGBM,0.19227020202020204,1080.7533162653967
Lunches,LightGBM,0.21973737373737376,1079.129167956036
Lunches,LightGBM,0.24720454545454548,1081.4434147521931
Lunches,LightGBM,0.2746717171717172,1079.5375767076066
Lunches,LightGBM,0.3021388888888889,1080.9279324615898
Lunches,LightGBM,0.3296060606060606,1092.6415353567272
Lunches,LightGBM,0.35707323232323235,1091.8863834204767
Lunches,LightGBM,0.38454040404040407,1076.2537753119989
Lunches,LightGBM,0.4120075757575758,1086.1115523254796
Lunches,LightGBM,0.4394747474747475,1079.8260703410772
Lunches,LightGBM,0.46694191919191924,1071.3591786714424
Lunches,LightGBM,0.49440909090909096,1069.3633706424412
Lunches,LightGBM,0.5218762626262626,1067.809661601901
Lunches,LightGBM,0.5493434343434344,1066.7434118393874
Lunches,LightGBM,0.5768106060606061,1066.7434118393874
Lunches,LightGBM,0.6042777777777778,1073.5628936207536
Lunches,LightGBM,0.6317449494949495,1073.9867369358535
Lunches,LightGBM,0.6592121212121212,1074.3037468760908
Lunches,LightGBM,0.686679292929293,1074.3976529177592
Lunches,LightGBM,0.7141464646464647,1074.3976529177592
Lunches,LightGBM,0.7416136363636364,1083.8349418880914
Lunches,LightGBM,0.7690808080808081,1083.8349418880914
Lunches,LightGBM,0.7965479797979799,1080.423186377386
Lunches,LightGBM,0.8240151515151516,1080.423186377386
Lunches,LightGBM,0.8514823232323233,1080.423186377386
Lunches,LightGBM,0.878949494949495,1079.4076265789333
Lunches,LightGBM,0.9064166666666668,1079.4076265789333
Lunches,LightGBM,0.9338838383838385,1079.4076265789333
Lunches,LightGBM,0.9613510101010102,1079.4076265789333
Lunches,LightGBM,0.9888181818181819,1079.3436127020534
Lunches,LightGBM,1.0162853535353535,1073.5365626763244
Lunches,LightGBM,1.0437525252525253,1073.2931995525607
Lunches,LightGBM,1.071219696969697,1073.2931995525607
Lunches,LightGBM,1.0986868686868687,1073.4752333412075
Lunches,LightGBM,1.1261540404040404,1075.2059478058964
Lunches,LightGBM,1.1536212121212122,1074.8513730821903
Lunches,LightGBM,1.1810883838383839,1074.8513730821903
Lunches,LightGBM,1.2085555555555556,1074.4129841597794
Lunches,LightGBM,1.2360227272727273,1074.4129841597794
Lunches,LightGBM,1.263489898989899,1074.4129841597794
Lunches,LightGBM,1.2909570707070708,1074.4129841597794
Lunches,LightGBM,1.3184242424242425,1102.1565946626984
Lunches,LightGBM,1.3458914141414142,1069.7771866000626
Lunches,LightGBM,1.373358585858586,1067.1371729151367
Lunches,LightGBM,1.4008257575757577,1067.1371729151367
Lunches,LightGBM,1.4282929292929294,1067.1371729151367
Lunches,LightGBM,1.4557601010101011,1067.1371729151367
Lunches,LightGBM,1.4832272727272728,1079.353403241468
Lunches,LightGBM,1.5106944444444446,1079.353403241468
Lunches,LightGBM,1.5381616161616163,1079.353403241468
Lunches,LightGBM,1.565628787878788,1079.353403241468
Lunches,LightGBM,1.5930959595959597,1079.353403241468
Lunches,LightGBM,1.6205631313131315,1079.353403241468
Lunches,LightGBM,1.6480303030303032,1093.3134423004722
Lunches,LightGBM,1.675497474747475,1093.3134423004722
Lunches,LightGBM,1.7029646464646466,1093.3134423004722
Lunches,LightGBM,1.7304318181818183,1093.3134423004722
Lunches,LightGBM,1.75789898989899,1008.5314838911424
Lunches,LightGBM,1.7853661616161618,1008.5314838911424
Lunches,LightGBM,1.8128333333333335,1008.5314838911424
Lunches,LightGBM,1.8403005050505052,1008.5314838911424
Lunches,LightGBM,1.867767676767677,1008.5314838911424
Lunches,LightGBM,1.8952348484848487,1008.5314838911424
Lunches,LightGBM,1.9227020202020204,1008.5314838911424
Lunches,LightGBM,1.9501691919191921,1008.5314838911424
Lunches,LightGBM,1.9776363636363639,1008.5314838911424
Lunches,LightGBM,2.0051035353535354,1008.5314838911424
Lunches,LightGBM,2.032570707070707,1008.5314838911424
Lunches,LightGBM,2.060037878787879,1008.5314838911424
Lunches,LightGBM,2.0875050505050505,1008.5314838911424
Lunches,LightGBM,2.1149722222222223,1008.5314838911424
Lunches,LightGBM,2.142439393939394,1008.5314838911424
Lunches,LightGBM,2.1699065656565657,1008.5314838911424
Lunches,LightGBM,2.1973737373737374,1008.5314838911424
Lunches,LightGBM,2.224840909090909,1008.5314838911424
Lunches,LightGBM,2.252308080808081,1090.7947621456244
Lunches,LightGBM,2.2797752525252526,1090.7947621456244
Lunches,LightGBM,2.3072424242424243,1090.7947621456244
Lunches,LightGBM,2.334709595959596,1090.7947621456244
Lunches,LightGBM,2.3621767676767678,1090.7947621456244
Lunches,LightGBM,2.3896439393939395,1090.7947621456244
Lunches,LightGBM,2.417111111111111,1090.7947621456244
Lunches,LightGBM,2.444578282828283,1090.7947621456244
Lunches,LightGBM,2.4720454545454547,1090.7947621456244
Lunches,LightGBM,2.4995126262626264,1090.7947621456244
Lunches,LightGBM,2.526979797979798,1090.7947621456244
Lunches,LightGBM,2.55444696969697,1090.7947621456244
Lunches,LightGBM,2.5819141414141416,1090.7947621456244
Lunches,LightGBM,2.6093813131313133,1090.7947621456244
Lunches,LightGBM,2.636848484848485,1090.7947621456244
Lunches,LightGBM,2.6643156565656567,1090.7947621456244
Lunches,LightGBM,2.6917828282828284,1090.7947621456244
Lunches,LightGBM,2.71925,1090.7947621456244
Lunches,XGBoost,0.0,1133.5782470703125
Lunches,XGBoost,0.02746717171717172,1095.4599609375
Lunches,XGBoost,0.05493434343434344,1077.5430908203125
Lunches,XGBoost,0.08240151515151516,1075.3175048828125
Lunches,XGBoost,0.10986868686868688,1073.264892578125
Lunches,XGBoost,0.1373358585858586,1068.1038818359375
Lunches,XGBoost,0.1648030303030303,1068.4046630859375
Lunches,XGBoost,0.19227020202020204,1079.809814453125
Lunches,XGBoost,0.21973737373737376,1073.7032470703125
Lunches,XGBoost,0.24720454545454548,1075.004150390625
Lunches,XGBoost,0.2746717171717172,1072.0091552734375
Lunches,XGBoost,0.3021388888888889,1068.76318359375
Lunches,XGBoost,0.3296060606060606,1073.6778564453125
Lunches,XGBoost,0.35707323232323235,1076.71484375
Lunches,XGBoost,0.38454040404040407,1076.71484375
Lunches,XGBoost,0.4120075757575758,1079.478515625
Lunches,XGBoost,0.4394747474747475,1074.5086669921875
Lunches,XGBoost,0.46694191919191924,1065.7833251953125
Lunches,XGBoost,0.49440909090909096,1062.6898193359375
Lunches,XGBoost,0.5218762626262626,1064.7257080078125
Lunches,XGBoost,0.5493434343434344,1065.6312255859375
Lunches,XGBoost,0.5768106060606061,1065.1868896484375
Lunches,XGBoost,0.6042777777777778,1068.667236328125
Lunches,XGBoost,0.6317449494949495,1068.667236328125
Lunches,XGBoost,0.6592121212121212,1068.667236328125
Lunches,XGBoost,0.686679292929293,1070.5072021484375
Lunches,XGBoost,0.7141464646464647,1070.5072021484375
Lunches,XGBoost,0.7416136363636364,1079.877685546875
Lunches,XGBoost,0.7690808080808081,1079.877685546875
Lunches,XGBoost,0.7965479797979799,1075.8212890625
Lunches,XGBoost,0.8240151515151516,1075.8212890625
Lunches,XGBoost,0.8514823232323233,1075.8212890625
Lunches,XGBoost,0.878949494949495,1075.86328125
Lunches,XGBoost,0.9064166666666668,1075.86328125
Lunches,XGBoost,0.9338838383838385,1075.86328125
Lunches,XGBoost,0.9613510101010102,1076.2275390625
Lunches,XGBoost,0.9888181818181819,1076.2275390625
Lunches,XGBoost,1.0162853535353535,1074.9000244140625
Lunches,XGBoost,1.0437525252525253,1074.9000244140625
Lunches,XGBoost,1.071219696969697,1074.9000244140625
Lunches,XGBoost,1.0986868686868687,1075.1763916015625
Lunches,XGBoost,1.1261540404040404,1075.1763916015625
Lunches,XGBoost,1.1536212121212122,1075.2337646484375
Lunches,XGBoost,1.1810883838383839,1075.2337646484375
Lunches,XGBoost,1.2085555555555556,1075.2337646484375
Lunches,XGBoost,1.2360227272727273,1079.8192138671875
Lunches,XGBoost,1.263489898989899,1079.8192138671875
Lunches,XGBoost,1.2909570707070708,1079.8192138671875
Lunches,XGBoost,1.3184242424242425,1079.8192138671875
Lunches,XGBoost,1.3458914141414142,1077.8621826171875
Lunches,XGBoost,1.373358585858586,1073.30078125
Lunches,XGBoost,1.4008257575757577,1073.30078125
Lunches,XGBoost,1.4282929292929294,1073.30078125
Lunches,XGBoost,1.4557601010101011,1073.30078125
Lunches,XGBoost,1.4832272727272728,1073.30078125
Lunches,XGBoost,1.5106944444444446,1073.30078125
Lunches,XGBoost,1.5381616161616163,1073.30078125
Lunches,XGBoost,1.565628787878788,1204.072265625
Lunches,XGBoost,1.5930959595959597,1204.072265625
Lunches,XGBoost,1.6205631313131315,1204.072265625
Lunches,XGBoost,1.6480303030303032,1204.072265625
Lunches,XGBoost,1.675497474747475,1204.072265625
Lunches,XGBoost,1.7029646464646466,1204.072265625
Lunches,XGBoost,1.7304318181818183,1204.072265625
Lunches,XGBoost,1.75789898989899,1020.0706176757812
Lunches,XGBoost,1.7853661616161618,1020.0706176757812
Lunches,XGBoost,1.8128333333333335,1020.0706176757812
Lunches,XGBoost,1.8403005050505052,1020.0706176757812
Lunches,XGBoost,1.867767676767677,1020.0706176757812
Lunches,XGBoost,1.8952348484848487,1020.0706176757812
Lunches,XGBoost,1.9227020202020204,1020.0706176757812
Lunches,XGBoost,1.9501691919191921,1020.0706176757812
Lunches,XGBoost,1.9776363636363639,1020.0706176757812
Lunches,XGBoost,2.0051035353535354,1020.0706176757812
Lunches,XGBoost,2.032570707070707,1020.0706176757812
Lunches,XGBoost,2.060037878787879,1020.0706176757812
Lunches,XGBoost,2.0875050505050505,1020.0706176757812
Lunches,XGBoost,2.1149722222222223,1020.0706176757812
Lunches,XGBoost,2.142439393939394,1020.0706176757812
Lunches,XGBoost,2.1699065656565657,1020.0706176757812
Lunches,XGBoost,2.1973737373737374,1020.0706176757812
Lunches,XGBoost,2.224840909090909,1020.0706176757812
Lunches,XGBoost,2.252308080808081,1020.0706176757812
Lunches,XGBoost,2.2797752525252526,1020.0706176757812
Lunches,XGBoost,2.3072424242424243,1020.0706176757812
Lunches,XGBoost,2.334709595959596,1020.0706176757812
Lunches,XGBoost,2.3621767676767678,1020.0706176757812
Lunches,XGBoost,2.3896439393939395,1020.0706176757812
Lunches,XGBoost,2.417111111111111,1020.0706176757812
Lunches,XGBoost,2.444578282828283,1020.0706176757812
Lunches,XGBoost,2.4720454545454547,1020.0706176757812
Lunches,XGBoost,2.4995126262626264,1020.0706176757812
Lunches,XGBoost,2.526979797979798,1020.0706176757812
Lunches,XGBoost,2.55444696969697,1020.0706176757812
Lunches,XGBoost,2.5819141414141416,1020.0706176757812
Lunches,XGBoost,2.6093813131313133,1020.0706176757812
Lunches,XGBoost,2.636848484848485,1020.0706176757812
Lunches,XGBoost,2.6643156565656567,1020.0706176757812
Lunches,XGBoost,2.6917828282828284,1020.0706176757812
Lunches,XGBoost,2.71925,1063.7833251953125
Afternoons,CatBoost,0.0,1240.9747410523296
Afternoons,CatBoost,0.06517424242424243,1188.2748713708286
Afternoons,CatBoost,0.13034848484848485,1213.7790782425911
Afternoons,CatBoost,0.1955227272727273,1199.7171925894647
Afternoons,CatBoost,0.2606969696969697,1178.559724103328
Afternoons,CatBoost,0.3258712121212121,1170.0613154631394
Afternoons,CatBoost,0.3910454545454546,1171.6457881642507
Afternoons,CatBoost,0.456219696969697,1173.6416095999493
Afternoons,CatBoost,0.5213939393939394,1161.9361092222837
Afternoons,CatBoost,0.5865681818181818,1131.8161755327264
Afternoons,CatBoost,0.6517424242424242,1195.5977484614116
Afternoons,CatBoost,0.7169166666666666,1195.5977484614116
Afternoons,CatBoost,0.7820909090909092,1197.8248210578515
Afternoons,CatBoost,0.8472651515151516,1218.1171619780132
Afternoons,CatBoost,0.912439393939394,1198.6847337733975
Afternoons,CatBoost,0.9776136363636364,1198.5416024621984
Afternoons,CatBoost,1.0427878787878788,1205.2914039755385
Afternoons,CatBoost,1.1079621212121213,1179.4501656600073
Afternoons,CatBoost,1.1731363636363636,1187.446598582143
Afternoons,CatBoost,1.2383106060606062,1187.446598582143
Afternoons,CatBoost,1.3034848484848485,1187.446598582143
Afternoons,CatBoost,1.368659090909091,1187.446598582143
Afternoons,CatBoost,1.4338333333333333,1187.446598582143
Afternoons,CatBoost,1.4990075757575758,1187.446598582143
Afternoons,CatBoost,1.5641818181818183,1189.229385723332
Afternoons,CatBoost,1.6293560606060606,1189.229385723332
Afternoons,CatBoost,1.6945303030303032,1189.229385723332
Afternoons,CatBoost,1.7597045454545455,1189.229385723332
Afternoons,CatBoost,1.824878787878788,1189.229385723332
Afternoons,CatBoost,1.8900530303030303,1192.5442102136758
Afternoons,CatBoost,1.9552272727272728,1192.5442102136758
Afternoons,CatBoost,2.0204015151515153,1192.5442102136758
Afternoons,CatBoost,2.0855757575757576,1192.5442102136758
Afternoons,CatBoost,2.15075,1131.846016921191
Afternoons,CatBoost,2.2159242424242427,1131.846016921191
Afternoons,CatBoost,2.281098484848485,1131.846016921191
Afternoons,CatBoost,2.3462727272727273,1131.846016921191
Afternoons,CatBoost,2.4114469696969696,1131.846016921191
Afternoons,CatBoost,2.4766212121212123,1131.846016921191
Afternoons,CatBoost,2.5417954545454546,1131.846016921191
Afternoons,CatBoost,2.606969696969697,1131.846016921191
Afternoons,CatBoost,2.6721439393939397,1131.846016921191
Afternoons,CatBoost,2.737318181818182,1131.846016921191
Afternoons,CatBoost,2.8024924242424243,1131.846016921191
Afternoons,CatBoost,2.8676666666666666,1131.846016921191
Afternoons,CatBoost,2.9328409090909093,1128.7721593480708
Afternoons,CatBoost,2.9980151515151516,1128.7721593480708
Afternoons,CatBoost,3.063189393939394,1128.7721593480708
Afternoons,CatBoost,3.1283636363636367,1128.7721593480708
Afternoons,CatBoost,3.193537878787879,1128.7721593480708
Afternoons,CatBoost,3.2587121212121213,1128.7721593480708
Afternoons,CatBoost,3.3238863636363636,1128.7721593480708
Afternoons,CatBoost,3.3890606060606063,1128.7721593480708
Afternoons,CatBoost,3.4542348484848486,1128.7721593480708
Afternoons,CatBoost,3.519409090909091,1128.7721593480708
Afternoons,CatBoost,3.5845833333333332,1128.7721593480708
Afternoons,CatBoost,3.649757575757576,1128.7721593480708
Afternoons,CatBoost,3.7149318181818183,1128.7721593480708
Afternoons,CatBoost,3.7801060606060606,1128.7721593480708
Afternoons,CatBoost,3.8452803030303033,1128.7721593480708
Afternoons,CatBoost,3.9104545454545456,1128.7721593480708
Afternoons,CatBoost,3.975628787878788,1128.7721593480708
Afternoons,CatBoost,4.040803030303031,1128.7721593480708
Afternoons,CatBoost,4.105977272727273,1128.7721593480708
Afternoons,CatBoost,4.171151515151515,1128.7721593480708
Afternoons,CatBoost,4.236325757575758,1128.7721593480708
Afternoons,CatBoost,4.3015,1128.7721593480708
Afternoons,CatBoost,4.366674242424242,1128.7721593480708
Afternoons,CatBoost,4.431848484848485,1128.7721593480708
Afternoons,CatBoost,4.497022727272728,1128.7721593480708
Afternoons,CatBoost,4.56219696969697,1128.7721593480708
Afternoons,CatBoost,4.627371212121212,1128.7721593480708
Afternoons,CatBoost,4.692545454545455,1128.7721593480708
Afternoons,CatBoost,4.757719696969697,1128.7721593480708
Afternoons,CatBoost,4.822893939393939,1128.7721593480708
Afternoons,CatBoost,4.888068181818182,1128.7721593480708
Afternoons,CatBoost,4.953242424242425,1128.7721593480708
Afternoons,CatBoost,5.018416666666667,1128.7721593480708
Afternoons,CatBoost,5.083590909090909,1128.7721593480708
Afternoons,CatBoost,5.148765151515152,1128.7721593480708
Afternoons,CatBoost,5.213939393939394,1128.7721593480708
Afternoons,CatBoost,5.279113636363636,1128.7721593480708
Afternoons,CatBoost,5.344287878787879,1128.7721593480708
Afternoons,CatBoost,5.409462121212122,1128.7721593480708
Afternoons,CatBoost,5.474636363636364,1128.7721593480708
Afternoons,CatBoost,5.539810606060606,1128.7721593480708
Afternoons,CatBoost,5.604984848484849,1128.7721593480708
Afternoons,CatBoost,5.670159090909091,1128.7721593480708
Afternoons,CatBoost,5.735333333333333,1128.7721593480708
Afternoons,CatBoost,5.800507575757576,1128.7721593480708
Afternoons,CatBoost,5.865681818181819,1128.7721593480708
Afternoons,CatBoost,5.930856060606061,1128.7721593480708
Afternoons,CatBoost,5.996030303030303,1128.7721593480708
Afternoons,CatBoost,6.061204545454546,1128.7721593480708
Afternoons,CatBoost,6.126378787878788,1128.7721593480708
Afternoons,CatBoost,6.19155303030303,1128.7721593480708
Afternoons,CatBoost,6.256727272727273,1128.7721593480708
Afternoons,CatBoost,6.321901515151516,1128.7721593480708
Afternoons,CatBoost,6.387075757575758,1128.7721593480708
Afternoons,CatBoost,6.45225,1128.7721593480708
Afternoons,XGBoost,0.0,1240.5970458984375
Afternoons,XGBoost,0.06517424242424243,1199.365478515625
Afternoons,XGBoost,0.13034848484848485,1225.4293212890625
Afternoons,XGBoost,0.1955227272727273,1227.6136474609375
Afternoons,XGBoost,0.2606969696969697,1183.0458984375
Afternoons,XGBoost,0.3258712121212121,1167.0870361328125
Afternoons,XGBoost,0.3910454545454546,1164.1099853515625
Afternoons,XGBoost,0.456219696969697,1180.45361328125
Afternoons,XGBoost,0.5213939393939394,1167.67333984375
Afternoons,XGBoost,0.5865681818181818,1176.2808837890625
Afternoons,XGBoost,0.6517424242424242,1183.5120849609375
Afternoons,XGBoost,0.7169166666666666,1182.11669921875
Afternoons,XGBoost,0.7820909090909092,1217.0111083984375
Afternoons,XGBoost,0.8472651515151516,1217.2965087890625
Afternoons,XGBoost,0.912439393939394,1186.470703125
Afternoons,XGBoost,0.9776136363636364,1186.4609375
Afternoons,XGBoost,1.0427878787878788,1184.24169921875
Afternoons,XGBoost,1.1079621212121213,1165.840576171875
Afternoons,XGBoost,1.1731363636363636,1165.840576171875
Afternoons,XGBoost,1.2383106060606062,1188.4873046875
Afternoons,XGBoost,1.3034848484848485,1188.4873046875
Afternoons,XGBoost,1.368659090909091,1188.4873046875
Afternoons,XGBoost,1.4338333333333333,1190.4664306640625
Afternoons,XGBoost,1.4990075757575758,1190.4664306640625
Afternoons,XGBoost,1.5641818181818183,1190.4664306640625
Afternoons,XGBoost,1.6293560606060606,1190.4664306640625
Afternoons,XGBoost,1.6945303030303032,1189.6683349609375
Afternoons,XGBoost,1.7597045454545455,1189.6683349609375
Afternoons,XGBoost,1.824878787878788,1189.6683349609375
Afternoons,XGBoost,1.8900530303030303,1189.6683349609375
Afternoons,XGBoost,1.9552272727272728,1177.9918212890625
Afternoons,XGBoost,2.0204015151515153,1177.9918212890625
Afternoons,XGBoost,2.0855757575757576,1177.9918212890625
Afternoons,XGBoost,2.15075,1177.9918212890625
Afternoons,XGBoost,2.2159242424242427,1177.9918212890625
Afternoons,XGBoost,2.281098484848485,1177.9918212890625
Afternoons,XGBoost,2.3462727272727273,1177.9918212890625
Afternoons,XGBoost,2.4114469696969696,1177.9918212890625
Afternoons,XGBoost,2.4766212121212123,1177.9918212890625
Afternoons,XGBoost,2.5417954545454546,1177.9918212890625
Afternoons,XGBoost,2.606969696969697,1177.9918212890625
Afternoons,XGBoost,2.6721439393939397,1177.9918212890625
Afternoons,XGBoost,2.737318181818182,1177.9918212890625
Afternoons,XGBoost,2.8024924242424243,1177.9918212890625
Afternoons,XGBoost,2.8676666666666666,1177.9918212890625
Afternoons,XGBoost,2.9328409090909093,1177.9918212890625
Afternoons,XGBoost,2.9980151515151516,1177.9918212890625
Afternoons,XGBoost,3.063189393939394,1177.9918212890625
Afternoons,XGBoost,3.1283636363636367,1177.9918212890625
Afternoons,XGBoost,3.193537878787879,1177.9918212890625
Afternoons,XGBoost,3.2587121212121213,1177.9918212890625
Afternoons,XGBoost,3.3238863636363636,1177.9918212890625
Afternoons,XGBoost,3.3890606060606063,1177.9918212890625
Afternoons,XGBoost,3.4542348484848486,1177.9918212890625
Afternoons,XGBoost,3.519409090909091,1177.9918212890625
Afternoons,XGBoost,3.5845833333333332,1177.9918212890625
Afternoons,XGBoost,3.649757575757576,1177.9918212890625
Afternoons,XGBoost,3.7149318181818183,1177.9918212890625
Afternoons,XGBoost,3.7801060606060606,1177.9918212890625
Afternoons,XGBoost,3.8452803030303033,1177.9918212890625
Afternoons,XGBoost,3.9104545454545456,1177.9918212890625
Afternoons,XGBoost,3.975628787878788,1177.9918212890625
Afternoons,XGBoost,4.040803030303031,1177.9918212890625
Afternoons,XGBoost,4.105977272727273,1177.9918212890625
Afternoons,XGBoost,4.171151515151515,1177.9918212890625
Afternoons,XGBoost,4.236325757575758,1177.9918212890625
Afternoons,XGBoost,4.3015,1177.9918212890625
Afternoons,XGBoost,4.366674242424242,1177.9918212890625
Afternoons,XGBoost,4.431848484848485,1177.9918212890625
Afternoons,XGBoost,4.497022727272728,1177.9918212890625
Afternoons,XGBoost,4.56219696969697,1177.9918212890625
Afternoons,XGBoost,4.627371212121212,1177.9918212890625
Afternoons,XGBoost,4.692545454545455,1177.9918212890625
Afternoons,XGBoost,4.757719696969697,1177.9918212890625
Afternoons,XGBoost,4.822893939393939,1177.9918212890625
Afternoons,XGBoost,4.888068181818182,1177.9918212890625
Afternoons,XGBoost,4.953242424242425,1177.9918212890625
Afternoons,XGBoost,5.018416666666667,1177.9918212890625
Afternoons,XGBoost,5.083590909090909,1177.9918212890625
Afternoons,XGBoost,5.148765151515152,1177.9918212890625
Afternoons,XGBoost,5.213939393939394,1177.9918212890625
Afternoons,XGBoost,5.279113636363636,1177.9918212890625
Afternoons,XGBoost,5.344287878787879,1177.9918212890625
Afternoons,XGBoost,5.409462121212122,1177.9918212890625
Afternoons,XGBoost,5.474636363636364,1177.9918212890625
Afternoons,XGBoost,5.539810606060606,1177.9918212890625
Afternoons,XGBoost,5.604984848484849,1177.9918212890625
Afternoons,XGBoost,5.670159090909091,1177.9918212890625
Afternoons,XGBoost,5.735333333333333,1177.9918212890625
Afternoons,XGBoost,5.800507575757576,1177.9918212890625
Afternoons,XGBoost,5.865681818181819,1177.9918212890625
Afternoons,XGBoost,5.930856060606061,1177.9918212890625
Afternoons,XGBoost,5.996030303030303,1177.9918212890625
Afternoons,XGBoost,6.061204545454546,1177.9918212890625
Afternoons,XGBoost,6.126378787878788,1177.9918212890625
Afternoons,XGBoost,6.19155303030303,1177.9918212890625
Afternoons,XGBoost,6.256727272727273,1177.9918212890625
Afternoons,XGBoost,6.321901515151516,1177.9918212890625
Afternoons,XGBoost,6.387075757575758,1177.9918212890625
Afternoons,XGBoost,6.45225,1076.3829345703125
Evenings,CatBoost,0.0,550.3567336254424
Evenings,CatBoost,0.04001515151515152,548.4293351979375
Evenings,CatBoost,0.08003030303030303,504.484594176483
Evenings,CatBoost,0.12004545454545455,505.6617550811424
Evenings,CatBoost,0.16006060606060607,499.8972020453993
Evenings,CatBoost,0.20007575757575757,491.39167425319226
Evenings,CatBoost,0.2400909090909091,499.87882868102383
Evenings,CatBoost,0.28010606060606064,500.1126119282358
Evenings,CatBoost,0.32012121212121214,681.6996673124701
Evenings,CatBoost,0.36013636363636364,528.175594271443
Evenings,CatBoost,0.40015151515151515,522.6030542677937
Evenings,CatBoost,0.4401666666666667,525.7753031261457
Evenings,CatBoost,0.4801818181818182,530.6091560834067
Evenings,CatBoost,0.5201969696969697,530.5787707753647
Evenings,CatBoost,0.5602121212121213,545.5625666448168
Evenings,CatBoost,0.6002272727272727,545.5625666448168
Evenings,CatBoost,0.6402424242424243,542.1387242394603
Evenings,CatBoost,0.6802575757575758,541.39924729096
Evenings,CatBoost,0.7202727272727273,541.39924729096
Evenings,CatBoost,0.7602878787878788,541.39924729096
Evenings,CatBoost,0.8003030303030303,542.0021244373711
Evenings,CatBoost,0.8403181818181819,542.0021244373711
Evenings,CatBoost,0.8803333333333334,542.0021244373711
Evenings,CatBoost,0.9203484848484849,542.0021244373711
Evenings,CatBoost,0.9603636363636364,545.3068475088614
Evenings,CatBoost,1.000378787878788,545.3068475088614
Evenings,CatBoost,1.0403939393939394,545.0112694333345
Evenings,CatBoost,1.0804090909090909,545.0112694333345
Evenings,CatBoost,1.1204242424242425,545.0112694333345
Evenings,CatBoost,1.160439393939394,545.0112694333345
Evenings,CatBoost,1.2004545454545454,545.0112694333345
Evenings,CatBoost,1.240469696969697,545.0112694333345
Evenings,CatBoost,1.2804848484848486,545.0112694333345
Evenings,CatBoost,1.3205,545.8672066348613
Evenings,CatBoost,1.3605151515151517,545.8672066348613
Evenings,CatBoost,1.4005303030303031,545.8672066348613
Evenings,CatBoost,1.4405454545454546,550.206714221647
Evenings,CatBoost,1.4805606060606062,550.206714221647
Evenings,CatBoost,1.5205757575757577,605.9888865271574
Evenings,CatBoost,1.5605909090909091,605.9888865271574
Evenings,CatBoost,1.6006060606060606,605.9888865271574
Evenings,CatBoost,1.6406212121212123,605.9888865271574
Evenings,CatBoost,1.6806363636363637,563.8554567091388
Evenings,CatBoost,1.7206515151515152,563.8554567091388
Evenings,CatBoost,1.7606666666666668,563.8554567091388
Evenings,CatBoost,1.8006818181818183,563.8554567091388
Evenings,CatBoost,1.8406969696969697,563.8554567091388
Evenings,CatBoost,1.8807121212121214,562.6861825033121
Evenings,CatBoost,1.9207272727272728,562.6861825033121
Evenings,CatBoost,1.9607424242424243,562.6861825033121
Evenings,CatBoost,2.000757575757576,562.6861825033121
Evenings,CatBoost,2.0407727272727274,562.6861825033121
Evenings,CatBoost,2.080787878787879,562.6861825033121
Evenings,CatBoost,2.1208030303030303,562.6861825033121
Evenings,CatBoost,2.1608181818181817,562.6861825033121
Evenings,CatBoost,2.2008333333333336,562.6861825033121
Evenings,CatBoost,2.240848484848485,562.6861825033121
Evenings,CatBoost,2.2808636363636365,562.6861825033121
Evenings,CatBoost,2.320878787878788,562.6861825033121
Evenings,CatBoost,2.3608939393939394,562.6861825033121
Evenings,CatBoost,2.400909090909091,562.6861825033121
Evenings,CatBoost,2.4409242424242428,562.6861825033121
Evenings,CatBoost,2.480939393939394,563.0175807797151
Evenings,CatBoost,2.5209545454545457,563.0175807797151
Evenings,CatBoost,2.560969696969697,563.0175807797151
Evenings,CatBoost,2.6009848484848486,563.0175807797151
Evenings,CatBoost,2.641,563.0175807797151
Evenings,CatBoost,2.6810151515151515,563.0175807797151
Evenings,CatBoost,2.7210303030303034,563.0175807797151
Evenings,CatBoost,2.761045454545455,563.0175807797151
Evenings,CatBoost,2.8010606060606063,563.0175807797151
Evenings,CatBoost,2.8410757575757577,563.0175807797151
Evenings,CatBoost,2.881090909090909,563.0175807797151
Evenings,CatBoost,2.9211060606060606,563.0175807797151
Evenings,CatBoost,2.9611212121212125,563.0175807797151
Evenings,CatBoost,3.001136363636364,563.0175807797151
Evenings,CatBoost,3.0411515151515154,563.0175807797151
Evenings,CatBoost,3.081166666666667,563.0175807797151
Evenings,CatBoost,3.1211818181818183,563.0175807797151
Evenings,CatBoost,3.1611969696969697,563.0175807797151
Evenings,CatBoost,3.201212121212121,563.0175807797151
Evenings,CatBoost,3.241227272727273,563.0175807797151
Evenings,CatBoost,3.2812424242424245,563.0175807797151
Evenings,CatBoost,3.321257575757576,563.0175807797151
Evenings,CatBoost,3.3612727272727274,563.0175807797151
Evenings,CatBoost,3.401287878787879,563.0175807797151
Evenings,CatBoost,3.4413030303030303,563.0175807797151
Evenings,CatBoost,3.481318181818182,563.0175807797151
Evenings,CatBoost,3.5213333333333336,563.0175807797151
Evenings,CatBoost,3.561348484848485,563.0175807797151
Evenings,CatBoost,3.6013636363636365,563.0175807797151
Evenings,CatBoost,3.641378787878788,563.0175807797151
Evenings,CatBoost,3.6813939393939394,563.0175807797151
Evenings,CatBoost,3.7214090909090913,563.0175807797151
Evenings,CatBoost,3.761424242424243,563.0175807797151
Evenings,CatBoost,3.8014393939393942,563.0175807797151
Evenings,CatBoost,3.8414545454545457,563.0175807797151
Evenings,CatBoost,3.881469696969697,563.0175807797151
Evenings,CatBoost,3.9214848484848486,563.0175807797151
Evenings,CatBoost,3.9615,563.0175807797151
Evenings,LightGBM,0.0,548.2195979868333
Evenings,LightGBM,0.04001515151515152,533.6668356880742
Evenings,LightGBM,0.08003030303030303,505.53936216193176
Evenings,LightGBM,0.12004545454545455,531.4790513109187
Evenings,LightGBM,0.16006060606060607,510.61758582246904
Evenings,LightGBM,0.20007575757575757,513.1958508778259
Evenings,LightGBM,0.2400909090909091,522.5046542490543
Evenings,LightGBM,0.28010606060606064,522.9508297555093
Evenings,LightGBM,0.32012121212121214,525.9468849378012
Evenings,LightGBM,0.36013636363636364,526.2761612046804
Evenings,LightGBM,0.40015151515151515,524.5360029823125
Evenings,LightGBM,0.4401666666666667,532.4477066866082
Evenings,LightGBM,0.4801818181818182,529.8984920856932
Evenings,LightGBM,0.5201969696969697,558.2255179286059
Evenings,LightGBM,0.5602121212121213,557.6167711100871
Evenings,LightGBM,0.6002272727272727,557.6167711100871
Evenings,LightGBM,0.6402424242424243,558.3763634840815
Evenings,LightGBM,0.6802575757575758,558.3930408289299
Evenings,LightGBM,0.7202727272727273,535.8800500839152
Evenings,LightGBM,0.7602878787878788,535.790407361745
Evenings,LightGBM,0.8003030303030303,534.8942811847427
Evenings,LightGBM,0.8403181818181819,535.6938878100742
Evenings,LightGBM,0.8803333333333334,535.6938878100742
Evenings,LightGBM,0.9203484848484849,535.6938878100742
Evenings,LightGBM,0.9603636363636364,535.6938878100742
Evenings,LightGBM,1.000378787878788,536.2321759616259
Evenings,LightGBM,1.0403939393939394,536.2321759616259
Evenings,LightGBM,1.0804090909090909,534.8250232572726
Evenings,LightGBM,1.1204242424242425,534.023625677596
Evenings,LightGBM,1.160439393939394,534.023625677596
Evenings,LightGBM,1.2004545454545454,540.1015612180724
Evenings,LightGBM,1.240469696969697,540.1015612180724
Evenings,LightGBM,1.2804848484848486,540.1015612180724
Evenings,LightGBM,1.3205,540.1015612180724
Evenings,LightGBM,1.3605151515151517,539.8684279936837
Evenings,LightGBM,1.4005303030303031,539.8684279936837
Evenings,LightGBM,1.4405454545454546,529.8376215118166
Evenings,LightGBM,1.4805606060606062,530.2301428329296
Evenings,LightGBM,1.5205757575757577,567.5975870826778
Evenings,LightGBM,1.5605909090909091,573.5798046218705
Evenings,LightGBM,1.6006060606060606,573.5798046218705
Evenings,LightGBM,1.6406212121212123,573.5798046218705
Evenings,LightGBM,1.6806363636363637,548.6460567881717
Evenings,LightGBM,1.7206515151515152,548.6460567881717
Evenings,LightGBM,1.7606666666666668,548.6460567881717
Evenings,LightGBM,1.8006818181818183,526.9135383641108
Evenings,LightGBM,1.8406969696969697,526.9135383641108
Evenings,LightGBM,1.8807121212121214,526.9135383641108
Evenings,LightGBM,1.9207272727272728,526.9135383641108
Evenings,LightGBM,1.9607424242424243,526.9135383641108
Evenings,LightGBM,2.000757575757576,526.9135383641108
Evenings,LightGBM,2.0407727272727274,526.9135383641108
Evenings,LightGBM,2.080787878787879,526.9135383641108
Evenings,LightGBM,2.1208030303030303,526.9135383641108
Evenings,LightGBM,2.1608181818181817,526.9135383641108
Evenings,LightGBM,2.2008333333333336,526.9135383641108
Evenings,LightGBM,2.240848484848485,526.9135383641108
Evenings,LightGBM,2.2808636363636365,526.9135383641108
Evenings,LightGBM,2.320878787878788,526.9135383641108
Evenings,LightGBM,2.3608939393939394,526.9135383641108
Evenings,LightGBM,2.400909090909091,526.9135383641108
Evenings,LightGBM,2.4409242424242428,522.7556957300013
Evenings,LightGBM,2.480939393939394,522.7556957300013
Evenings,LightGBM,2.5209545454545457,522.7556957300013
Evenings,LightGBM,2.560969696969697,522.7556957300013
Evenings,LightGBM,2.6009848484848486,522.7556957300013
Evenings,LightGBM,2.641,522.7556957300013
Evenings,LightGBM,2.6810151515151515,522.7556957300013
Evenings,LightGBM,2.7210303030303034,522.7556957300013
Evenings,LightGBM,2.761045454545455,522.7556957300013
Evenings,LightGBM,2.8010606060606063,522.7556957300013
Evenings,LightGBM,2.8410757575757577,522.7556957300013
Evenings,LightGBM,2.881090909090909,522.7556957300013
Evenings,LightGBM,2.9211060606060606,522.7556957300013
Evenings,LightGBM,2.9611212121212125,522.7556957300013
Evenings,LightGBM,3.001136363636364,522.7556957300013
Evenings,LightGBM,3.0411515151515154,522.7556957300013
Evenings,LightGBM,3.081166666666667,522.7556957300013
Evenings,LightGBM,3.1211818181818183,522.7556957300013
Evenings,LightGBM,3.1611969696969697,522.7556957300013
Evenings,LightGBM,3.201212121212121,522.7556957300013
Evenings,LightGBM,3.241227272727273,522.7556957300013
Evenings,LightGBM,3.2812424242424245,522.7556957300013
Evenings,LightGBM,3.321257575757576,522.7556957300013
Evenings,LightGBM,3.3612727272727274,522.7556957300013
Evenings,LightGBM,3.401287878787879,522.7556957300013
Evenings,LightGBM,3.4413030303030303,522.7556957300013
Evenings,LightGBM,3.481318181818182,522.7556957300013
Evenings,LightGBM,3.5213333333333336,522.7556957300013
Evenings,LightGBM,3.561348484848485,522.7556957300013
Evenings,LightGBM,3.6013636363636365,522.7556957300013
Evenings,LightGBM,3.641378787878788,522.7556957300013
Evenings,LightGBM,3.6813939393939394,522.7556957300013
Evenings,LightGBM,3.7214090909090913,522.7556957300013
Evenings,LightGBM,3.761424242424243,522.7556957300013
Evenings,LightGBM,3.8014393939393942,522.7556957300013
Evenings,LightGBM,3.8414545454545457,522.7556957300013
Evenings,LightGBM,3.881469696969697,522.7556957300013
Evenings,LightGBM,3.9214848484848486,522.7556957300013
Evenings,LightGBM,3.9615,522.7556957300013
Evenings,XGBoost,0.0,551.0861206054688
Evenings,XGBoost,0.04001515151515152,551.21240234375
Evenings,XGBoost,0.08003030303030303,516.8295288085938
Evenings,XGBoost,0.12004545454545455,547.9986572265625
Evenings,XGBoost,0.16006060606060607,524.02783203125
Evenings,XGBoost,0.20007575757575757,527.9116821289062
Evenings,XGBoost,0.2400909090909091,531.5718383789062
Evenings,XGBoost,0.28010606060606064,484.7218933105469
Evenings,XGBoost,0.32012121212121214,537.8885498046875
Evenings,XGBoost,0.36013636363636364,536.4226684570312
Evenings,XGBoost,0.40015151515151515,530.5548095703125
Evenings,XGBoost,0.4401666666666667,534.2761840820312
Evenings,XGBoost,0.4801818181818182,549.3878784179688
Evenings,XGBoost,0.5201969696969697,549.3878784179688
Evenings,XGBoost,0.5602121212121213,549.127685546875
Evenings,XGBoost,0.6002272727272727,547.4335327148438
Evenings,XGBoost,0.6402424242424243,544.26513671875
Evenings,XGBoost,0.6802575757575758,544.392822265625
Evenings,XGBoost,0.7202727272727273,544.392822265625
Evenings,XGBoost,0.7602878787878788,549.3758544921875
Evenings,XGBoost,0.8003030303030303,549.3758544921875
Evenings,XGBoost,0.8403181818181819,549.0360107421875
Evenings,XGBoost,0.8803333333333334,549.0360107421875
Evenings,XGBoost,0.9203484848484849,549.0360107421875
Evenings,XGBoost,0.9603636363636364,549.0360107421875
Evenings,XGBoost,1.000378787878788,549.0360107421875
Evenings,XGBoost,1.0403939393939394,549.0360107421875
Evenings,XGBoost,1.0804090909090909,549.1539916992188
Evenings,XGBoost,1.1204242424242425,549.1539916992188
Evenings,XGBoost,1.160439393939394,549.1539916992188
Evenings,XGBoost,1.2004545454545454,549.62890625
Evenings,XGBoost,1.240469696969697,549.62890625
Evenings,XGBoost,1.2804848484848486,549.62890625
Evenings,XGBoost,1.3205,549.62890625
Evenings,XGBoost,1.3605151515151517,549.62890625
Evenings,XGBoost,1.4005303030303031,549.62890625
Evenings,XGBoost,1.4405454545454546,554.9968872070312
Evenings,XGBoost,1.4805606060606062,554.9968872070312
Evenings,XGBoost,1.5205757575757577,554.9968872070312
Evenings,XGBoost,1.5605909090909091,562.5326538085938
Evenings,XGBoost,1.6006060606060606,562.5326538085938
Evenings,XGBoost,1.6406212121212123,562.5326538085938
Evenings,XGBoost,1.6806363636363637,562.5326538085938
Evenings,XGBoost,1.7206515151515152,562.5326538085938
Evenings,XGBoost,1.7606666666666668,562.5326538085938
Evenings,XGBoost,1.8006818181818183,559.567626953125
Evenings,XGBoost,1.8406969696969697,559.567626953125
Evenings,XGBoost,1.8807121212121214,559.567626953125
Evenings,XGBoost,1.9207272727272728,559.567626953125
Evenings,XGBoost,1.9607424242424243,559.567626953125
Evenings,XGBoost,2.000757575757576,559.567626953125
Evenings,XGBoost,2.0407727272727274,559.567626953125
Evenings,XGBoost,2.080787878787879,559.567626953125
Evenings,XGBoost,2.1208030303030303,559.567626953125
Evenings,XGBoost,2.1608181818181817,559.567626953125
Evenings,XGBoost,2.2008333333333336,559.567626953125
Evenings,XGBoost,2.240848484848485,559.567626953125
Evenings,XGBoost,2.2808636363636365,559.567626953125
Evenings,XGBoost,2.320878787878788,561.822998046875
Evenings,XGBoost,2.3608939393939394,561.822998046875
Evenings,XGBoost,2.400909090909091,561.822998046875
Evenings,XGBoost,2.4409242424242428,561.822998046875
Evenings,XGBoost,2.480939393939394,561.822998046875
Evenings,XGBoost,2.5209545454545457,561.822998046875
Evenings,XGBoost,2.560969696969697,561.822998046875
Evenings,XGBoost,2.6009848484848486,561.822998046875
Evenings,XGBoost,2.641,561.822998046875
Evenings,XGBoost,2.6810151515151515,561.822998046875
Evenings,XGBoost,2.7210303030303034,561.822998046875
Evenings,XGBoost,2.761045454545455,561.822998046875
Evenings,XGBoost,2.8010606060606063,561.822998046875
Evenings,XGBoost,2.8410757575757577,561.822998046875
Evenings,XGBoost,2.881090909090909,561.822998046875
Evenings,XGBoost,2.9211060606060606,561.822998046875
Evenings,XGBoost,2.9611212121212125,561.822998046875
Evenings,XGBoost,3.001136363636364,561.822998046875
Evenings,XGBoost,3.0411515151515154,561.822998046875
Evenings,XGBoost,3.081166666666667,561.822998046875
Evenings,XGBoost,3.1211818181818183,561.822998046875
Evenings,XGBoost,3.1611969696969697,561.822998046875
Evenings,XGBoost,3.201212121212121,561.822998046875
Evenings,XGBoost,3.241227272727273,561.822998046875
Evenings,XGBoost,3.2812424242424245,561.822998046875
Evenings,XGBoost,3.321257575757576,561.822998046875
Evenings,XGBoost,3.3612727272727274,561.822998046875
Evenings,XGBoost,3.401287878787879,561.822998046875
Evenings,XGBoost,3.4413030303030303,561.822998046875
Evenings,XGBoost,3.481318181818182,561.822998046875
Evenings,XGBoost,3.5213333333333336,561.822998046875
Evenings,XGBoost,3.561348484848485,561.822998046875
Evenings,XGBoost,3.6013636363636365,561.822998046875
Evenings,XGBoost,3.641378787878788,561.822998046875
Evenings,XGBoost,3.6813939393939394,561.822998046875
Evenings,XGBoost,3.7214090909090913,561.822998046875
Evenings,XGBoost,3.761424242424243,561.822998046875
Evenings,XGBoost,3.8014393939393942,561.822998046875
Evenings,XGBoost,3.8414545454545457,561.822998046875
Evenings,XGBoost,3.881469696969697,561.822998046875
Evenings,XGBoost,3.9214848484848486,561.822998046875
Evenings,XGBoost,3.9615,561.822998046875
Mornings Special,CatBoost,0.0,302.48507397259
Mornings Special,CatBoost,0.05231060606060606,292.90914708985457
Mornings Special,CatBoost,0.10462121212121211,292.2558607190914
Mornings Special,CatBoost,0.15693181818181817,290.728629429732
Mornings Special,CatBoost,0.20924242424242423,290.4223985754103
Mornings Special,CatBoost,0.2615530303030303,291.1568265009148
Mornings Special,CatBoost,0.31386363636363634,291.1568265009148
Mornings Special,CatBoost,0.3661742424242424,291.8997627715231
Mornings Special,CatBoost,0.41848484848484846,291.84664520753495
Mornings Special,CatBoost,0.4707954545454545,291.84664520753495
Mornings Special,CatBoost,0.5231060606060606,291.84664520753495
Mornings Special,CatBoost,0.5754166666666667,291.55422849320047
Mornings Special,CatBoost,0.6277272727272727,291.55422849320047
Mornings Special,CatBoost,0.6800378787878787,290.90149076009175
Mornings Special,CatBoost,0.7323484848484848,290.90149076009175
Mornings Special,CatBoost,0.7846590909090909,290.6908849278896
Mornings Special,CatBoost,0.8369696969696969,290.64776290654333
Mornings Special,CatBoost,0.8892803030303029,291.6074848057777
Mornings Special,CatBoost,0.941590909090909,291.6074848057777
Mornings Special,CatBoost,0.9939015151515151,292.58167158581296
Mornings Special,CatBoost,1.0462121212121211,291.88700602631724
Mornings Special,CatBoost,1.0985227272727272,291.88700602631724
Mornings Special,CatBoost,1.1508333333333334,291.88700602631724
Mornings Special,CatBoost,1.2031439393939394,291.0779349713293
Mornings Special,CatBoost,1.2554545454545454,290.51544314047067
Mornings Special,CatBoost,1.3077651515151514,301.2364776412036
Mornings Special,CatBoost,1.3600757575757574,301.2364776412036
Mornings Special,CatBoost,1.4123863636363636,301.2364776412036
Mornings Special,CatBoost,1.4646969696969696,299.39452762764034
Mornings Special,CatBoost,1.5170075757575756,293.7106676971988
Mornings Special,CatBoost,1.5693181818181818,293.7106676971988
Mornings Special,CatBoost,1.6216287878787878,293.7106676971988
Mornings Special,CatBoost,1.6739393939393938,293.5929785298543
Mornings Special,CatBoost,1.7262499999999998,293.5929785298543
Mornings Special,CatBoost,1.7785606060606058,293.5929785298543
Mornings Special,CatBoost,1.830871212121212,293.5929785298543
Mornings Special,CatBoost,1.883181818181818,293.5929785298543
Mornings Special,CatBoost,1.935492424242424,293.5929785298543
Mornings Special,CatBoost,1.9878030303030303,293.5929785298543
Mornings Special,CatBoost,2.0401136363636363,293.5929785298543
Mornings Special,CatBoost,2.0924242424242423,293.5929785298543
Mornings Special,CatBoost,2.1447348484848483,293.5929785298543
Mornings Special,CatBoost,2.1970454545454543,291.82304953944634
Mornings Special,CatBoost,2.2493560606060603,291.82304953944634
Mornings Special,CatBoost,2.3016666666666667,291.82304953944634
Mornings Special,CatBoost,2.3539772727272728,291.82304953944634
Mornings Special,CatBoost,2.4062878787878788,291.82304953944634
Mornings Special,CatBoost,2.4585984848484848,291.82304953944634
Mornings Special,CatBoost,2.5109090909090908,291.82304953944634
Mornings Special,CatBoost,2.5632196969696968,291.82304953944634
Mornings Special,CatBoost,2.6155303030303028,290.9080942661092
Mornings Special,CatBoost,2.6678409090909088,290.9080942661092
Mornings Special,CatBoost,2.7201515151515148,290.9080942661092
Mornings Special,CatBoost,2.772462121212121,290.9080942661092
Mornings Special,CatBoost,2.824772727272727,290.9080942661092
Mornings Special,CatBoost,2.877083333333333,290.9080942661092
Mornings Special,CatBoost,2.929393939393939,290.9080942661092
Mornings Special,CatBoost,2.981704545454545,290.9080942661092
Mornings Special,CatBoost,3.034015151515151,290.9080942661092
Mornings Special,CatBoost,3.0863257575757572,290.9080942661092
Mornings Special,CatBoost,3.1386363636363637,290.9080942661092
Mornings Special,CatBoost,3.1909469696969697,290.9080942661092
Mornings Special,CatBoost,3.2432575757575757,290.9080942661092
Mornings Special,CatBoost,3.2955681818181817,290.9080942661092
Mornings Special,CatBoost,3.3478787878787877,290.9080942661092
Mornings Special,CatBoost,3.4001893939393937,290.9080942661092
Mornings Special,CatBoost,3.4524999999999997,290.9080942661092
Mornings Special,CatBoost,3.5048106060606057,290.9080942661092
Mornings Special,CatBoost,3.5571212121212117,290.8785470056851
Mornings Special,CatBoost,3.609431818181818,290.8785470056851
Mornings Special,CatBoost,3.661742424242424,290.8785470056851
Mornings Special,CatBoost,3.71405303030303,290.8785470056851
Mornings Special,CatBoost,3.766363636363636,290.8785470056851
Mornings Special,CatBoost,3.818674242424242,290.8785470056851
Mornings Special,CatBoost,3.870984848484848,290.8785470056851
Mornings Special,CatBoost,3.923295454545454,290.8785470056851
Mornings Special,CatBoost,3.9756060606060606,290.8785470056851
Mornings Special,CatBoost,4.027916666666666,290.8785470056851
Mornings Special,CatBoost,4.080227272727273,290.8785470056851
Mornings Special,CatBoost,4.132537878787878,290.8785470056851
Mornings Special,CatBoost,4.184848484848485,290.8785470056851
Mornings Special,CatBoost,4.237159090909091,290.8785470056851
Mornings Special,CatBoost,4.289469696969697,290.8785470056851
Mornings Special,CatBoost,4.341780303030303,290.8785470056851
Mornings Special,CatBoost,4.394090909090909,290.8785470056851
Mornings Special,CatBoost,4.446401515151515,290.8785470056851
Mornings Special,CatBoost,4.498712121212121,290.8785470056851
Mornings Special,CatBoost,4.551022727272727,290.8785470056851
Mornings Special,CatBoost,4.6033333333333335,290.8785470056851
Mornings Special,CatBoost,4.655643939393939,290.8785470056851
Mornings Special,CatBoost,4.7079545454545455,290.8785470056851
Mornings Special,CatBoost,4.760265151515151,290.8785470056851
Mornings Special,CatBoost,4.8125757575757575,290.8785470056851
Mornings Special,CatBoost,4.864886363636363,290.8785470056851
Mornings Special,CatBoost,4.9171969696969695,290.8785470056851
Mornings Special,CatBoost,4.969507575757575,290.8785470056851
Mornings Special,CatBoost,5.0218181818181815,290.8785470056851
Mornings Special,CatBoost,5.074128787878788,290.8785470056851
Mornings Special,CatBoost,5.1264393939393935,290.8785470056851
Mornings Special,CatBoost,5.17875,290.8785470056851
