Dataset,Model,Visual complexity mean,Predicted Value
All,CatBoost,1.54099734303256,579.8338186676643
All,CatBoost,1.5469140865954338,579.8338186676643
All,CatBoost,1.5528308301583078,580.0396585889501
All,CatBoost,1.5587475737211816,580.0396585889501
All,CatBoost,1.5646643172840555,580.0396585889501
All,CatBoost,1.5705810608469293,580.0396585889501
All,CatBoost,1.576497804409803,580.0396585889501
All,CatBoost,1.582414547972677,580.7466583031896
All,CatBoost,1.5883312915355507,580.7466583031896
All,CatBoost,1.5942480350984247,580.7466583031896
All,CatBoost,1.6001647786612985,580.7466583031896
All,CatBoost,1.6060815222241722,580.7466583031896
All,CatBoost,1.6119982657870462,580.7466583031896
All,CatBoost,1.61791500934992,580.7466583031896
All,CatBoost,1.623831752912794,580.7466583031896
All,CatBoost,1.6297484964756677,580.7466583031896
All,CatBoost,1.6356652400385414,582.3438705968032
All,CatBoost,1.6415819836014154,582.3438705968032
All,CatBoost,1.6474987271642891,582.3438705968032
All,CatBoost,1.6534154707271629,582.3438705968032
All,CatBoost,1.6593322142900369,582.3438705968032
All,CatBoost,1.6652489578529106,582.3438705968032
All,CatBoost,1.6711657014157846,582.3438705968032
All,CatBoost,1.6770824449786583,582.3438705968032
All,CatBoost,1.6829991885415323,582.3438705968032
All,CatBoost,1.688915932104406,582.3438705968032
All,CatBoost,1.6948326756672798,582.3438705968032
All,CatBoost,1.7007494192301538,575.4361037181684
All,CatBoost,1.7066661627930275,575.4361037181684
All,CatBoost,1.7125829063559013,575.3802265691271
All,CatBoost,1.7184996499187752,575.3802265691271
All,CatBoost,1.724416393481649,575.3602933958599
All,CatBoost,1.730333137044523,575.3602933958599
All,CatBoost,1.7362498806073967,575.3602933958599
All,CatBoost,1.7421666241702705,575.3602933958599
All,CatBoost,1.7480833677331444,575.2019567579255
All,CatBoost,1.7540001112960182,575.2019567579255
All,CatBoost,1.7599168548588922,575.2019567579255
All,CatBoost,1.765833598421766,575.2233082005114
All,CatBoost,1.7717503419846397,575.2233082005114
All,CatBoost,1.7776670855475136,575.2233082005114
All,CatBoost,1.7835838291103874,575.2233082005114
All,CatBoost,1.7895005726732613,575.5702107259384
All,CatBoost,1.795417316236135,575.6041224146023
All,CatBoost,1.8013340597990088,575.6130766321821
All,CatBoost,1.8072508033618828,575.6130766321821
All,CatBoost,1.8131675469247566,575.8271165058857
All,CatBoost,1.8190842904876305,577.0620436879235
All,CatBoost,1.8250010340505043,605.5022933221725
All,CatBoost,1.830917777613378,623.7715149882764
All,CatBoost,1.836834521176252,623.7715149882764
All,CatBoost,1.8427512647391258,623.7715149882764
All,CatBoost,1.8486680083019995,626.5104509834466
All,CatBoost,1.8545847518648735,622.4244569128164
All,CatBoost,1.8605014954277472,622.4244569128164
All,CatBoost,1.8664182389906212,622.6856621038372
All,CatBoost,1.872334982553495,622.6856621038372
All,CatBoost,1.878251726116369,622.6856621038372
All,CatBoost,1.8841684696792427,622.6856621038372
All,CatBoost,1.8900852132421164,622.6856621038372
All,CatBoost,1.8960019568049904,622.6856621038372
All,CatBoost,1.9019187003678641,622.6856621038372
All,CatBoost,1.907835443930738,622.6856621038372
All,CatBoost,1.9137521874936119,617.0723365865115
All,CatBoost,1.9196689310564856,615.8479465234968
All,CatBoost,1.9255856746193596,615.8479465234968
All,CatBoost,1.9315024181822333,615.8479465234968
All,CatBoost,1.9374191617451073,616.0968844599234
All,CatBoost,1.943335905307981,616.0968844599234
All,CatBoost,1.9492526488708548,615.2667465519507
All,CatBoost,1.9551693924337288,615.2667465519507
All,CatBoost,1.9610861359966025,615.2667465519507
All,CatBoost,1.9670028795594763,615.2667465519507
All,CatBoost,1.9729196231223503,615.2667465519507
All,CatBoost,1.978836366685224,615.8770533624304
All,CatBoost,1.9847531102480978,615.8770533624304
All,CatBoost,1.9906698538109717,615.8770533624304
All,CatBoost,1.9965865973738457,615.8770533624304
All,CatBoost,2.0025033409367192,615.8770533624304
All,CatBoost,2.008420084499593,615.8770533624304
All,CatBoost,2.014336828062467,615.8770533624304
All,CatBoost,2.020253571625341,619.3001059954906
All,CatBoost,2.0261703151882147,619.3001059954906
All,CatBoost,2.0320870587510886,619.3001059954906
All,CatBoost,2.0380038023139626,619.3001059954906
All,CatBoost,2.043920545876836,619.3001059954906
All,CatBoost,2.04983728943971,619.3001059954906
All,CatBoost,2.055754033002584,619.3001059954906
All,CatBoost,2.0616707765654576,619.3001059954906
All,CatBoost,2.0675875201283316,619.3001059954906
All,CatBoost,2.0735042636912056,619.3001059954906
All,CatBoost,2.079421007254079,619.3001059954906
All,CatBoost,2.085337750816953,619.3001059954906
All,CatBoost,2.091254494379827,619.3001059954906
All,CatBoost,2.0971712379427006,619.3001059954906
All,CatBoost,2.1030879815055745,619.3001059954906
All,CatBoost,2.1090047250684485,619.3001059954906
All,CatBoost,2.1149214686313225,619.3001059954906
All,CatBoost,2.120838212194196,619.3001059954906
All,CatBoost,2.12675495575707,619.3001059954906
All,LightGBM,1.54099734303256,574.9023795666423
All,LightGBM,1.5469140865954338,574.9023795666423
All,LightGBM,1.5528308301583078,579.2653292787811
All,LightGBM,1.5587475737211816,579.2653292787811
All,LightGBM,1.5646643172840555,579.2653292787811
All,LightGBM,1.5705810608469293,579.2653292787811
All,LightGBM,1.576497804409803,579.2653292787811
All,LightGBM,1.582414547972677,583.222478735094
All,LightGBM,1.5883312915355507,583.222478735094
All,LightGBM,1.5942480350984247,583.222478735094
All,LightGBM,1.6001647786612985,583.222478735094
All,LightGBM,1.6060815222241722,583.222478735094
All,LightGBM,1.6119982657870462,583.222478735094
All,LightGBM,1.61791500934992,583.222478735094
All,LightGBM,1.623831752912794,583.222478735094
All,LightGBM,1.6297484964756677,583.222478735094
All,LightGBM,1.6356652400385414,587.6020248305252
All,LightGBM,1.6415819836014154,587.6020248305252
All,LightGBM,1.6474987271642891,587.6020248305252
All,LightGBM,1.6534154707271629,587.6020248305252
All,LightGBM,1.6593322142900369,587.6020248305252
All,LightGBM,1.6652489578529106,587.6020248305252
All,LightGBM,1.6711657014157846,587.6550035847278
All,LightGBM,1.6770824449786583,587.6550035847278
All,LightGBM,1.6829991885415323,587.14703419772
All,LightGBM,1.688915932104406,587.14703419772
All,LightGBM,1.6948326756672798,567.6696960745877
All,LightGBM,1.7007494192301538,561.438973248436
All,LightGBM,1.7066661627930275,561.438973248436
All,LightGBM,1.7125829063559013,561.3670656393836
All,LightGBM,1.7184996499187752,561.3670656393836
All,LightGBM,1.724416393481649,561.644109031965
All,LightGBM,1.730333137044523,561.644109031965
All,LightGBM,1.7362498806073967,561.6679265878872
All,LightGBM,1.7421666241702705,561.6679265878872
All,LightGBM,1.7480833677331444,561.5378154243332
All,LightGBM,1.7540001112960182,561.5378154243332
All,LightGBM,1.7599168548588922,561.4824691109867
All,LightGBM,1.765833598421766,561.2952614278715
All,LightGBM,1.7717503419846397,561.9960275338792
All,LightGBM,1.7776670855475136,561.9960275338792
All,LightGBM,1.7835838291103874,562.4946276038944
All,LightGBM,1.7895005726732613,561.712531910268
All,LightGBM,1.795417316236135,561.2650277354988
All,LightGBM,1.8013340597990088,560.413659445048
All,LightGBM,1.8072508033618828,584.8447711543237
All,LightGBM,1.8131675469247566,584.9158139331395
All,LightGBM,1.8190842904876305,584.4490510522648
All,LightGBM,1.8250010340505043,590.6002904019155
All,LightGBM,1.830917777613378,599.1694358147923
All,LightGBM,1.836834521176252,599.1694358147923
All,LightGBM,1.8427512647391258,599.7206805969147
All,LightGBM,1.8486680083019995,602.8892991091168
All,LightGBM,1.8545847518648735,616.5860475663685
All,LightGBM,1.8605014954277472,616.5860475663685
All,LightGBM,1.8664182389906212,616.448119708666
All,LightGBM,1.872334982553495,616.448119708666
All,LightGBM,1.878251726116369,616.448119708666
All,LightGBM,1.8841684696792427,616.448119708666
All,LightGBM,1.8900852132421164,616.448119708666
All,LightGBM,1.8960019568049904,616.448119708666
All,LightGBM,1.9019187003678641,614.3606431590879
All,LightGBM,1.907835443930738,614.3606431590879
All,LightGBM,1.9137521874936119,617.9462364689923
All,LightGBM,1.9196689310564856,618.0135422575079
All,LightGBM,1.9255856746193596,618.0135422575079
All,LightGBM,1.9315024181822333,618.0135422575079
All,LightGBM,1.9374191617451073,645.2606413935721
All,LightGBM,1.943335905307981,645.2606413935721
All,LightGBM,1.9492526488708548,644.6891970665711
All,LightGBM,1.9551693924337288,644.7681352164432
All,LightGBM,1.9610861359966025,644.7681352164432
All,LightGBM,1.9670028795594763,644.7681352164432
All,LightGBM,1.9729196231223503,644.7681352164432
All,LightGBM,1.978836366685224,644.7681352164432
All,LightGBM,1.9847531102480978,644.7681352164432
All,LightGBM,1.9906698538109717,644.7681352164432
All,LightGBM,1.9965865973738457,644.7681352164432
All,LightGBM,2.0025033409367192,644.7681352164432
All,LightGBM,2.008420084499593,644.7681352164432
All,LightGBM,2.014336828062467,644.7681352164432
All,LightGBM,2.020253571625341,644.7985375643252
All,LightGBM,2.0261703151882147,644.7985375643252
All,LightGBM,2.0320870587510886,644.7985375643252
All,LightGBM,2.0380038023139626,644.7985375643252
All,LightGBM,2.043920545876836,644.7985375643252
All,LightGBM,2.04983728943971,644.7985375643252
All,LightGBM,2.055754033002584,644.7985375643252
All,LightGBM,2.0616707765654576,644.7985375643252
All,LightGBM,2.0675875201283316,644.7985375643252
All,LightGBM,2.0735042636912056,644.7985375643252
All,LightGBM,2.079421007254079,644.7985375643252
All,LightGBM,2.085337750816953,656.0796529852987
All,LightGBM,2.091254494379827,656.0796529852987
All,LightGBM,2.0971712379427006,656.0796529852987
All,LightGBM,2.1030879815055745,656.0796529852987
All,LightGBM,2.1090047250684485,656.0796529852987
All,LightGBM,2.1149214686313225,656.0796529852987
All,LightGBM,2.120838212194196,656.0796529852987
All,LightGBM,2.12675495575707,656.0796529852987
All,XGBoost,1.54099734303256,609.021240234375
All,XGBoost,1.5469140865954338,609.021240234375
All,XGBoost,1.5528308301583078,609.021240234375
All,XGBoost,1.5587475737211816,610.115478515625
All,XGBoost,1.5646643172840555,610.115478515625
All,XGBoost,1.5705810608469293,610.115478515625
All,XGBoost,1.576497804409803,610.115478515625
All,XGBoost,1.582414547972677,610.115478515625
All,XGBoost,1.5883312915355507,610.115478515625
All,XGBoost,1.5942480350984247,610.115478515625
All,XGBoost,1.6001647786612985,610.115478515625
All,XGBoost,1.6060815222241722,610.115478515625
All,XGBoost,1.6119982657870462,610.2077026367188
All,XGBoost,1.61791500934992,610.2077026367188
All,XGBoost,1.623831752912794,610.2077026367188
All,XGBoost,1.6297484964756677,610.2077026367188
All,XGBoost,1.6356652400385414,610.2077026367188
All,XGBoost,1.6415819836014154,610.2077026367188
All,XGBoost,1.6474987271642891,610.2077026367188
All,XGBoost,1.6534154707271629,610.2077026367188
All,XGBoost,1.6593322142900369,608.208984375
All,XGBoost,1.6652489578529106,608.208984375
All,XGBoost,1.6711657014157846,608.208984375
All,XGBoost,1.6770824449786583,608.1708984375
All,XGBoost,1.6829991885415323,606.435302734375
All,XGBoost,1.688915932104406,605.0478515625
All,XGBoost,1.6948326756672798,605.0478515625
All,XGBoost,1.7007494192301538,588.6752319335938
All,XGBoost,1.7066661627930275,577.369140625
All,XGBoost,1.7125829063559013,577.369140625
All,XGBoost,1.7184996499187752,577.369140625
All,XGBoost,1.724416393481649,577.1498413085938
All,XGBoost,1.730333137044523,577.0596313476562
All,XGBoost,1.7362498806073967,577.3175048828125
All,XGBoost,1.7421666241702705,577.3175048828125
All,XGBoost,1.7480833677331444,577.3175048828125
All,XGBoost,1.7540001112960182,574.8822021484375
All,XGBoost,1.7599168548588922,574.9462280273438
All,XGBoost,1.765833598421766,574.9462280273438
All,XGBoost,1.7717503419846397,574.9462280273438
All,XGBoost,1.7776670855475136,575.9312744140625
All,XGBoost,1.7835838291103874,575.9312744140625
All,XGBoost,1.7895005726732613,572.5673217773438
All,XGBoost,1.795417316236135,572.5673217773438
All,XGBoost,1.8013340597990088,572.1519165039062
All,XGBoost,1.8072508033618828,584.8718872070312
All,XGBoost,1.8131675469247566,584.8718872070312
All,XGBoost,1.8190842904876305,583.4373168945312
All,XGBoost,1.8250010340505043,583.8158569335938
All,XGBoost,1.830917777613378,594.5232543945312
All,XGBoost,1.836834521176252,594.5232543945312
All,XGBoost,1.8427512647391258,594.5232543945312
All,XGBoost,1.8486680083019995,595.3863525390625
All,XGBoost,1.8545847518648735,596.5965576171875
All,XGBoost,1.8605014954277472,596.5965576171875
All,XGBoost,1.8664182389906212,596.5965576171875
All,XGBoost,1.872334982553495,596.5965576171875
All,XGBoost,1.878251726116369,596.5965576171875
All,XGBoost,1.8841684696792427,599.9776000976562
All,XGBoost,1.8900852132421164,599.9776000976562
All,XGBoost,1.8960019568049904,599.9776000976562
All,XGBoost,1.9019187003678641,599.9776000976562
All,XGBoost,1.907835443930738,599.9776000976562
All,XGBoost,1.9137521874936119,599.9038696289062
All,XGBoost,1.9196689310564856,600.083251953125
All,XGBoost,1.9255856746193596,601.0748901367188
All,XGBoost,1.9315024181822333,601.0748901367188
All,XGBoost,1.9374191617451073,601.0748901367188
All,XGBoost,1.943335905307981,601.0748901367188
All,XGBoost,1.9492526488708548,615.4314575195312
All,XGBoost,1.9551693924337288,615.4314575195312
All,XGBoost,1.9610861359966025,615.4314575195312
All,XGBoost,1.9670028795594763,615.4314575195312
All,XGBoost,1.9729196231223503,615.4314575195312
All,XGBoost,1.978836366685224,615.4314575195312
All,XGBoost,1.9847531102480978,615.4314575195312
All,XGBoost,1.9906698538109717,615.4314575195312
All,XGBoost,1.9965865973738457,615.4314575195312
All,XGBoost,2.0025033409367192,615.4314575195312
All,XGBoost,2.008420084499593,615.4314575195312
All,XGBoost,2.014336828062467,615.4314575195312
All,XGBoost,2.020253571625341,615.4314575195312
All,XGBoost,2.0261703151882147,615.4314575195312
All,XGBoost,2.0320870587510886,615.4314575195312
All,XGBoost,2.0380038023139626,615.4314575195312
All,XGBoost,2.043920545876836,615.4314575195312
All,XGBoost,2.04983728943971,615.4314575195312
All,XGBoost,2.055754033002584,615.4314575195312
All,XGBoost,2.0616707765654576,615.4314575195312
All,XGBoost,2.0675875201283316,615.4314575195312
All,XGBoost,2.0735042636912056,615.4314575195312
All,XGBoost,2.079421007254079,615.4314575195312
All,XGBoost,2.085337750816953,615.4314575195312
All,XGBoost,2.091254494379827,615.4314575195312
All,XGBoost,2.0971712379427006,615.4314575195312
All,XGBoost,2.1030879815055745,615.4314575195312
All,XGBoost,2.1090047250684485,615.4314575195312
All,XGBoost,2.1149214686313225,615.4314575195312
All,XGBoost,2.120838212194196,615.4314575195312
All,XGBoost,2.12675495575707,615.4314575195312
Lunches,CatBoost,1.54099734303256,1044.4421064436324
Lunches,CatBoost,1.5469140865954338,1044.4421064436324
Lunches,CatBoost,1.5528308301583078,1045.0789130345001
Lunches,CatBoost,1.5587475737211816,1045.0789130345001
Lunches,CatBoost,1.5646643172840555,1045.0789130345001
Lunches,CatBoost,1.5705810608469293,1045.0789130345001
Lunches,CatBoost,1.576497804409803,1045.0789130345001
Lunches,CatBoost,1.582414547972677,1045.0789130345001
Lunches,CatBoost,1.5883312915355507,1045.0789130345001
Lunches,CatBoost,1.5942480350984247,1045.0789130345001
Lunches,CatBoost,1.6001647786612985,1045.0789130345001
Lunches,CatBoost,1.6060815222241722,1045.0789130345001
Lunches,CatBoost,1.6119982657870462,1045.0789130345001
Lunches,CatBoost,1.61791500934992,1045.0789130345001
Lunches,CatBoost,1.623831752912794,1045.0789130345001
Lunches,CatBoost,1.6297484964756677,1045.0789130345001
Lunches,CatBoost,1.6356652400385414,1046.2341108846872
Lunches,CatBoost,1.6415819836014154,1046.2341108846872
Lunches,CatBoost,1.6474987271642891,1046.2341108846872
Lunches,CatBoost,1.6534154707271629,1046.2341108846872
Lunches,CatBoost,1.6593322142900369,1046.2341108846872
Lunches,CatBoost,1.6652489578529106,1046.2341108846872
Lunches,CatBoost,1.6711657014157846,1046.2341108846872
Lunches,CatBoost,1.6770824449786583,1046.2341108846872
Lunches,CatBoost,1.6829991885415323,1046.2341108846872
Lunches,CatBoost,1.688915932104406,1046.2341108846872
Lunches,CatBoost,1.6948326756672798,1046.2341108846872
Lunches,CatBoost,1.7007494192301538,1046.2341108846872
Lunches,CatBoost,1.7066661627930275,1046.2341108846872
Lunches,CatBoost,1.7125829063559013,1045.9214282854032
Lunches,CatBoost,1.7184996499187752,1045.9214282854032
Lunches,CatBoost,1.724416393481649,1045.9214282854032
Lunches,CatBoost,1.730333137044523,1045.9214282854032
Lunches,CatBoost,1.7362498806073967,1045.9214282854032
Lunches,CatBoost,1.7421666241702705,1045.9214282854032
Lunches,CatBoost,1.7480833677331444,1045.9214282854032
Lunches,CatBoost,1.7540001112960182,1045.9214282854032
Lunches,CatBoost,1.7599168548588922,1045.9214282854032
Lunches,CatBoost,1.765833598421766,1045.9214282854032
Lunches,CatBoost,1.7717503419846397,1046.4351023710267
Lunches,CatBoost,1.7776670855475136,1046.4351023710267
Lunches,CatBoost,1.7835838291103874,1046.4351023710267
Lunches,CatBoost,1.7895005726732613,1052.6635451078607
Lunches,CatBoost,1.795417316236135,1060.1640312745617
Lunches,CatBoost,1.8013340597990088,1063.8210273395791
Lunches,CatBoost,1.8072508033618828,1075.0062911379985
Lunches,CatBoost,1.8131675469247566,1075.0516878944889
Lunches,CatBoost,1.8190842904876305,1087.9894204489012
Lunches,CatBoost,1.8250010340505043,1118.2284098622615
Lunches,CatBoost,1.830917777613378,1123.2502907780126
Lunches,CatBoost,1.836834521176252,1123.2502907780126
Lunches,CatBoost,1.8427512647391258,1133.851084228915
Lunches,CatBoost,1.8486680083019995,1138.2983217418785
Lunches,CatBoost,1.8545847518648735,1138.379604837143
Lunches,CatBoost,1.8605014954277472,1138.379604837143
Lunches,CatBoost,1.8664182389906212,1138.379604837143
Lunches,CatBoost,1.872334982553495,1138.379604837143
Lunches,CatBoost,1.878251726116369,1138.379604837143
Lunches,CatBoost,1.8841684696792427,1138.379604837143
Lunches,CatBoost,1.8900852132421164,1138.379604837143
Lunches,CatBoost,1.8960019568049904,1138.379604837143
Lunches,CatBoost,1.9019187003678641,1138.379604837143
Lunches,CatBoost,1.907835443930738,1138.379604837143
Lunches,CatBoost,1.9137521874936119,1147.3630329309383
Lunches,CatBoost,1.9196689310564856,1146.4110025154976
Lunches,CatBoost,1.9255856746193596,1146.4110025154976
Lunches,CatBoost,1.9315024181822333,1146.4110025154976
Lunches,CatBoost,1.9374191617451073,1146.6986117278245
Lunches,CatBoost,1.943335905307981,1146.6986117278245
Lunches,CatBoost,1.9492526488708548,1146.6986117278245
Lunches,CatBoost,1.9551693924337288,1143.4009515472926
Lunches,CatBoost,1.9610861359966025,1143.4009515472926
Lunches,CatBoost,1.9670028795594763,1143.4009515472926
Lunches,CatBoost,1.9729196231223503,1143.4009515472926
Lunches,CatBoost,1.978836366685224,1142.344384241656
Lunches,CatBoost,1.9847531102480978,1142.344384241656
Lunches,CatBoost,1.9906698538109717,1142.344384241656
Lunches,CatBoost,1.9965865973738457,1142.344384241656
Lunches,CatBoost,2.0025033409367192,1142.344384241656
Lunches,CatBoost,2.008420084499593,1142.344384241656
Lunches,CatBoost,2.014336828062467,1142.344384241656
Lunches,CatBoost,2.020253571625341,1142.344384241656
Lunches,CatBoost,2.0261703151882147,1142.344384241656
Lunches,CatBoost,2.0320870587510886,1142.344384241656
Lunches,CatBoost,2.0380038023139626,1142.344384241656
Lunches,CatBoost,2.043920545876836,1142.344384241656
Lunches,CatBoost,2.04983728943971,1142.344384241656
Lunches,CatBoost,2.055754033002584,1142.344384241656
Lunches,CatBoost,2.0616707765654576,1142.344384241656
Lunches,CatBoost,2.0675875201283316,1142.344384241656
Lunches,CatBoost,2.0735042636912056,1142.344384241656
Lunches,CatBoost,2.079421007254079,1142.344384241656
Lunches,CatBoost,2.085337750816953,1138.9641336488644
Lunches,CatBoost,2.091254494379827,1138.9641336488644
Lunches,CatBoost,2.0971712379427006,1138.9641336488644
Lunches,CatBoost,2.1030879815055745,1138.9641336488644
Lunches,CatBoost,2.1090047250684485,1138.9641336488644
Lunches,CatBoost,2.1149214686313225,1138.9641336488644
Lunches,CatBoost,2.120838212194196,1138.9641336488644
Lunches,CatBoost,2.12675495575707,1138.9641336488644
Lunches,LightGBM,1.54099734303256,916.180257204865
Lunches,LightGBM,1.5469140865954338,916.180257204865
Lunches,LightGBM,1.5528308301583078,916.9355286226206
Lunches,LightGBM,1.5587475737211816,916.9355286226206
Lunches,LightGBM,1.5646643172840555,916.9355286226206
Lunches,LightGBM,1.5705810608469293,916.9355286226206
Lunches,LightGBM,1.576497804409803,916.9355286226206
Lunches,LightGBM,1.582414547972677,916.9355286226206
Lunches,LightGBM,1.5883312915355507,916.9355286226206
Lunches,LightGBM,1.5942480350984247,916.9355286226206
Lunches,LightGBM,1.6001647786612985,916.9355286226206
Lunches,LightGBM,1.6060815222241722,916.9355286226206
Lunches,LightGBM,1.6119982657870462,916.9355286226206
Lunches,LightGBM,1.61791500934992,916.9355286226206
Lunches,LightGBM,1.623831752912794,916.9355286226206
Lunches,LightGBM,1.6297484964756677,916.9355286226206
Lunches,LightGBM,1.6356652400385414,917.3273356063421
Lunches,LightGBM,1.6415819836014154,917.3273356063421
Lunches,LightGBM,1.6474987271642891,917.3273356063421
Lunches,LightGBM,1.6534154707271629,917.3273356063421
Lunches,LightGBM,1.6593322142900369,917.3273356063421
Lunches,LightGBM,1.6652489578529106,917.3273356063421
Lunches,LightGBM,1.6711657014157846,917.3273356063421
Lunches,LightGBM,1.6770824449786583,917.3273356063421
Lunches,LightGBM,1.6829991885415323,917.3273356063421
Lunches,LightGBM,1.688915932104406,917.3273356063421
Lunches,LightGBM,1.6948326756672798,917.3167072474898
Lunches,LightGBM,1.7007494192301538,914.2889582217821
Lunches,LightGBM,1.7066661627930275,914.2889582217821
Lunches,LightGBM,1.7125829063559013,914.2730633828835
Lunches,LightGBM,1.7184996499187752,914.2730633828835
Lunches,LightGBM,1.724416393481649,913.6988871016736
Lunches,LightGBM,1.730333137044523,913.6988871016736
Lunches,LightGBM,1.7362498806073967,913.6988871016736
Lunches,LightGBM,1.7421666241702705,913.6988871016736
Lunches,LightGBM,1.7480833677331444,913.5489408345807
Lunches,LightGBM,1.7540001112960182,913.5489408345807
Lunches,LightGBM,1.7599168548588922,913.5489408345807
Lunches,LightGBM,1.765833598421766,894.3186811177579
Lunches,LightGBM,1.7717503419846397,939.9184050408678
Lunches,LightGBM,1.7776670855475136,939.9184050408678
Lunches,LightGBM,1.7835838291103874,908.5627119260024
Lunches,LightGBM,1.7895005726732613,908.6566424706822
Lunches,LightGBM,1.795417316236135,908.5842845649983
Lunches,LightGBM,1.8013340597990088,908.4215310343449
Lunches,LightGBM,1.8072508033618828,918.2215174841891
Lunches,LightGBM,1.8131675469247566,918.2258935957992
Lunches,LightGBM,1.8190842904876305,918.1396402882465
Lunches,LightGBM,1.8250010340505043,919.6258211833419
Lunches,LightGBM,1.830917777613378,923.3464976410177
Lunches,LightGBM,1.836834521176252,923.3464976410177
Lunches,LightGBM,1.8427512647391258,923.3701217194999
Lunches,LightGBM,1.8486680083019995,923.3634234067032
Lunches,LightGBM,1.8545847518648735,923.5878648162688
Lunches,LightGBM,1.8605014954277472,923.5878648162688
Lunches,LightGBM,1.8664182389906212,923.5878648162688
Lunches,LightGBM,1.872334982553495,923.5878648162688
Lunches,LightGBM,1.878251726116369,923.5878648162688
Lunches,LightGBM,1.8841684696792427,923.5878648162688
Lunches,LightGBM,1.8900852132421164,923.5878648162688
Lunches,LightGBM,1.8960019568049904,923.5878648162688
Lunches,LightGBM,1.9019187003678641,923.5878648162688
Lunches,LightGBM,1.907835443930738,923.5878648162688
Lunches,LightGBM,1.9137521874936119,1327.4301375057003
Lunches,LightGBM,1.9196689310564856,1327.272707778122
Lunches,LightGBM,1.9255856746193596,1327.272707778122
Lunches,LightGBM,1.9315024181822333,1327.272707778122
Lunches,LightGBM,1.9374191617451073,1328.5678282249205
Lunches,LightGBM,1.943335905307981,1328.5678282249205
Lunches,LightGBM,1.9492526488708548,1328.5678282249205
Lunches,LightGBM,1.9551693924337288,1328.5899953769551
Lunches,LightGBM,1.9610861359966025,1328.5899953769551
Lunches,LightGBM,1.9670028795594763,1328.5899953769551
Lunches,LightGBM,1.9729196231223503,1328.5899953769551
Lunches,LightGBM,1.978836366685224,1328.5899953769551
Lunches,LightGBM,1.9847531102480978,1328.5899953769551
Lunches,LightGBM,1.9906698538109717,1328.5899953769551
Lunches,LightGBM,1.9965865973738457,1328.5899953769551
Lunches,LightGBM,2.0025033409367192,1328.5899953769551
Lunches,LightGBM,2.008420084499593,1328.5899953769551
Lunches,LightGBM,2.014336828062467,1328.5899953769551
Lunches,LightGBM,2.020253571625341,1328.5899953769551
Lunches,LightGBM,2.0261703151882147,1328.5899953769551
Lunches,LightGBM,2.0320870587510886,1328.5899953769551
Lunches,LightGBM,2.0380038023139626,1328.5899953769551
Lunches,LightGBM,2.043920545876836,1328.5899953769551
Lunches,LightGBM,2.04983728943971,1328.5899953769551
Lunches,LightGBM,2.055754033002584,1328.5899953769551
Lunches,LightGBM,2.0616707765654576,1328.5899953769551
Lunches,LightGBM,2.0675875201283316,1328.5899953769551
Lunches,LightGBM,2.0735042636912056,1328.5899953769551
Lunches,LightGBM,2.079421007254079,1328.5899953769551
Lunches,LightGBM,2.085337750816953,1328.5899953769551
Lunches,LightGBM,2.091254494379827,1328.5899953769551
Lunches,LightGBM,2.0971712379427006,1328.5899953769551
Lunches,LightGBM,2.1030879815055745,1328.5899953769551
Lunches,LightGBM,2.1090047250684485,1328.5899953769551
Lunches,LightGBM,2.1149214686313225,1328.5899953769551
Lunches,LightGBM,2.120838212194196,1328.5899953769551
Lunches,LightGBM,2.12675495575707,1328.5899953769551
Lunches,XGBoost,1.54099734303256,924.9346313476562
Lunches,XGBoost,1.5469140865954338,924.9346313476562
Lunches,XGBoost,1.5528308301583078,924.9346313476562
Lunches,XGBoost,1.5587475737211816,926.7437133789062
Lunches,XGBoost,1.5646643172840555,926.7437133789062
Lunches,XGBoost,1.5705810608469293,926.7437133789062
Lunches,XGBoost,1.576497804409803,926.7437133789062
Lunches,XGBoost,1.582414547972677,926.7437133789062
Lunches,XGBoost,1.5883312915355507,926.7437133789062
Lunches,XGBoost,1.5942480350984247,926.7437133789062
Lunches,XGBoost,1.6001647786612985,926.7437133789062
Lunches,XGBoost,1.6060815222241722,926.7437133789062
Lunches,XGBoost,1.6119982657870462,926.7626342773438
Lunches,XGBoost,1.61791500934992,926.7626342773438
Lunches,XGBoost,1.623831752912794,926.7626342773438
Lunches,XGBoost,1.6297484964756677,926.7626342773438
Lunches,XGBoost,1.6356652400385414,926.7626342773438
Lunches,XGBoost,1.6415819836014154,926.7626342773438
Lunches,XGBoost,1.6474987271642891,926.7626342773438
Lunches,XGBoost,1.6534154707271629,926.7626342773438
Lunches,XGBoost,1.6593322142900369,926.7626342773438
Lunches,XGBoost,1.6652489578529106,926.7626342773438
Lunches,XGBoost,1.6711657014157846,926.7626342773438
Lunches,XGBoost,1.6770824449786583,926.7626342773438
Lunches,XGBoost,1.6829991885415323,926.7626342773438
Lunches,XGBoost,1.688915932104406,926.7626342773438
Lunches,XGBoost,1.6948326756672798,926.7626342773438
Lunches,XGBoost,1.7007494192301538,926.7291870117188
Lunches,XGBoost,1.7066661627930275,926.6926879882812
Lunches,XGBoost,1.7125829063559013,926.6926879882812
Lunches,XGBoost,1.7184996499187752,926.6926879882812
Lunches,XGBoost,1.724416393481649,909.8530883789062
Lunches,XGBoost,1.730333137044523,909.2469482421875
Lunches,XGBoost,1.7362498806073967,909.2616577148438
Lunches,XGBoost,1.7421666241702705,909.2616577148438
Lunches,XGBoost,1.7480833677331444,909.2616577148438
Lunches,XGBoost,1.7540001112960182,909.0398559570312
Lunches,XGBoost,1.7599168548588922,909.0406494140625
Lunches,XGBoost,1.765833598421766,907.24755859375
Lunches,XGBoost,1.7717503419846397,907.24755859375
Lunches,XGBoost,1.7776670855475136,907.24755859375
Lunches,XGBoost,1.7835838291103874,907.24755859375
Lunches,XGBoost,1.7895005726732613,908.0706176757812
Lunches,XGBoost,1.795417316236135,908.0706176757812
Lunches,XGBoost,1.8013340597990088,907.5922241210938
Lunches,XGBoost,1.8072508033618828,908.2617797851562
Lunches,XGBoost,1.8131675469247566,908.2617797851562
Lunches,XGBoost,1.8190842904876305,908.4279174804688
Lunches,XGBoost,1.8250010340505043,908.6547241210938
Lunches,XGBoost,1.830917777613378,897.4662475585938
Lunches,XGBoost,1.836834521176252,897.4662475585938
Lunches,XGBoost,1.8427512647391258,897.4662475585938
Lunches,XGBoost,1.8486680083019995,897.4528198242188
Lunches,XGBoost,1.8545847518648735,897.4841918945312
Lunches,XGBoost,1.8605014954277472,897.4841918945312
Lunches,XGBoost,1.8664182389906212,897.4841918945312
Lunches,XGBoost,1.872334982553495,897.4841918945312
Lunches,XGBoost,1.878251726116369,897.4841918945312
Lunches,XGBoost,1.8841684696792427,1344.556396484375
Lunches,XGBoost,1.8900852132421164,1344.556396484375
Lunches,XGBoost,1.8960019568049904,1344.556396484375
Lunches,XGBoost,1.9019187003678641,1344.556396484375
Lunches,XGBoost,1.907835443930738,1344.556396484375
Lunches,XGBoost,1.9137521874936119,1344.579833984375
Lunches,XGBoost,1.9196689310564856,1344.463134765625
Lunches,XGBoost,1.9255856746193596,1344.4739990234375
Lunches,XGBoost,1.9315024181822333,1344.4739990234375
Lunches,XGBoost,1.9374191617451073,1344.4739990234375
Lunches,XGBoost,1.943335905307981,1344.4739990234375
Lunches,XGBoost,1.9492526488708548,1343.8681640625
Lunches,XGBoost,1.9551693924337288,1343.5621337890625
Lunches,XGBoost,1.9610861359966025,1343.5621337890625
Lunches,XGBoost,1.9670028795594763,1343.5621337890625
Lunches,XGBoost,1.9729196231223503,1343.5621337890625
Lunches,XGBoost,1.978836366685224,1343.5621337890625
Lunches,XGBoost,1.9847531102480978,1343.5621337890625
Lunches,XGBoost,1.9906698538109717,1343.5621337890625
Lunches,XGBoost,1.9965865973738457,1343.5621337890625
Lunches,XGBoost,2.0025033409367192,1343.6708984375
Lunches,XGBoost,2.008420084499593,1343.6708984375
Lunches,XGBoost,2.014336828062467,1343.6708984375
Lunches,XGBoost,2.020253571625341,1343.6708984375
Lunches,XGBoost,2.0261703151882147,1343.6708984375
Lunches,XGBoost,2.0320870587510886,1343.6708984375
Lunches,XGBoost,2.0380038023139626,1343.6708984375
Lunches,XGBoost,2.043920545876836,1343.5814208984375
Lunches,XGBoost,2.04983728943971,1343.5814208984375
Lunches,XGBoost,2.055754033002584,1343.5814208984375
Lunches,XGBoost,2.0616707765654576,1343.5814208984375
Lunches,XGBoost,2.0675875201283316,1343.5814208984375
Lunches,XGBoost,2.0735042636912056,1343.5814208984375
Lunches,XGBoost,2.079421007254079,1343.5814208984375
Lunches,XGBoost,2.085337750816953,1343.5814208984375
Lunches,XGBoost,2.091254494379827,1343.5814208984375
Lunches,XGBoost,2.0971712379427006,1343.5814208984375
Lunches,XGBoost,2.1030879815055745,1343.5814208984375
Lunches,XGBoost,2.1090047250684485,1343.5814208984375
Lunches,XGBoost,2.1149214686313225,1343.5814208984375
Lunches,XGBoost,2.120838212194196,1343.5814208984375
Lunches,XGBoost,2.12675495575707,1343.5814208984375
Evenings,LightGBM,1.54099734303256,775.4285962508509
Evenings,LightGBM,1.5469140865954338,775.4285962508509
Evenings,LightGBM,1.5528308301583078,775.4285962508509
Evenings,LightGBM,1.5587475737211816,775.4285962508509
Evenings,LightGBM,1.5646643172840555,775.4285962508509
Evenings,LightGBM,1.5705810608469293,775.4285962508509
Evenings,LightGBM,1.576497804409803,775.4285962508509
Evenings,LightGBM,1.582414547972677,775.4285962508509
Evenings,LightGBM,1.5883312915355507,775.4285962508509
Evenings,LightGBM,1.5942480350984247,775.4285962508509
Evenings,LightGBM,1.6001647786612985,775.4285962508509
Evenings,LightGBM,1.6060815222241722,775.4285962508509
Evenings,LightGBM,1.6119982657870462,775.4285962508509
Evenings,LightGBM,1.61791500934992,775.4285962508509
Evenings,LightGBM,1.623831752912794,775.4285962508509
Evenings,LightGBM,1.6297484964756677,775.4285962508509
Evenings,LightGBM,1.6356652400385414,775.4285962508509
Evenings,LightGBM,1.6415819836014154,775.4285962508509
Evenings,LightGBM,1.6474987271642891,775.4285962508509
Evenings,LightGBM,1.6534154707271629,775.4285962508509
Evenings,LightGBM,1.6593322142900369,775.4285962508509
Evenings,LightGBM,1.6652489578529106,775.4285962508509
Evenings,LightGBM,1.6711657014157846,775.4285962508509
Evenings,LightGBM,1.6770824449786583,775.4285962508509
Evenings,LightGBM,1.6829991885415323,775.3581124963391
Evenings,LightGBM,1.688915932104406,775.3581124963391
Evenings,LightGBM,1.6948326756672798,492.0896012127631
Evenings,LightGBM,1.7007494192301538,492.09659111001116
Evenings,LightGBM,1.7066661627930275,492.09659111001116
Evenings,LightGBM,1.7125829063559013,492.09659111001116
Evenings,LightGBM,1.7184996499187752,492.09659111001116
Evenings,LightGBM,1.724416393481649,492.09659111001116
Evenings,LightGBM,1.730333137044523,492.09659111001116
Evenings,LightGBM,1.7362498806073967,492.1674278799769
Evenings,LightGBM,1.7421666241702705,492.1674278799769
Evenings,LightGBM,1.7480833677331444,492.14101489887787
Evenings,LightGBM,1.7540001112960182,492.14101489887787
Evenings,LightGBM,1.7599168548588922,492.14101489887787
Evenings,LightGBM,1.765833598421766,491.77714776159536
Evenings,LightGBM,1.7717503419846397,492.28277952852494
Evenings,LightGBM,1.7776670855475136,492.28277952852494
Evenings,LightGBM,1.7835838291103874,492.3088269104807
Evenings,LightGBM,1.7895005726732613,492.2098163157187
Evenings,LightGBM,1.795417316236135,492.24066062471303
Evenings,LightGBM,1.8013340597990088,492.2192257366697
Evenings,LightGBM,1.8072508033618828,493.86716827651156
Evenings,LightGBM,1.8131675469247566,493.9922667687773
Evenings,LightGBM,1.8190842904876305,493.97913205276683
Evenings,LightGBM,1.8250010340505043,494.0726838888684
Evenings,LightGBM,1.830917777613378,499.2067884171931
Evenings,LightGBM,1.836834521176252,499.2067884171931
Evenings,LightGBM,1.8427512647391258,498.89374727840277
Evenings,LightGBM,1.8486680083019995,498.89374727840277
Evenings,LightGBM,1.8545847518648735,499.4405844278433
Evenings,LightGBM,1.8605014954277472,499.4405844278433
Evenings,LightGBM,1.8664182389906212,499.4405844278433
Evenings,LightGBM,1.872334982553495,499.4405844278433
Evenings,LightGBM,1.878251726116369,499.4405844278433
Evenings,LightGBM,1.8841684696792427,499.4405844278433
Evenings,LightGBM,1.8900852132421164,499.4405844278433
Evenings,LightGBM,1.8960019568049904,499.4405844278433
Evenings,LightGBM,1.9019187003678641,500.0025444658253
Evenings,LightGBM,1.907835443930738,500.0025444658253
Evenings,LightGBM,1.9137521874936119,500.60297503089396
Evenings,LightGBM,1.9196689310564856,504.4451053439142
Evenings,LightGBM,1.9255856746193596,504.4451053439142
Evenings,LightGBM,1.9315024181822333,504.4451053439142
Evenings,LightGBM,1.9374191617451073,510.9347880116618
Evenings,LightGBM,1.943335905307981,510.9347880116618
Evenings,LightGBM,1.9492526488708548,507.95444756539536
Evenings,LightGBM,1.9551693924337288,507.95444756539536
Evenings,LightGBM,1.9610861359966025,507.95444756539536
Evenings,LightGBM,1.9670028795594763,507.95444756539536
Evenings,LightGBM,1.9729196231223503,507.95444756539536
Evenings,LightGBM,1.978836366685224,507.95444756539536
Evenings,LightGBM,1.9847531102480978,507.95444756539536
Evenings,LightGBM,1.9906698538109717,507.95444756539536
Evenings,LightGBM,1.9965865973738457,507.95444756539536
Evenings,LightGBM,2.0025033409367192,507.95444756539536
Evenings,LightGBM,2.008420084499593,507.95444756539536
Evenings,LightGBM,2.014336828062467,507.95444756539536
Evenings,LightGBM,2.020253571625341,507.95444756539536
Evenings,LightGBM,2.0261703151882147,507.95444756539536
Evenings,LightGBM,2.0320870587510886,507.95444756539536
Evenings,LightGBM,2.0380038023139626,507.95444756539536
Evenings,LightGBM,2.043920545876836,507.95444756539536
Evenings,LightGBM,2.04983728943971,507.95444756539536
Evenings,LightGBM,2.055754033002584,507.95444756539536
Evenings,LightGBM,2.0616707765654576,507.95444756539536
Evenings,LightGBM,2.0675875201283316,507.95444756539536
Evenings,LightGBM,2.0735042636912056,507.95444756539536
Evenings,LightGBM,2.079421007254079,507.95444756539536
Evenings,LightGBM,2.085337750816953,508.3010668832764
Evenings,LightGBM,2.091254494379827,508.3010668832764
Evenings,LightGBM,2.0971712379427006,508.3010668832764
Evenings,LightGBM,2.1030879815055745,508.3010668832764
Evenings,LightGBM,2.1090047250684485,508.3010668832764
Evenings,LightGBM,2.1149214686313225,508.3010668832764
Evenings,LightGBM,2.120838212194196,508.3010668832764
Evenings,LightGBM,2.12675495575707,508.3010668832764
Evenings,XGBoost,1.54099734303256,786.0599365234375
Evenings,XGBoost,1.5469140865954338,786.0599365234375
Evenings,XGBoost,1.5528308301583078,786.0599365234375
Evenings,XGBoost,1.5587475737211816,785.2470703125
Evenings,XGBoost,1.5646643172840555,785.2470703125
Evenings,XGBoost,1.5705810608469293,785.2470703125
Evenings,XGBoost,1.576497804409803,785.2470703125
Evenings,XGBoost,1.582414547972677,785.2470703125
Evenings,XGBoost,1.5883312915355507,785.2470703125
Evenings,XGBoost,1.5942480350984247,785.2470703125
Evenings,XGBoost,1.6001647786612985,785.2470703125
Evenings,XGBoost,1.6060815222241722,785.2470703125
Evenings,XGBoost,1.6119982657870462,785.2470703125
Evenings,XGBoost,1.61791500934992,785.2470703125
Evenings,XGBoost,1.623831752912794,785.2470703125
Evenings,XGBoost,1.6297484964756677,785.2470703125
Evenings,XGBoost,1.6356652400385414,785.2470703125
Evenings,XGBoost,1.6415819836014154,785.2470703125
Evenings,XGBoost,1.6474987271642891,785.2470703125
Evenings,XGBoost,1.6534154707271629,785.2470703125
Evenings,XGBoost,1.6593322142900369,785.4332885742188
Evenings,XGBoost,1.6652489578529106,785.4332885742188
Evenings,XGBoost,1.6711657014157846,785.4332885742188
Evenings,XGBoost,1.6770824449786583,788.7218627929688
Evenings,XGBoost,1.6829991885415323,788.62353515625
Evenings,XGBoost,1.688915932104406,779.1214599609375
Evenings,XGBoost,1.6948326756672798,779.1214599609375
Evenings,XGBoost,1.7007494192301538,488.6168518066406
Evenings,XGBoost,1.7066661627930275,488.5887756347656
Evenings,XGBoost,1.7125829063559013,488.5887756347656
Evenings,XGBoost,1.7184996499187752,488.5887756347656
Evenings,XGBoost,1.724416393481649,488.560302734375
Evenings,XGBoost,1.730333137044523,488.4915466308594
Evenings,XGBoost,1.7362498806073967,488.3887634277344
Evenings,XGBoost,1.7421666241702705,488.3887634277344
Evenings,XGBoost,1.7480833677331444,488.3887634277344
Evenings,XGBoost,1.7540001112960182,488.56097412109375
Evenings,XGBoost,1.7599168548588922,488.61334228515625
Evenings,XGBoost,1.765833598421766,488.91851806640625
Evenings,XGBoost,1.7717503419846397,488.91851806640625
Evenings,XGBoost,1.7776670855475136,489.0917053222656
Evenings,XGBoost,1.7835838291103874,489.0917053222656
Evenings,XGBoost,1.7895005726732613,490.0362854003906
Evenings,XGBoost,1.795417316236135,490.0362854003906
Evenings,XGBoost,1.8013340597990088,489.89202880859375
Evenings,XGBoost,1.8072508033618828,488.65625
Evenings,XGBoost,1.8131675469247566,488.65625
Evenings,XGBoost,1.8190842904876305,488.63470458984375
Evenings,XGBoost,1.8250010340505043,495.522216796875
Evenings,XGBoost,1.830917777613378,499.9711608886719
Evenings,XGBoost,1.836834521176252,499.9711608886719
Evenings,XGBoost,1.8427512647391258,499.9711608886719
Evenings,XGBoost,1.8486680083019995,499.8876647949219
Evenings,XGBoost,1.8545847518648735,499.9519348144531
Evenings,XGBoost,1.8605014954277472,499.9519348144531
Evenings,XGBoost,1.8664182389906212,499.9519348144531
Evenings,XGBoost,1.872334982553495,499.9519348144531
Evenings,XGBoost,1.878251726116369,499.9519348144531
Evenings,XGBoost,1.8841684696792427,505.08636474609375
Evenings,XGBoost,1.8900852132421164,505.08636474609375
Evenings,XGBoost,1.8960019568049904,505.08636474609375
Evenings,XGBoost,1.9019187003678641,505.08636474609375
Evenings,XGBoost,1.907835443930738,505.08636474609375
Evenings,XGBoost,1.9137521874936119,503.79888916015625
Evenings,XGBoost,1.9196689310564856,503.25738525390625
Evenings,XGBoost,1.9255856746193596,503.3706359863281
Evenings,XGBoost,1.9315024181822333,503.3706359863281
Evenings,XGBoost,1.9374191617451073,503.3706359863281
Evenings,XGBoost,1.943335905307981,503.3706359863281
Evenings,XGBoost,1.9492526488708548,504.1522216796875
Evenings,XGBoost,1.9551693924337288,504.9206237792969
Evenings,XGBoost,1.9610861359966025,504.9206237792969
Evenings,XGBoost,1.9670028795594763,504.9206237792969
Evenings,XGBoost,1.9729196231223503,504.9206237792969
Evenings,XGBoost,1.978836366685224,504.9206237792969
Evenings,XGBoost,1.9847531102480978,504.9206237792969
Evenings,XGBoost,1.9906698538109717,504.9206237792969
Evenings,XGBoost,1.9965865973738457,504.9206237792969
Evenings,XGBoost,2.0025033409367192,503.67657470703125
Evenings,XGBoost,2.008420084499593,503.67657470703125
Evenings,XGBoost,2.014336828062467,503.67657470703125
Evenings,XGBoost,2.020253571625341,503.67657470703125
Evenings,XGBoost,2.0261703151882147,503.67657470703125
Evenings,XGBoost,2.0320870587510886,503.67657470703125
Evenings,XGBoost,2.0380038023139626,503.67657470703125
Evenings,XGBoost,2.043920545876836,503.7229919433594
Evenings,XGBoost,2.04983728943971,503.7229919433594
Evenings,XGBoost,2.055754033002584,503.7229919433594
Evenings,XGBoost,2.0616707765654576,503.7229919433594
Evenings,XGBoost,2.0675875201283316,503.7229919433594
Evenings,XGBoost,2.0735042636912056,503.7229919433594
Evenings,XGBoost,2.079421007254079,503.7229919433594
Evenings,XGBoost,2.085337750816953,503.7229919433594
Evenings,XGBoost,2.091254494379827,503.7229919433594
Evenings,XGBoost,2.0971712379427006,503.7229919433594
Evenings,XGBoost,2.1030879815055745,503.7229919433594
Evenings,XGBoost,2.1090047250684485,503.7229919433594
Evenings,XGBoost,2.1149214686313225,503.7229919433594
Evenings,XGBoost,2.120838212194196,503.7229919433594
Evenings,XGBoost,2.12675495575707,503.4151916503906
Mornings Special,CatBoost,1.54099734303256,270.4463346267045
Mornings Special,CatBoost,1.5469140865954338,270.4463346267045
Mornings Special,CatBoost,1.5528308301583078,276.07428295695
Mornings Special,CatBoost,1.5587475737211816,276.07428295695
Mornings Special,CatBoost,1.5646643172840555,276.07428295695
Mornings Special,CatBoost,1.5705810608469293,276.07428295695
Mornings Special,CatBoost,1.576497804409803,276.07428295695
Mornings Special,CatBoost,1.582414547972677,276.07428295695
Mornings Special,CatBoost,1.5883312915355507,276.07428295695
Mornings Special,CatBoost,1.5942480350984247,276.07428295695
Mornings Special,CatBoost,1.6001647786612985,276.07428295695
Mornings Special,CatBoost,1.6060815222241722,276.07428295695
Mornings Special,CatBoost,1.6119982657870462,276.07428295695
Mornings Special,CatBoost,1.61791500934992,276.07428295695
Mornings Special,CatBoost,1.623831752912794,276.07428295695
Mornings Special,CatBoost,1.6297484964756677,276.07428295695
Mornings Special,CatBoost,1.6356652400385414,276.07428295695
Mornings Special,CatBoost,1.6415819836014154,276.07428295695
Mornings Special,CatBoost,1.6474987271642891,276.07428295695
Mornings Special,CatBoost,1.6534154707271629,276.07428295695
Mornings Special,CatBoost,1.6593322142900369,276.07428295695
Mornings Special,CatBoost,1.6652489578529106,276.07428295695
Mornings Special,CatBoost,1.6711657014157846,276.07428295695
Mornings Special,CatBoost,1.6770824449786583,276.07428295695
Mornings Special,CatBoost,1.6829991885415323,276.07428295695
Mornings Special,CatBoost,1.688915932104406,276.07428295695
Mornings Special,CatBoost,1.6948326756672798,276.07428295695
Mornings Special,CatBoost,1.7007494192301538,276.07428295695
Mornings Special,CatBoost,1.7066661627930275,276.07428295695
Mornings Special,CatBoost,1.7125829063559013,276.07428295695
Mornings Special,CatBoost,1.7184996499187752,276.07428295695
Mornings Special,CatBoost,1.724416393481649,276.07428295695
Mornings Special,CatBoost,1.730333137044523,276.07428295695
Mornings Special,CatBoost,1.7362498806073967,276.07428295695
Mornings Special,CatBoost,1.7421666241702705,276.07428295695
Mornings Special,CatBoost,1.7480833677331444,275.9986622182338
Mornings Special,CatBoost,1.7540001112960182,275.9986622182338
Mornings Special,CatBoost,1.7599168548588922,275.9464135743743
Mornings Special,CatBoost,1.765833598421766,275.9464135743743
Mornings Special,CatBoost,1.7717503419846397,275.9464135743743
Mornings Special,CatBoost,1.7776670855475136,275.9464135743743
Mornings Special,CatBoost,1.7835838291103874,275.9464135743743
Mornings Special,CatBoost,1.7895005726732613,275.9112757346543
Mornings Special,CatBoost,1.795417316236135,276.98126500278755
Mornings Special,CatBoost,1.8013340597990088,276.98126500278755
Mornings Special,CatBoost,1.8072508033618828,277.1633692580182
Mornings Special,CatBoost,1.8131675469247566,277.1633692580182
Mornings Special,CatBoost,1.8190842904876305,276.9645644732936
Mornings Special,CatBoost,1.8250010340505043,299.8377812984634
Mornings Special,CatBoost,1.830917777613378,333.8693937350813
Mornings Special,CatBoost,1.836834521176252,333.8693937350813
Mornings Special,CatBoost,1.8427512647391258,333.8693937350813
Mornings Special,CatBoost,1.8486680083019995,336.3402970604466
Mornings Special,CatBoost,1.8545847518648735,338.58708567279143
Mornings Special,CatBoost,1.8605014954277472,338.58708567279143
Mornings Special,CatBoost,1.8664182389906212,339.94051727524874
Mornings Special,CatBoost,1.872334982553495,339.94051727524874
Mornings Special,CatBoost,1.878251726116369,339.94051727524874
Mornings Special,CatBoost,1.8841684696792427,339.94051727524874
Mornings Special,CatBoost,1.8900852132421164,339.94051727524874
Mornings Special,CatBoost,1.8960019568049904,339.94051727524874
Mornings Special,CatBoost,1.9019187003678641,339.9599250447178
Mornings Special,CatBoost,1.907835443930738,339.9599250447178
Mornings Special,CatBoost,1.9137521874936119,339.83639754793217
Mornings Special,CatBoost,1.9196689310564856,339.23874730690886
Mornings Special,CatBoost,1.9255856746193596,339.23874730690886
Mornings Special,CatBoost,1.9315024181822333,339.23874730690886
Mornings Special,CatBoost,1.9374191617451073,335.4791976789803
Mornings Special,CatBoost,1.943335905307981,335.4791976789803
Mornings Special,CatBoost,1.9492526488708548,335.4791976789803
Mornings Special,CatBoost,1.9551693924337288,335.4791976789803
Mornings Special,CatBoost,1.9610861359966025,335.4791976789803
Mornings Special,CatBoost,1.9670028795594763,335.4791976789803
Mornings Special,CatBoost,1.9729196231223503,335.4791976789803
Mornings Special,CatBoost,1.978836366685224,335.4791976789803
Mornings Special,CatBoost,1.9847531102480978,335.4791976789803
Mornings Special,CatBoost,1.9906698538109717,335.4791976789803
Mornings Special,CatBoost,1.9965865973738457,335.4791976789803
Mornings Special,CatBoost,2.0025033409367192,335.4791976789803
Mornings Special,CatBoost,2.008420084499593,335.4791976789803
Mornings Special,CatBoost,2.014336828062467,335.4791976789803
Mornings Special,CatBoost,2.020253571625341,336.6364396318233
Mornings Special,CatBoost,2.0261703151882147,336.6364396318233
Mornings Special,CatBoost,2.0320870587510886,336.6364396318233
Mornings Special,CatBoost,2.0380038023139626,336.6364396318233
Mornings Special,CatBoost,2.043920545876836,336.6364396318233
Mornings Special,CatBoost,2.04983728943971,336.6364396318233
Mornings Special,CatBoost,2.055754033002584,336.6364396318233
Mornings Special,CatBoost,2.0616707765654576,336.6364396318233
Mornings Special,CatBoost,2.0675875201283316,336.6364396318233
Mornings Special,CatBoost,2.0735042636912056,336.6364396318233
Mornings Special,CatBoost,2.079421007254079,336.6364396318233
Mornings Special,CatBoost,2.085337750816953,336.6364396318233
Mornings Special,CatBoost,2.091254494379827,336.6364396318233
Mornings Special,CatBoost,2.0971712379427006,336.6364396318233
Mornings Special,CatBoost,2.1030879815055745,336.6364396318233
Mornings Special,CatBoost,2.1090047250684485,336.6364396318233
Mornings Special,CatBoost,2.1149214686313225,336.6364396318233
Mornings Special,CatBoost,2.120838212194196,336.6364396318233
Mornings Special,CatBoost,2.12675495575707,336.6364396318233
Lunches Special,CatBoost,1.54099734303256,841.9919010968365
Lunches Special,CatBoost,1.5469140865954338,841.9919010968365
Lunches Special,CatBoost,1.5528308301583078,843.7782120741443
Lunches Special,CatBoost,1.5587475737211816,843.7782120741443
Lunches Special,CatBoost,1.5646643172840555,843.7782120741443
Lunches Special,CatBoost,1.5705810608469293,843.7782120741443
Lunches Special,CatBoost,1.576497804409803,843.7782120741443
Lunches Special,CatBoost,1.582414547972677,844.0001342337818
Lunches Special,CatBoost,1.5883312915355507,844.0001342337818
Lunches Special,CatBoost,1.5942480350984247,844.0001342337818
Lunches Special,CatBoost,1.6001647786612985,844.0001342337818
Lunches Special,CatBoost,1.6060815222241722,844.0001342337818
Lunches Special,CatBoost,1.6119982657870462,844.0001342337818
Lunches Special,CatBoost,1.61791500934992,844.0001342337818
Lunches Special,CatBoost,1.623831752912794,844.0001342337818
Lunches Special,CatBoost,1.6297484964756677,844.0001342337818
Lunches Special,CatBoost,1.6356652400385414,852.7231949875071
Lunches Special,CatBoost,1.6415819836014154,852.7231949875071
Lunches Special,CatBoost,1.6474987271642891,852.7231949875071
Lunches Special,CatBoost,1.6534154707271629,852.7231949875071
Lunches Special,CatBoost,1.6593322142900369,852.7231949875071
Lunches Special,CatBoost,1.6652489578529106,852.7231949875071
Lunches Special,CatBoost,1.6711657014157846,852.7231949875071
Lunches Special,CatBoost,1.6770824449786583,852.7231949875071
Lunches Special,CatBoost,1.6829991885415323,852.2108145295925
Lunches Special,CatBoost,1.688915932104406,852.2108145295925
Lunches Special,CatBoost,1.6948326756672798,852.448921918495
Lunches Special,CatBoost,1.7007494192301538,851.909675942105
Lunches Special,CatBoost,1.7066661627930275,851.909675942105
Lunches Special,CatBoost,1.7125829063559013,851.909675942105
Lunches Special,CatBoost,1.7184996499187752,851.909675942105
Lunches Special,CatBoost,1.724416393481649,851.909675942105
Lunches Special,CatBoost,1.730333137044523,851.909675942105
Lunches Special,CatBoost,1.7362498806073967,851.8116553889666
Lunches Special,CatBoost,1.7421666241702705,851.8116553889666
Lunches Special,CatBoost,1.7480833677331444,851.8116553889666
Lunches Special,CatBoost,1.7540001112960182,851.8116553889666
Lunches Special,CatBoost,1.7599168548588922,851.8116553889666
Lunches Special,CatBoost,1.765833598421766,851.8116553889666
Lunches Special,CatBoost,1.7717503419846397,857.3277194209218
Lunches Special,CatBoost,1.7776670855475136,857.3277194209218
Lunches Special,CatBoost,1.7835838291103874,855.6203770200798
Lunches Special,CatBoost,1.7895005726732613,854.7376633474731
Lunches Special,CatBoost,1.795417316236135,865.6215596948807
Lunches Special,CatBoost,1.8013340597990088,865.3496469792478
Lunches Special,CatBoost,1.8072508033618828,868.3293292672826
Lunches Special,CatBoost,1.8131675469247566,870.6514461715509
Lunches Special,CatBoost,1.8190842904876305,870.6514461715509
Lunches Special,CatBoost,1.8250010340505043,882.6683489855703
Lunches Special,CatBoost,1.830917777613378,923.2075372564921
Lunches Special,CatBoost,1.836834521176252,923.2075372564921
Lunches Special,CatBoost,1.8427512647391258,923.2075372564921
Lunches Special,CatBoost,1.8486680083019995,916.0038597807388
Lunches Special,CatBoost,1.8545847518648735,949.1996293418684
Lunches Special,CatBoost,1.8605014954277472,949.1996293418684
Lunches Special,CatBoost,1.8664182389906212,975.4456331941615
Lunches Special,CatBoost,1.872334982553495,975.4456331941615
Lunches Special,CatBoost,1.878251726116369,975.4456331941615
Lunches Special,CatBoost,1.8841684696792427,975.4456331941615
Lunches Special,CatBoost,1.8900852132421164,975.4456331941615
Lunches Special,CatBoost,1.8960019568049904,975.4456331941615
Lunches Special,CatBoost,1.9019187003678641,995.4746766177115
Lunches Special,CatBoost,1.907835443930738,995.4746766177115
Lunches Special,CatBoost,1.9137521874936119,1018.0659955460302
Lunches Special,CatBoost,1.9196689310564856,1015.1136482608944
Lunches Special,CatBoost,1.9255856746193596,1015.1136482608944
Lunches Special,CatBoost,1.9315024181822333,1015.1136482608944
Lunches Special,CatBoost,1.9374191617451073,1016.9131505462033
Lunches Special,CatBoost,1.943335905307981,1016.9131505462033
Lunches Special,CatBoost,1.9492526488708548,1016.9131505462033
Lunches Special,CatBoost,1.9551693924337288,1015.6623945340057
Lunches Special,CatBoost,1.9610861359966025,1015.6623945340057
Lunches Special,CatBoost,1.9670028795594763,1015.6623945340057
Lunches Special,CatBoost,1.9729196231223503,1015.6623945340057
Lunches Special,CatBoost,1.978836366685224,1015.0834325287697
Lunches Special,CatBoost,1.9847531102480978,1015.0834325287697
Lunches Special,CatBoost,1.9906698538109717,1015.0834325287697
Lunches Special,CatBoost,1.9965865973738457,1015.0834325287697
Lunches Special,CatBoost,2.0025033409367192,1015.0834325287697
Lunches Special,CatBoost,2.008420084499593,1015.0834325287697
Lunches Special,CatBoost,2.014336828062467,1015.0834325287697
Lunches Special,CatBoost,2.020253571625341,1015.0834325287697
Lunches Special,CatBoost,2.0261703151882147,1015.0834325287697
Lunches Special,CatBoost,2.0320870587510886,1015.0834325287697
Lunches Special,CatBoost,2.0380038023139626,1015.0834325287697
Lunches Special,CatBoost,2.043920545876836,1015.0834325287697
Lunches Special,CatBoost,2.04983728943971,1015.0834325287697
Lunches Special,CatBoost,2.055754033002584,1015.0834325287697
Lunches Special,CatBoost,2.0616707765654576,1015.0834325287697
Lunches Special,CatBoost,2.0675875201283316,1015.0834325287697
Lunches Special,CatBoost,2.0735042636912056,1015.0834325287697
Lunches Special,CatBoost,2.079421007254079,1015.0834325287697
Lunches Special,CatBoost,2.085337750816953,1013.2077065155196
Lunches Special,CatBoost,2.091254494379827,1013.2077065155196
Lunches Special,CatBoost,2.0971712379427006,1013.2077065155196
Lunches Special,CatBoost,2.1030879815055745,1013.2077065155196
Lunches Special,CatBoost,2.1090047250684485,1013.2077065155196
Lunches Special,CatBoost,2.1149214686313225,1013.2077065155196
Lunches Special,CatBoost,2.120838212194196,1013.2077065155196
Lunches Special,CatBoost,2.12675495575707,1013.2077065155196
Lunches Special,LightGBM,1.54099734303256,708.0820590918845
Lunches Special,LightGBM,1.5469140865954338,708.0820590918845
Lunches Special,LightGBM,1.5528308301583078,709.2454246697976
Lunches Special,LightGBM,1.5587475737211816,709.2454246697976
Lunches Special,LightGBM,1.5646643172840555,709.2454246697976
Lunches Special,LightGBM,1.5705810608469293,709.2454246697976
Lunches Special,LightGBM,1.576497804409803,709.2454246697976
Lunches Special,LightGBM,1.582414547972677,709.3433043018009
Lunches Special,LightGBM,1.5883312915355507,709.3433043018009
Lunches Special,LightGBM,1.5942480350984247,709.3433043018009
Lunches Special,LightGBM,1.6001647786612985,709.3433043018009
Lunches Special,LightGBM,1.6060815222241722,709.3433043018009
Lunches Special,LightGBM,1.6119982657870462,709.3433043018009
Lunches Special,LightGBM,1.61791500934992,709.3433043018009
Lunches Special,LightGBM,1.623831752912794,709.3433043018009
Lunches Special,LightGBM,1.6297484964756677,709.3433043018009
Lunches Special,LightGBM,1.6356652400385414,711.1769373466874
Lunches Special,LightGBM,1.6415819836014154,711.1769373466874
Lunches Special,LightGBM,1.6474987271642891,711.1769373466874
Lunches Special,LightGBM,1.6534154707271629,711.1769373466874
Lunches Special,LightGBM,1.6593322142900369,711.1769373466874
Lunches Special,LightGBM,1.6652489578529106,711.1769373466874
Lunches Special,LightGBM,1.6711657014157846,712.1048606453165
Lunches Special,LightGBM,1.6770824449786583,712.1048606453165
Lunches Special,LightGBM,1.6829991885415323,712.1048606453165
Lunches Special,LightGBM,1.688915932104406,712.1048606453165
Lunches Special,LightGBM,1.6948326756672798,710.3169983497044
Lunches Special,LightGBM,1.7007494192301538,710.2206706704438
Lunches Special,LightGBM,1.7066661627930275,710.2206706704438
Lunches Special,LightGBM,1.7125829063559013,710.262441342702
Lunches Special,LightGBM,1.7184996499187752,710.262441342702
Lunches Special,LightGBM,1.724416393481649,710.3342797970911
Lunches Special,LightGBM,1.730333137044523,710.3342797970911
Lunches Special,LightGBM,1.7362498806073967,710.309585213524
Lunches Special,LightGBM,1.7421666241702705,710.309585213524
Lunches Special,LightGBM,1.7480833677331444,710.309585213524
Lunches Special,LightGBM,1.7540001112960182,710.309585213524
Lunches Special,LightGBM,1.7599168548588922,710.8161384351824
Lunches Special,LightGBM,1.765833598421766,710.8161384351824
Lunches Special,LightGBM,1.7717503419846397,712.0550717799681
Lunches Special,LightGBM,1.7776670855475136,712.0550717799681
Lunches Special,LightGBM,1.7835838291103874,712.0570820727523
Lunches Special,LightGBM,1.7895005726732613,706.4123802471889
Lunches Special,LightGBM,1.795417316236135,706.4509645249196
Lunches Special,LightGBM,1.8013340597990088,705.2715190811551
Lunches Special,LightGBM,1.8072508033618828,705.4754779552435
Lunches Special,LightGBM,1.8131675469247566,705.2465078646501
Lunches Special,LightGBM,1.8190842904876305,704.7647630908535
Lunches Special,LightGBM,1.8250010340505043,704.6202801725693
Lunches Special,LightGBM,1.830917777613378,752.2447707723428
Lunches Special,LightGBM,1.836834521176252,752.2447707723428
Lunches Special,LightGBM,1.8427512647391258,753.0554202423291
Lunches Special,LightGBM,1.8486680083019995,752.9447227907392
Lunches Special,LightGBM,1.8545847518648735,757.5104902258679
Lunches Special,LightGBM,1.8605014954277472,757.5104902258679
Lunches Special,LightGBM,1.8664182389906212,757.3874845419957
Lunches Special,LightGBM,1.872334982553495,757.3874845419957
Lunches Special,LightGBM,1.878251726116369,757.3874845419957
Lunches Special,LightGBM,1.8841684696792427,757.3874845419957
Lunches Special,LightGBM,1.8900852132421164,757.3874845419957
Lunches Special,LightGBM,1.8960019568049904,757.3874845419957
Lunches Special,LightGBM,1.9019187003678641,757.3674875793487
Lunches Special,LightGBM,1.907835443930738,757.3674875793487
Lunches Special,LightGBM,1.9137521874936119,1212.2142458285753
Lunches Special,LightGBM,1.9196689310564856,1209.0242251859274
Lunches Special,LightGBM,1.9255856746193596,1209.0242251859274
Lunches Special,LightGBM,1.9315024181822333,1209.0242251859274
Lunches Special,LightGBM,1.9374191617451073,1208.8954044728175
Lunches Special,LightGBM,1.943335905307981,1208.8954044728175
Lunches Special,LightGBM,1.9492526488708548,1202.5158730408446
Lunches Special,LightGBM,1.9551693924337288,1199.6871112703648
Lunches Special,LightGBM,1.9610861359966025,1199.6871112703648
Lunches Special,LightGBM,1.9670028795594763,1199.6871112703648
Lunches Special,LightGBM,1.9729196231223503,1199.6871112703648
Lunches Special,LightGBM,1.978836366685224,1199.6871112703648
Lunches Special,LightGBM,1.9847531102480978,1199.6871112703648
Lunches Special,LightGBM,1.9906698538109717,1199.6871112703648
Lunches Special,LightGBM,1.9965865973738457,1199.6871112703648
Lunches Special,LightGBM,2.0025033409367192,1199.6871112703648
Lunches Special,LightGBM,2.008420084499593,1199.6871112703648
Lunches Special,LightGBM,2.014336828062467,1199.6871112703648
Lunches Special,LightGBM,2.020253571625341,1199.6871112703648
Lunches Special,LightGBM,2.0261703151882147,1199.6871112703648
Lunches Special,LightGBM,2.0320870587510886,1199.6871112703648
Lunches Special,LightGBM,2.0380038023139626,1199.6871112703648
Lunches Special,LightGBM,2.043920545876836,1199.6871112703648
Lunches Special,LightGBM,2.04983728943971,1199.6871112703648
Lunches Special,LightGBM,2.055754033002584,1199.6871112703648
Lunches Special,LightGBM,2.0616707765654576,1199.6871112703648
Lunches Special,LightGBM,2.0675875201283316,1199.6871112703648
Lunches Special,LightGBM,2.0735042636912056,1199.6871112703648
Lunches Special,LightGBM,2.079421007254079,1199.6871112703648
Lunches Special,LightGBM,2.085337750816953,1199.6871112703648
Lunches Special,LightGBM,2.091254494379827,1199.6871112703648
Lunches Special,LightGBM,2.0971712379427006,1199.6871112703648
Lunches Special,LightGBM,2.1030879815055745,1199.6871112703648
Lunches Special,LightGBM,2.1090047250684485,1199.6871112703648
Lunches Special,LightGBM,2.1149214686313225,1199.6871112703648
Lunches Special,LightGBM,2.120838212194196,1199.6871112703648
Lunches Special,LightGBM,2.12675495575707,1199.6871112703648
Lunches Special,XGBoost,1.54099734303256,661.0271606445312
Lunches Special,XGBoost,1.5469140865954338,661.0271606445312
Lunches Special,XGBoost,1.5528308301583078,661.0271606445312
Lunches Special,XGBoost,1.5587475737211816,655.0210571289062
Lunches Special,XGBoost,1.5646643172840555,655.0210571289062
Lunches Special,XGBoost,1.5705810608469293,655.0210571289062
Lunches Special,XGBoost,1.576497804409803,655.0210571289062
Lunches Special,XGBoost,1.582414547972677,655.0210571289062
Lunches Special,XGBoost,1.5883312915355507,655.0210571289062
Lunches Special,XGBoost,1.5942480350984247,655.0210571289062
Lunches Special,XGBoost,1.6001647786612985,655.0210571289062
Lunches Special,XGBoost,1.6060815222241722,655.0210571289062
Lunches Special,XGBoost,1.6119982657870462,655.0210571289062
Lunches Special,XGBoost,1.61791500934992,655.0210571289062
Lunches Special,XGBoost,1.623831752912794,655.0210571289062
Lunches Special,XGBoost,1.6297484964756677,655.0210571289062
Lunches Special,XGBoost,1.6356652400385414,655.0210571289062
Lunches Special,XGBoost,1.6415819836014154,655.0210571289062
Lunches Special,XGBoost,1.6474987271642891,655.0210571289062
Lunches Special,XGBoost,1.6534154707271629,655.0210571289062
Lunches Special,XGBoost,1.6593322142900369,655.0210571289062
Lunches Special,XGBoost,1.6652489578529106,655.0210571289062
Lunches Special,XGBoost,1.6711657014157846,655.0210571289062
Lunches Special,XGBoost,1.6770824449786583,655.0210571289062
Lunches Special,XGBoost,1.6829991885415323,655.4078979492188
Lunches Special,XGBoost,1.688915932104406,655.4078979492188
Lunches Special,XGBoost,1.6948326756672798,655.4078979492188
Lunches Special,XGBoost,1.7007494192301538,652.8302612304688
Lunches Special,XGBoost,1.7066661627930275,652.2831420898438
Lunches Special,XGBoost,1.7125829063559013,652.2831420898438
Lunches Special,XGBoost,1.7184996499187752,652.2831420898438
Lunches Special,XGBoost,1.724416393481649,652.2831420898438
Lunches Special,XGBoost,1.730333137044523,652.2831420898438
Lunches Special,XGBoost,1.7362498806073967,652.4689331054688
Lunches Special,XGBoost,1.7421666241702705,652.4689331054688
Lunches Special,XGBoost,1.7480833677331444,652.4689331054688
Lunches Special,XGBoost,1.7540001112960182,652.5398559570312
Lunches Special,XGBoost,1.7599168548588922,652.7471923828125
Lunches Special,XGBoost,1.765833598421766,652.7471923828125
Lunches Special,XGBoost,1.7717503419846397,652.7471923828125
Lunches Special,XGBoost,1.7776670855475136,652.7555541992188
Lunches Special,XGBoost,1.7835838291103874,652.7555541992188
Lunches Special,XGBoost,1.7895005726732613,651.5647583007812
Lunches Special,XGBoost,1.795417316236135,651.5647583007812
Lunches Special,XGBoost,1.8013340597990088,651.5647583007812
Lunches Special,XGBoost,1.8072508033618828,653.0844116210938
Lunches Special,XGBoost,1.8131675469247566,653.0844116210938
Lunches Special,XGBoost,1.8190842904876305,653.0844116210938
Lunches Special,XGBoost,1.8250010340505043,652.8610229492188
Lunches Special,XGBoost,1.830917777613378,665.2211303710938
Lunches Special,XGBoost,1.836834521176252,665.2211303710938
Lunches Special,XGBoost,1.8427512647391258,665.2211303710938
Lunches Special,XGBoost,1.8486680083019995,665.0361938476562
Lunches Special,XGBoost,1.8545847518648735,667.4920043945312
Lunches Special,XGBoost,1.8605014954277472,667.4920043945312
Lunches Special,XGBoost,1.8664182389906212,667.4920043945312
Lunches Special,XGBoost,1.872334982553495,667.4920043945312
Lunches Special,XGBoost,1.878251726116369,667.4920043945312
Lunches Special,XGBoost,1.8841684696792427,1241.413330078125
Lunches Special,XGBoost,1.8900852132421164,1241.413330078125
Lunches Special,XGBoost,1.8960019568049904,1241.413330078125
Lunches Special,XGBoost,1.9019187003678641,1241.413330078125
Lunches Special,XGBoost,1.907835443930738,1241.413330078125
Lunches Special,XGBoost,1.9137521874936119,1239.80810546875
Lunches Special,XGBoost,1.9196689310564856,1239.80810546875
Lunches Special,XGBoost,1.9255856746193596,1236.21728515625
Lunches Special,XGBoost,1.9315024181822333,1236.21728515625
Lunches Special,XGBoost,1.9374191617451073,1236.21728515625
Lunches Special,XGBoost,1.943335905307981,1236.21728515625
Lunches Special,XGBoost,1.9492526488708548,1238.5684814453125
Lunches Special,XGBoost,1.9551693924337288,1238.5684814453125
Lunches Special,XGBoost,1.9610861359966025,1238.5684814453125
Lunches Special,XGBoost,1.9670028795594763,1238.5684814453125
Lunches Special,XGBoost,1.9729196231223503,1238.5684814453125
Lunches Special,XGBoost,1.978836366685224,1238.5684814453125
Lunches Special,XGBoost,1.9847531102480978,1238.5684814453125
Lunches Special,XGBoost,1.9906698538109717,1238.5684814453125
Lunches Special,XGBoost,1.9965865973738457,1238.5684814453125
Lunches Special,XGBoost,2.0025033409367192,1242.7564697265625
Lunches Special,XGBoost,2.008420084499593,1242.7564697265625
Lunches Special,XGBoost,2.014336828062467,1242.7564697265625
Lunches Special,XGBoost,2.020253571625341,1242.7564697265625
Lunches Special,XGBoost,2.0261703151882147,1242.7564697265625
Lunches Special,XGBoost,2.0320870587510886,1242.7564697265625
Lunches Special,XGBoost,2.0380038023139626,1242.7564697265625
Lunches Special,XGBoost,2.043920545876836,1242.9483642578125
Lunches Special,XGBoost,2.04983728943971,1242.9483642578125
Lunches Special,XGBoost,2.055754033002584,1242.9483642578125
Lunches Special,XGBoost,2.0616707765654576,1242.9483642578125
Lunches Special,XGBoost,2.0675875201283316,1242.9483642578125
Lunches Special,XGBoost,2.0735042636912056,1242.9483642578125
Lunches Special,XGBoost,2.079421007254079,1242.9483642578125
Lunches Special,XGBoost,2.085337750816953,1242.9483642578125
Lunches Special,XGBoost,2.091254494379827,1242.9483642578125
Lunches Special,XGBoost,2.0971712379427006,1242.9483642578125
Lunches Special,XGBoost,2.1030879815055745,1242.9483642578125
Lunches Special,XGBoost,2.1090047250684485,1242.9483642578125
Lunches Special,XGBoost,2.1149214686313225,1242.9483642578125
Lunches Special,XGBoost,2.120838212194196,1242.9483642578125
Lunches Special,XGBoost,2.12675495575707,1242.9483642578125
Evenings Special,LightGBM,1.54099734303256,806.5017743234868
Evenings Special,LightGBM,1.5469140865954338,806.5017743234868
Evenings Special,LightGBM,1.5528308301583078,806.5017743234868
Evenings Special,LightGBM,1.5587475737211816,806.5017743234868
Evenings Special,LightGBM,1.5646643172840555,806.5017743234868
Evenings Special,LightGBM,1.5705810608469293,806.5017743234868
Evenings Special,LightGBM,1.576497804409803,806.5017743234868
Evenings Special,LightGBM,1.582414547972677,806.5017743234868
Evenings Special,LightGBM,1.5883312915355507,806.5017743234868
Evenings Special,LightGBM,1.5942480350984247,806.5017743234868
Evenings Special,LightGBM,1.6001647786612985,806.5017743234868
Evenings Special,LightGBM,1.6060815222241722,806.5017743234868
Evenings Special,LightGBM,1.6119982657870462,806.5017743234868
Evenings Special,LightGBM,1.61791500934992,806.5017743234868
Evenings Special,LightGBM,1.623831752912794,806.5017743234868
Evenings Special,LightGBM,1.6297484964756677,806.5017743234868
Evenings Special,LightGBM,1.6356652400385414,806.7135464004448
Evenings Special,LightGBM,1.6415819836014154,806.7135464004448
Evenings Special,LightGBM,1.6474987271642891,806.7135464004448
Evenings Special,LightGBM,1.6534154707271629,806.7135464004448
Evenings Special,LightGBM,1.6593322142900369,806.7135464004448
Evenings Special,LightGBM,1.6652489578529106,806.7135464004448
Evenings Special,LightGBM,1.6711657014157846,806.6398776593619
Evenings Special,LightGBM,1.6770824449786583,806.6398776593619
Evenings Special,LightGBM,1.6829991885415323,805.7178736721886
Evenings Special,LightGBM,1.688915932104406,805.7178736721886
Evenings Special,LightGBM,1.6948326756672798,513.7313940429204
Evenings Special,LightGBM,1.7007494192301538,511.90685879419476
Evenings Special,LightGBM,1.7066661627930275,511.90685879419476
Evenings Special,LightGBM,1.7125829063559013,511.90685879419476
Evenings Special,LightGBM,1.7184996499187752,511.90685879419476
Evenings Special,LightGBM,1.724416393481649,511.945863463032
Evenings Special,LightGBM,1.730333137044523,511.945863463032
Evenings Special,LightGBM,1.7362498806073967,511.8435534901639
Evenings Special,LightGBM,1.7421666241702705,511.8435534901639
Evenings Special,LightGBM,1.7480833677331444,511.53643948237857
Evenings Special,LightGBM,1.7540001112960182,511.53643948237857
Evenings Special,LightGBM,1.7599168548588922,511.50481775944513
Evenings Special,LightGBM,1.765833598421766,511.2615808164282
Evenings Special,LightGBM,1.7717503419846397,514.6108901720715
Evenings Special,LightGBM,1.7776670855475136,514.6108901720715
Evenings Special,LightGBM,1.7835838291103874,514.7253145702897
Evenings Special,LightGBM,1.7895005726732613,511.2905707483137
Evenings Special,LightGBM,1.795417316236135,511.0225250940439
Evenings Special,LightGBM,1.8013340597990088,510.43164638242075
Evenings Special,LightGBM,1.8072508033618828,510.6160216385449
Evenings Special,LightGBM,1.8131675469247566,511.3750560833156
Evenings Special,LightGBM,1.8190842904876305,513.8738485832229
Evenings Special,LightGBM,1.8250010340505043,512.8661048420088
Evenings Special,LightGBM,1.830917777613378,517.1243860794972
Evenings Special,LightGBM,1.836834521176252,517.1243860794972
Evenings Special,LightGBM,1.8427512647391258,516.9924494786685
Evenings Special,LightGBM,1.8486680083019995,518.1050494217818
Evenings Special,LightGBM,1.8545847518648735,519.6745016810511
Evenings Special,LightGBM,1.8605014954277472,519.6745016810511
Evenings Special,LightGBM,1.8664182389906212,519.6459434153663
Evenings Special,LightGBM,1.872334982553495,519.6459434153663
Evenings Special,LightGBM,1.878251726116369,519.6459434153663
Evenings Special,LightGBM,1.8841684696792427,519.6459434153663
Evenings Special,LightGBM,1.8900852132421164,519.6459434153663
Evenings Special,LightGBM,1.8960019568049904,519.6459434153663
Evenings Special,LightGBM,1.9019187003678641,519.6922705326721
Evenings Special,LightGBM,1.907835443930738,519.6922705326721
Evenings Special,LightGBM,1.9137521874936119,519.3403136472521
Evenings Special,LightGBM,1.9196689310564856,519.8394380314397
Evenings Special,LightGBM,1.9255856746193596,519.8394380314397
Evenings Special,LightGBM,1.9315024181822333,519.8394380314397
Evenings Special,LightGBM,1.9374191617451073,554.2453296678224
Evenings Special,LightGBM,1.943335905307981,554.2453296678224
Evenings Special,LightGBM,1.9492526488708548,543.3287738996927
Evenings Special,LightGBM,1.9551693924337288,543.3287738996927
Evenings Special,LightGBM,1.9610861359966025,543.3287738996927
Evenings Special,LightGBM,1.9670028795594763,543.3287738996927
Evenings Special,LightGBM,1.9729196231223503,543.3287738996927
Evenings Special,LightGBM,1.978836366685224,541.5628544334062
Evenings Special,LightGBM,1.9847531102480978,541.5628544334062
Evenings Special,LightGBM,1.9906698538109717,541.5628544334062
Evenings Special,LightGBM,1.9965865973738457,541.5628544334062
Evenings Special,LightGBM,2.0025033409367192,541.5628544334062
Evenings Special,LightGBM,2.008420084499593,541.5628544334062
Evenings Special,LightGBM,2.014336828062467,541.5628544334062
Evenings Special,LightGBM,2.020253571625341,541.5628544334062
Evenings Special,LightGBM,2.0261703151882147,541.5628544334062
Evenings Special,LightGBM,2.0320870587510886,541.5628544334062
Evenings Special,LightGBM,2.0380038023139626,541.5628544334062
Evenings Special,LightGBM,2.043920545876836,541.5628544334062
Evenings Special,LightGBM,2.04983728943971,541.5628544334062
Evenings Special,LightGBM,2.055754033002584,541.5628544334062
Evenings Special,LightGBM,2.0616707765654576,541.5628544334062
Evenings Special,LightGBM,2.0675875201283316,541.5628544334062
Evenings Special,LightGBM,2.0735042636912056,541.5628544334062
Evenings Special,LightGBM,2.079421007254079,541.5628544334062
Evenings Special,LightGBM,2.085337750816953,541.5628544334062
Evenings Special,LightGBM,2.091254494379827,541.5628544334062
Evenings Special,LightGBM,2.0971712379427006,541.5628544334062
Evenings Special,LightGBM,2.1030879815055745,541.5628544334062
Evenings Special,LightGBM,2.1090047250684485,541.5628544334062
Evenings Special,LightGBM,2.1149214686313225,541.5628544334062
Evenings Special,LightGBM,2.120838212194196,541.5628544334062
Evenings Special,LightGBM,2.12675495575707,541.5628544334062
Evenings Special,XGBoost,1.54099734303256,792.6846313476562
Evenings Special,XGBoost,1.5469140865954338,792.6846313476562
Evenings Special,XGBoost,1.5528308301583078,792.6846313476562
Evenings Special,XGBoost,1.5587475737211816,792.6846313476562
Evenings Special,XGBoost,1.5646643172840555,792.6846313476562
Evenings Special,XGBoost,1.5705810608469293,792.6846313476562
Evenings Special,XGBoost,1.576497804409803,792.6846313476562
Evenings Special,XGBoost,1.582414547972677,792.6846313476562
Evenings Special,XGBoost,1.5883312915355507,792.6846313476562
Evenings Special,XGBoost,1.5942480350984247,792.6846313476562
Evenings Special,XGBoost,1.6001647786612985,792.6846313476562
Evenings Special,XGBoost,1.6060815222241722,792.6846313476562
Evenings Special,XGBoost,1.6119982657870462,792.6846313476562
Evenings Special,XGBoost,1.61791500934992,792.6846313476562
Evenings Special,XGBoost,1.623831752912794,792.6846313476562
Evenings Special,XGBoost,1.6297484964756677,792.6846313476562
Evenings Special,XGBoost,1.6356652400385414,792.6846313476562
Evenings Special,XGBoost,1.6415819836014154,792.6846313476562
Evenings Special,XGBoost,1.6474987271642891,792.6846313476562
Evenings Special,XGBoost,1.6534154707271629,792.6846313476562
Evenings Special,XGBoost,1.6593322142900369,793.8753662109375
Evenings Special,XGBoost,1.6652489578529106,793.8753662109375
Evenings Special,XGBoost,1.6711657014157846,793.8753662109375
Evenings Special,XGBoost,1.6770824449786583,793.8870239257812
Evenings Special,XGBoost,1.6829991885415323,793.6038818359375
Evenings Special,XGBoost,1.688915932104406,772.6937866210938
Evenings Special,XGBoost,1.6948326756672798,772.6937866210938
Evenings Special,XGBoost,1.7007494192301538,516.7266845703125
Evenings Special,XGBoost,1.7066661627930275,516.4818115234375
Evenings Special,XGBoost,1.7125829063559013,516.4818115234375
Evenings Special,XGBoost,1.7184996499187752,516.4818115234375
Evenings Special,XGBoost,1.724416393481649,516.2996215820312
Evenings Special,XGBoost,1.730333137044523,516.152587890625
Evenings Special,XGBoost,1.7362498806073967,511.37396240234375
Evenings Special,XGBoost,1.7421666241702705,511.37396240234375
Evenings Special,XGBoost,1.7480833677331444,511.37396240234375
Evenings Special,XGBoost,1.7540001112960182,511.69561767578125
Evenings Special,XGBoost,1.7599168548588922,511.6965026855469
Evenings Special,XGBoost,1.765833598421766,511.2216796875
Evenings Special,XGBoost,1.7717503419846397,511.2216796875
Evenings Special,XGBoost,1.7776670855475136,511.4072570800781
Evenings Special,XGBoost,1.7835838291103874,511.4072570800781
Evenings Special,XGBoost,1.7895005726732613,509.8018493652344
Evenings Special,XGBoost,1.795417316236135,509.8018493652344
Evenings Special,XGBoost,1.8013340597990088,509.99871826171875
Evenings Special,XGBoost,1.8072508033618828,510.173828125
Evenings Special,XGBoost,1.8131675469247566,510.173828125
Evenings Special,XGBoost,1.8190842904876305,509.7804870605469
Evenings Special,XGBoost,1.8250010340505043,509.6839904785156
Evenings Special,XGBoost,1.830917777613378,518.5030517578125
Evenings Special,XGBoost,1.836834521176252,518.5030517578125
Evenings Special,XGBoost,1.8427512647391258,518.5030517578125
Evenings Special,XGBoost,1.8486680083019995,509.8697814941406
Evenings Special,XGBoost,1.8545847518648735,509.8245544433594
Evenings Special,XGBoost,1.8605014954277472,509.8245544433594
Evenings Special,XGBoost,1.8664182389906212,509.8245544433594
Evenings Special,XGBoost,1.872334982553495,509.8245544433594
Evenings Special,XGBoost,1.878251726116369,509.8245544433594
Evenings Special,XGBoost,1.8841684696792427,514.4102172851562
Evenings Special,XGBoost,1.8900852132421164,514.4102172851562
Evenings Special,XGBoost,1.8960019568049904,514.4102172851562
Evenings Special,XGBoost,1.9019187003678641,514.4102172851562
Evenings Special,XGBoost,1.907835443930738,514.4102172851562
Evenings Special,XGBoost,1.9137521874936119,514.0836181640625
Evenings Special,XGBoost,1.9196689310564856,521.9032592773438
Evenings Special,XGBoost,1.9255856746193596,521.8173217773438
Evenings Special,XGBoost,1.9315024181822333,521.8173217773438
Evenings Special,XGBoost,1.9374191617451073,521.8173217773438
Evenings Special,XGBoost,1.943335905307981,521.8173217773438
Evenings Special,XGBoost,1.9492526488708548,526.5027465820312
Evenings Special,XGBoost,1.9551693924337288,526.5027465820312
Evenings Special,XGBoost,1.9610861359966025,526.5027465820312
Evenings Special,XGBoost,1.9670028795594763,526.5027465820312
Evenings Special,XGBoost,1.9729196231223503,526.5027465820312
Evenings Special,XGBoost,1.978836366685224,526.5027465820312
Evenings Special,XGBoost,1.9847531102480978,526.5027465820312
Evenings Special,XGBoost,1.9906698538109717,526.5027465820312
Evenings Special,XGBoost,1.9965865973738457,526.5027465820312
Evenings Special,XGBoost,2.0025033409367192,526.5027465820312
Evenings Special,XGBoost,2.008420084499593,526.5027465820312
Evenings Special,XGBoost,2.014336828062467,526.5027465820312
Evenings Special,XGBoost,2.020253571625341,526.5027465820312
Evenings Special,XGBoost,2.0261703151882147,526.5027465820312
Evenings Special,XGBoost,2.0320870587510886,526.5027465820312
Evenings Special,XGBoost,2.0380038023139626,526.5027465820312
Evenings Special,XGBoost,2.043920545876836,526.5027465820312
Evenings Special,XGBoost,2.04983728943971,526.5027465820312
Evenings Special,XGBoost,2.055754033002584,526.5027465820312
Evenings Special,XGBoost,2.0616707765654576,526.5027465820312
Evenings Special,XGBoost,2.0675875201283316,526.5027465820312
Evenings Special,XGBoost,2.0735042636912056,526.5027465820312
Evenings Special,XGBoost,2.079421007254079,526.5027465820312
Evenings Special,XGBoost,2.085337750816953,526.5027465820312
Evenings Special,XGBoost,2.091254494379827,526.5027465820312
Evenings Special,XGBoost,2.0971712379427006,526.5027465820312
Evenings Special,XGBoost,2.1030879815055745,526.5027465820312
Evenings Special,XGBoost,2.1090047250684485,526.5027465820312
Evenings Special,XGBoost,2.1149214686313225,526.5027465820312
Evenings Special,XGBoost,2.120838212194196,526.5027465820312
Evenings Special,XGBoost,2.12675495575707,526.5027465820312
