Dataset,Model,Wind speed,Predicted Value
All,XGBoost,0.01,611.6227416992188
All,XGBoost,0.15151515151515152,611.6227416992188
All,XGBoost,0.29303030303030303,609.806396484375
All,XGBoost,0.43454545454545457,610.6754150390625
All,XGBoost,0.576060606060606,609.6354370117188
All,XGBoost,0.7175757575757575,605.9797973632812
All,XGBoost,0.8590909090909091,605.4347534179688
All,XGBoost,1.0006060606060605,605.8291625976562
All,XGBoost,1.142121212121212,604.3155517578125
All,XGBoost,1.2836363636363637,604.6668090820312
All,XGBoost,1.425151515151515,604.3347778320312
All,XGBoost,1.5666666666666667,604.49560546875
All,XGBoost,1.7081818181818182,604.5075073242188
All,XGBoost,1.8496969696969696,604.4205932617188
All,XGBoost,1.9912121212121212,604.2623291015625
All,XGBoost,2.1327272727272724,603.3783569335938
All,XGBoost,2.274242424242424,603.8075561523438
All,XGBoost,2.4157575757575755,604.3582763671875
All,XGBoost,2.557272727272727,599.2105712890625
All,XGBoost,2.6987878787878783,599.3072509765625
All,XGBoost,2.84030303030303,599.1739501953125
All,XGBoost,2.9818181818181815,598.594482421875
All,XGBoost,3.123333333333333,598.4041137695312
All,XGBoost,3.2648484848484847,597.961669921875
All,XGBoost,3.4063636363636363,591.7559814453125
All,XGBoost,3.5478787878787874,591.8441162109375
All,XGBoost,3.689393939393939,591.0533447265625
All,XGBoost,3.8309090909090906,591.0639038085938
All,XGBoost,3.972424242424242,591.5031127929688
All,XGBoost,4.113939393939393,586.9896850585938
All,XGBoost,4.255454545454545,586.8834838867188
All,XGBoost,4.3969696969696965,586.72216796875
All,XGBoost,4.538484848484848,586.29150390625
All,XGBoost,4.68,586.0027465820312
All,XGBoost,4.821515151515151,586.1934814453125
All,XGBoost,4.963030303030303,586.4974975585938
All,XGBoost,5.1045454545454545,580.5606079101562
All,XGBoost,5.246060606060606,580.535888671875
All,XGBoost,5.387575757575757,580.68310546875
All,XGBoost,5.529090909090908,580.3136596679688
All,XGBoost,5.67060606060606,580.0861206054688
All,XGBoost,5.812121212121212,579.9105224609375
All,XGBoost,5.953636363636363,579.5194702148438
All,XGBoost,6.095151515151515,579.4764404296875
All,XGBoost,6.236666666666666,579.6201171875
All,XGBoost,6.378181818181818,579.596923828125
All,XGBoost,6.5196969696969695,577.3407592773438
All,XGBoost,6.661212121212121,577.470947265625
All,XGBoost,6.802727272727273,577.53564453125
All,XGBoost,6.944242424242423,577.3325805664062
All,XGBoost,7.085757575757575,577.3838500976562
All,XGBoost,7.227272727272727,576.2976684570312
All,XGBoost,7.368787878787878,576.3018188476562
All,XGBoost,7.51030303030303,576.01171875
All,XGBoost,7.651818181818181,576.1612548828125
All,XGBoost,7.793333333333333,574.9841918945312
All,XGBoost,7.934848484848485,574.7821655273438
All,XGBoost,8.076363636363636,574.7901000976562
All,XGBoost,8.217878787878787,575.205078125
All,XGBoost,8.35939393939394,575.2185668945312
All,XGBoost,8.50090909090909,573.9407348632812
All,XGBoost,8.642424242424243,572.6260375976562
All,XGBoost,8.783939393939393,573.0040893554688
All,XGBoost,8.925454545454546,573.82373046875
All,XGBoost,9.066969696969696,573.82373046875
All,XGBoost,9.208484848484847,573.8682861328125
All,XGBoost,9.35,571.2623901367188
All,XGBoost,9.49151515151515,567.7830810546875
All,XGBoost,9.633030303030303,567.7830810546875
All,XGBoost,9.774545454545454,569.744873046875
All,XGBoost,9.916060606060606,569.744873046875
All,XGBoost,10.057575757575757,569.744873046875
All,XGBoost,10.19909090909091,569.5707397460938
All,XGBoost,10.34060606060606,569.5707397460938
All,XGBoost,10.482121212121212,569.5707397460938
All,XGBoost,10.623636363636363,569.5707397460938
All,XGBoost,10.765151515151514,571.0504760742188
All,XGBoost,10.906666666666666,571.0504760742188
All,XGBoost,11.048181818181817,571.0504760742188
All,XGBoost,11.18969696969697,571.0504760742188
All,XGBoost,11.33121212121212,571.0504760742188
All,XGBoost,11.472727272727273,571.0504760742188
All,XGBoost,11.614242424242423,571.0504760742188
All,XGBoost,11.755757575757576,571.0504760742188
All,XGBoost,11.897272727272727,571.0504760742188
All,XGBoost,12.038787878787879,571.0504760742188
All,XGBoost,12.18030303030303,571.0504760742188
All,XGBoost,12.32181818181818,571.0504760742188
All,XGBoost,12.463333333333333,571.0504760742188
All,XGBoost,12.604848484848484,571.0504760742188
All,XGBoost,12.746363636363636,571.0504760742188
All,XGBoost,12.887878787878787,571.0504760742188
All,XGBoost,13.02939393939394,571.0504760742188
All,XGBoost,13.17090909090909,571.0504760742188
All,XGBoost,13.312424242424242,571.0504760742188
All,XGBoost,13.453939393939393,571.0504760742188
All,XGBoost,13.595454545454546,571.0504760742188
All,XGBoost,13.736969696969696,571.0504760742188
All,XGBoost,13.878484848484847,571.0504760742188
All,XGBoost,14.02,571.0504760742188
Lunches,CatBoost,0.415,1100.408278058455
Lunches,CatBoost,0.530530303030303,1100.408278058455
Lunches,CatBoost,0.646060606060606,1102.590476515748
Lunches,CatBoost,0.761590909090909,1102.590476515748
Lunches,CatBoost,0.8771212121212121,1105.56282100476
Lunches,CatBoost,0.9926515151515152,1148.434020695489
Lunches,CatBoost,1.1081818181818182,1120.8199685168304
Lunches,CatBoost,1.2237121212121211,1121.214686061115
Lunches,CatBoost,1.3392424242424241,1127.7245314238573
Lunches,CatBoost,1.4547727272727273,1127.1662815434825
Lunches,CatBoost,1.5703030303030303,1122.6723629181608
Lunches,CatBoost,1.6858333333333333,1122.3752258274126
Lunches,CatBoost,1.8013636363636363,1122.3943625420645
Lunches,CatBoost,1.9168939393939393,1122.1378123146897
Lunches,CatBoost,2.0324242424242422,1124.6125472884057
Lunches,CatBoost,2.1479545454545454,1125.409067500754
Lunches,CatBoost,2.263484848484848,1115.5471364927248
Lunches,CatBoost,2.3790151515151514,1115.7776598230084
Lunches,CatBoost,2.4945454545454546,1113.8013982618156
Lunches,CatBoost,2.6100757575757574,1125.247810128336
Lunches,CatBoost,2.7256060606060606,1115.8367156277734
Lunches,CatBoost,2.8411363636363633,1113.4041802598047
Lunches,CatBoost,2.9566666666666666,1114.4885121661516
Lunches,CatBoost,3.0721969696969698,1113.2198550233309
Lunches,CatBoost,3.1877272727272725,1111.8542118637345
Lunches,CatBoost,3.3032575757575757,1111.9670402255608
Lunches,CatBoost,3.4187878787878785,1111.9670402255608
Lunches,CatBoost,3.5343181818181817,1110.1071847638636
Lunches,CatBoost,3.649848484848485,1102.0263953671147
Lunches,CatBoost,3.7653787878787877,1102.0263953671147
Lunches,CatBoost,3.880909090909091,1090.3623634793826
Lunches,CatBoost,3.9964393939393936,1117.8682935099707
Lunches,CatBoost,4.111969696969696,1118.0384695349228
Lunches,CatBoost,4.2275,1114.5490970180847
Lunches,CatBoost,4.343030303030303,1114.1877259671437
Lunches,CatBoost,4.458560606060606,1115.3946650301311
Lunches,CatBoost,4.574090909090909,1153.2183698174035
Lunches,CatBoost,4.689621212121212,1103.656018698498
Lunches,CatBoost,4.805151515151515,1097.895756063918
Lunches,CatBoost,4.920681818181818,1097.765055777647
Lunches,CatBoost,5.036212121212121,1094.3255345853054
Lunches,CatBoost,5.151742424242424,1092.2951387454314
Lunches,CatBoost,5.267272727272727,1084.8083712203263
Lunches,CatBoost,5.38280303030303,1111.5012755002629
Lunches,CatBoost,5.498333333333333,1112.1563375882563
Lunches,CatBoost,5.613863636363636,1110.3750996940823
Lunches,CatBoost,5.7293939393939395,1094.053444309336
Lunches,CatBoost,5.844924242424242,1091.5922912478484
Lunches,CatBoost,5.960454545454545,1091.7001907883498
Lunches,CatBoost,6.075984848484849,1091.5231125615628
Lunches,CatBoost,6.191515151515151,1091.170855938437
Lunches,CatBoost,6.307045454545454,1090.5779841507785
Lunches,CatBoost,6.422575757575757,1088.2852416001294
Lunches,CatBoost,6.538106060606061,1093.492693633483
Lunches,CatBoost,6.653636363636363,1095.670099324575
Lunches,CatBoost,6.769166666666666,1090.109614506684
Lunches,CatBoost,6.88469696969697,1090.109614506684
Lunches,CatBoost,7.0002272727272725,1088.1031799153855
Lunches,CatBoost,7.115757575757575,1089.126243367459
Lunches,CatBoost,7.231287878787879,1097.270298565984
Lunches,CatBoost,7.346818181818182,1097.270298565984
Lunches,CatBoost,7.4623484848484845,1096.9910286622983
Lunches,CatBoost,7.577878787878787,1096.9910286622983
Lunches,CatBoost,7.693409090909091,1098.510518846651
Lunches,CatBoost,7.808939393939394,1119.1956681471092
Lunches,CatBoost,7.924469696969696,1119.1956681471092
Lunches,CatBoost,8.04,1119.1956681471092
Lunches,CatBoost,8.155530303030302,1104.2554073410158
Lunches,CatBoost,8.271060606060605,1104.2554073410158
Lunches,CatBoost,8.386590909090907,1104.2554073410158
Lunches,CatBoost,8.50212121212121,1101.510520404075
Lunches,CatBoost,8.617651515151515,1100.1069912633309
Lunches,CatBoost,8.733181818181817,1096.6913557351106
Lunches,CatBoost,8.84871212121212,1059.868642920402
Lunches,CatBoost,8.964242424242423,1061.90843775148
Lunches,CatBoost,9.079772727272726,1061.90843775148
Lunches,CatBoost,9.195303030303029,1061.90843775148
Lunches,CatBoost,9.310833333333331,1055.068365332492
Lunches,CatBoost,9.426363636363636,1055.068365332492
Lunches,CatBoost,9.541893939393939,1055.068365332492
Lunches,CatBoost,9.657424242424241,1055.068365332492
Lunches,CatBoost,9.772954545454544,1055.068365332492
Lunches,CatBoost,9.888484848484847,1053.2277837150539
Lunches,CatBoost,10.00401515151515,1053.2277837150539
Lunches,CatBoost,10.119545454545452,1053.2277837150539
Lunches,CatBoost,10.235075757575757,1053.2277837150539
Lunches,CatBoost,10.35060606060606,1059.9180232948922
Lunches,CatBoost,10.466136363636362,1059.9180232948922
Lunches,CatBoost,10.581666666666665,1059.9180232948922
Lunches,CatBoost,10.697196969696968,1059.9180232948922
Lunches,CatBoost,10.81272727272727,1059.9180232948922
Lunches,CatBoost,10.928257575757575,1059.9180232948922
Lunches,CatBoost,11.043787878787878,1059.9180232948922
Lunches,CatBoost,11.15931818181818,1059.9180232948922
Lunches,CatBoost,11.274848484848484,1059.9180232948922
Lunches,CatBoost,11.390378787878786,1059.9180232948922
Lunches,CatBoost,11.505909090909089,1059.9180232948922
Lunches,CatBoost,11.621439393939392,1059.9180232948922
Lunches,CatBoost,11.736969696969696,1059.9180232948922
Lunches,CatBoost,11.8525,1059.9180232948922
Lunches,LightGBM,0.415,1113.785056258879
Lunches,LightGBM,0.530530303030303,1113.785056258879
Lunches,LightGBM,0.646060606060606,1113.785056258879
Lunches,LightGBM,0.761590909090909,1113.785056258879
Lunches,LightGBM,0.8771212121212121,1114.591591562823
Lunches,LightGBM,0.9926515151515152,1142.1575158820067
Lunches,LightGBM,1.1081818181818182,1118.3281234765113
Lunches,LightGBM,1.2237121212121211,1122.2951188360842
Lunches,LightGBM,1.3392424242424241,1125.9154321342571
Lunches,LightGBM,1.4547727272727273,1125.9984912150383
Lunches,LightGBM,1.5703030303030303,1125.0594000967092
Lunches,LightGBM,1.6858333333333333,1129.098033085995
Lunches,LightGBM,1.8013636363636363,1126.0342431656613
Lunches,LightGBM,1.9168939393939393,1126.6636967833392
Lunches,LightGBM,2.0324242424242422,1126.8127417747312
Lunches,LightGBM,2.1479545454545454,1126.4152169983154
Lunches,LightGBM,2.263484848484848,1116.9386585796299
Lunches,LightGBM,2.3790151515151514,1116.1220456864492
Lunches,LightGBM,2.4945454545454546,1113.3116941910991
Lunches,LightGBM,2.6100757575757574,1116.1298339225586
Lunches,LightGBM,2.7256060606060606,1116.6714844325725
Lunches,LightGBM,2.8411363636363633,1115.69441319566
Lunches,LightGBM,2.9566666666666666,1115.1148017638243
Lunches,LightGBM,3.0721969696969698,1114.8111756870383
Lunches,LightGBM,3.1877272727272725,1112.1906205484518
Lunches,LightGBM,3.3032575757575757,1112.0522675117033
Lunches,LightGBM,3.4187878787878785,1111.501794645401
Lunches,LightGBM,3.5343181818181817,1110.14966995591
Lunches,LightGBM,3.649848484848485,1110.0657325612246
Lunches,LightGBM,3.7653787878787877,1110.7159732110576
Lunches,LightGBM,3.880909090909091,1110.9213148240729
Lunches,LightGBM,3.9964393939393936,1112.238367280455
Lunches,LightGBM,4.111969696969696,1112.3352876506149
Lunches,LightGBM,4.2275,1112.092134517262
Lunches,LightGBM,4.343030303030303,1112.6309344143758
Lunches,LightGBM,4.458560606060606,1112.7149421098295
Lunches,LightGBM,4.574090909090909,1136.221130114268
Lunches,LightGBM,4.689621212121212,1102.8920745329606
Lunches,LightGBM,4.805151515151515,1100.5321048618398
Lunches,LightGBM,4.920681818181818,1099.824224159398
Lunches,LightGBM,5.036212121212121,1100.3378323065187
Lunches,LightGBM,5.151742424242424,1098.8461820473328
Lunches,LightGBM,5.267272727272727,1099.7329523685148
Lunches,LightGBM,5.38280303030303,1104.884890729787
Lunches,LightGBM,5.498333333333333,1103.5501318083466
Lunches,LightGBM,5.613863636363636,1100.7058901148478
Lunches,LightGBM,5.7293939393939395,1095.1015157457596
Lunches,LightGBM,5.844924242424242,1093.7218194829554
Lunches,LightGBM,5.960454545454545,1092.6485776612278
Lunches,LightGBM,6.075984848484849,1093.2703819984097
Lunches,LightGBM,6.191515151515151,1093.42439491095
Lunches,LightGBM,6.307045454545454,1093.199731916869
Lunches,LightGBM,6.422575757575757,1093.0809562415038
Lunches,LightGBM,6.538106060606061,1092.6223565678606
Lunches,LightGBM,6.653636363636363,1092.3744728202525
Lunches,LightGBM,6.769166666666666,1089.5695182156046
Lunches,LightGBM,6.88469696969697,1089.251488452433
Lunches,LightGBM,7.0002272727272725,1089.7214148215521
Lunches,LightGBM,7.115757575757575,1089.7214148215521
Lunches,LightGBM,7.231287878787879,1093.144738614784
Lunches,LightGBM,7.346818181818182,1090.4833247828483
Lunches,LightGBM,7.4623484848484845,1093.1732412733234
Lunches,LightGBM,7.577878787878787,1093.5866262154316
Lunches,LightGBM,7.693409090909091,1093.691687161231
Lunches,LightGBM,7.808939393939394,1104.40222628602
Lunches,LightGBM,7.924469696969696,1147.438646140855
Lunches,LightGBM,8.04,1132.6415996777116
Lunches,LightGBM,8.155530303030302,1112.8571418203617
Lunches,LightGBM,8.271060606060605,1112.5120947022185
Lunches,LightGBM,8.386590909090907,1112.4596100446395
Lunches,LightGBM,8.50212121212121,1105.550161875099
Lunches,LightGBM,8.617651515151515,1105.550161875099
Lunches,LightGBM,8.733181818181817,1103.6839475807253
Lunches,LightGBM,8.84871212121212,1059.7051798966597
Lunches,LightGBM,8.964242424242423,1067.1505584822157
Lunches,LightGBM,9.079772727272726,1067.1505584822157
Lunches,LightGBM,9.195303030303029,1067.1505584822157
Lunches,LightGBM,9.310833333333331,1065.9742783813033
Lunches,LightGBM,9.426363636363636,1065.9742783813033
Lunches,LightGBM,9.541893939393939,1063.3796535979504
Lunches,LightGBM,9.657424242424241,1063.3796535979504
Lunches,LightGBM,9.772954545454544,1063.3796535979504
Lunches,LightGBM,9.888484848484847,1061.228088695313
Lunches,LightGBM,10.00401515151515,1061.228088695313
Lunches,LightGBM,10.119545454545452,1061.228088695313
Lunches,LightGBM,10.235075757575757,1063.403380081718
Lunches,LightGBM,10.35060606060606,1063.403380081718
Lunches,LightGBM,10.466136363636362,1063.403380081718
Lunches,LightGBM,10.581666666666665,1063.403380081718
Lunches,LightGBM,10.697196969696968,1063.403380081718
Lunches,LightGBM,10.81272727272727,1065.0357484718231
Lunches,LightGBM,10.928257575757575,1065.0357484718231
Lunches,LightGBM,11.043787878787878,1065.0357484718231
Lunches,LightGBM,11.15931818181818,1065.0357484718231
Lunches,LightGBM,11.274848484848484,1065.0357484718231
Lunches,LightGBM,11.390378787878786,1065.0357484718231
Lunches,LightGBM,11.505909090909089,1065.0357484718231
Lunches,LightGBM,11.621439393939392,1065.0357484718231
Lunches,LightGBM,11.736969696969696,1065.0357484718231
Lunches,LightGBM,11.8525,1065.0357484718231
Lunches,XGBoost,0.415,1148.2386474609375
Lunches,XGBoost,0.530530303030303,1148.2386474609375
Lunches,XGBoost,0.646060606060606,1116.9425048828125
Lunches,XGBoost,0.761590909090909,1116.9425048828125
Lunches,XGBoost,0.8771212121212121,1120.9727783203125
Lunches,XGBoost,0.9926515151515152,1148.2786865234375
Lunches,XGBoost,1.1081818181818182,1124.4949951171875
Lunches,XGBoost,1.2237121212121211,1121.3167724609375
Lunches,XGBoost,1.3392424242424241,1134.0926513671875
Lunches,XGBoost,1.4547727272727273,1128.1661376953125
Lunches,XGBoost,1.5703030303030303,1112.2562255859375
Lunches,XGBoost,1.6858333333333333,1111.5111083984375
Lunches,XGBoost,1.8013636363636363,1117.211669921875
Lunches,XGBoost,1.9168939393939393,1127.4271240234375
Lunches,XGBoost,2.0324242424242422,1123.9820556640625
Lunches,XGBoost,2.1479545454545454,1124.425048828125
Lunches,XGBoost,2.263484848484848,1113.6092529296875
Lunches,XGBoost,2.3790151515151514,1123.55224609375
Lunches,XGBoost,2.4945454545454546,1105.27197265625
Lunches,XGBoost,2.6100757575757574,1116.5247802734375
Lunches,XGBoost,2.7256060606060606,1115.6082763671875
Lunches,XGBoost,2.8411363636363633,1104.3812255859375
Lunches,XGBoost,2.9566666666666666,1107.48095703125
Lunches,XGBoost,3.0721969696969698,1109.49853515625
Lunches,XGBoost,3.1877272727272725,1113.9302978515625
Lunches,XGBoost,3.3032575757575757,1117.6912841796875
Lunches,XGBoost,3.4187878787878785,1127.2650146484375
Lunches,XGBoost,3.5343181818181817,1120.88037109375
Lunches,XGBoost,3.649848484848485,1109.4422607421875
Lunches,XGBoost,3.7653787878787877,1111.48779296875
Lunches,XGBoost,3.880909090909091,1092.76025390625
Lunches,XGBoost,3.9964393939393936,1116.9241943359375
Lunches,XGBoost,4.111969696969696,1123.5972900390625
Lunches,XGBoost,4.2275,1112.2708740234375
Lunches,XGBoost,4.343030303030303,1113.5909423828125
Lunches,XGBoost,4.458560606060606,1113.0601806640625
Lunches,XGBoost,4.574090909090909,1126.781005859375
Lunches,XGBoost,4.689621212121212,1094.2403564453125
Lunches,XGBoost,4.805151515151515,1084.935546875
Lunches,XGBoost,4.920681818181818,1093.526123046875
Lunches,XGBoost,5.036212121212121,1093.41064453125
Lunches,XGBoost,5.151742424242424,1094.0369873046875
Lunches,XGBoost,5.267272727272727,1098.496826171875
Lunches,XGBoost,5.38280303030303,1109.6273193359375
Lunches,XGBoost,5.498333333333333,1097.94873046875
Lunches,XGBoost,5.613863636363636,1095.88525390625
Lunches,XGBoost,5.7293939393939395,1085.2633056640625
Lunches,XGBoost,5.844924242424242,1083.4407958984375
Lunches,XGBoost,5.960454545454545,1078.7110595703125
Lunches,XGBoost,6.075984848484849,1089.4583740234375
Lunches,XGBoost,6.191515151515151,1091.2230224609375
Lunches,XGBoost,6.307045454545454,1080.6456298828125
Lunches,XGBoost,6.422575757575757,1090.4078369140625
Lunches,XGBoost,6.538106060606061,1090.0340576171875
Lunches,XGBoost,6.653636363636363,1087.431640625
Lunches,XGBoost,6.769166666666666,1077.933349609375
Lunches,XGBoost,6.88469696969697,1079.6649169921875
Lunches,XGBoost,7.0002272727272725,1080.044677734375
Lunches,XGBoost,7.115757575757575,1088.38134765625
Lunches,XGBoost,7.231287878787879,1089.57666015625
Lunches,XGBoost,7.346818181818182,1079.0771484375
Lunches,XGBoost,7.4623484848484845,1093.8602294921875
Lunches,XGBoost,7.577878787878787,1097.697998046875
Lunches,XGBoost,7.693409090909091,1096.457275390625
Lunches,XGBoost,7.808939393939394,1133.525146484375
Lunches,XGBoost,7.924469696969696,1113.323974609375
Lunches,XGBoost,8.04,1113.323974609375
Lunches,XGBoost,8.155530303030302,1113.0242919921875
Lunches,XGBoost,8.271060606060605,1111.8909912109375
Lunches,XGBoost,8.386590909090907,1111.8909912109375
Lunches,XGBoost,8.50212121212121,1106.1663818359375
Lunches,XGBoost,8.617651515151515,1103.4903564453125
Lunches,XGBoost,8.733181818181817,1075.8436279296875
Lunches,XGBoost,8.84871212121212,1075.8436279296875
Lunches,XGBoost,8.964242424242423,1089.046875
Lunches,XGBoost,9.079772727272726,1089.046875
Lunches,XGBoost,9.195303030303029,1089.046875
Lunches,XGBoost,9.310833333333331,1070.4293212890625
Lunches,XGBoost,9.426363636363636,1070.4293212890625
Lunches,XGBoost,9.541893939393939,1070.4293212890625
Lunches,XGBoost,9.657424242424241,1070.4293212890625
Lunches,XGBoost,9.772954545454544,1069.177978515625
Lunches,XGBoost,9.888484848484847,1069.177978515625
Lunches,XGBoost,10.00401515151515,1069.177978515625
Lunches,XGBoost,10.119545454545452,1069.177978515625
Lunches,XGBoost,10.235075757575757,1069.177978515625
Lunches,XGBoost,10.35060606060606,1072.5692138671875
Lunches,XGBoost,10.466136363636362,1072.5692138671875
Lunches,XGBoost,10.581666666666665,1072.5692138671875
Lunches,XGBoost,10.697196969696968,1072.5692138671875
Lunches,XGBoost,10.81272727272727,1072.5692138671875
Lunches,XGBoost,10.928257575757575,1072.5692138671875
Lunches,XGBoost,11.043787878787878,1072.5692138671875
Lunches,XGBoost,11.15931818181818,1072.5692138671875
Lunches,XGBoost,11.274848484848484,1072.5692138671875
Lunches,XGBoost,11.390378787878786,1072.5692138671875
Lunches,XGBoost,11.505909090909089,1072.5692138671875
Lunches,XGBoost,11.621439393939392,1072.5692138671875
Lunches,XGBoost,11.736969696969696,1072.5692138671875
Lunches,XGBoost,11.8525,1072.5692138671875
Afternoons,CatBoost,0.135,1251.5553711629605
Afternoons,CatBoost,0.25303030303030305,1251.5553711629605
Afternoons,CatBoost,0.3710606060606061,1251.5553711629605
Afternoons,CatBoost,0.48909090909090913,1251.5553711629605
Afternoons,CatBoost,0.6071212121212122,1267.4160270019706
Afternoons,CatBoost,0.7251515151515152,1240.9459128720723
Afternoons,CatBoost,0.8431818181818183,1260.6549499713585
Afternoons,CatBoost,0.9612121212121213,1236.667160109383
Afternoons,CatBoost,1.0792424242424243,1236.748112378088
Afternoons,CatBoost,1.1972727272727275,1235.4021979184774
Afternoons,CatBoost,1.3153030303030304,1241.5133895845136
Afternoons,CatBoost,1.4333333333333333,1243.906300101303
Afternoons,CatBoost,1.5513636363636365,1271.2955283661377
Afternoons,CatBoost,1.6693939393939397,1249.6254956603811
Afternoons,CatBoost,1.7874242424242426,1270.2317880002554
Afternoons,CatBoost,1.9054545454545455,1233.4365148137683
Afternoons,CatBoost,2.0234848484848484,1233.3252372036072
Afternoons,CatBoost,2.1415151515151516,1232.7540281573456
Afternoons,CatBoost,2.2595454545454547,1233.4860477173008
Afternoons,CatBoost,2.377575757575758,1232.741049572353
Afternoons,CatBoost,2.495606060606061,1221.3969201602297
Afternoons,CatBoost,2.613636363636364,1216.7984635136922
Afternoons,CatBoost,2.7316666666666665,1223.5029632448304
Afternoons,CatBoost,2.8496969696969696,1212.0420095733557
Afternoons,CatBoost,2.9677272727272728,1220.255046319939
Afternoons,CatBoost,3.085757575757576,1226.7543630594923
Afternoons,CatBoost,3.203787878787879,1226.818395018614
Afternoons,CatBoost,3.3218181818181822,1210.7435753086822
Afternoons,CatBoost,3.4398484848484854,1227.7546896510073
Afternoons,CatBoost,3.5578787878787885,1228.9394335653135
Afternoons,CatBoost,3.675909090909091,1217.5671626382464
Afternoons,CatBoost,3.793939393939394,1213.2279241079416
Afternoons,CatBoost,3.911969696969697,1212.358220546414
Afternoons,CatBoost,4.03,1208.059393648685
Afternoons,CatBoost,4.148030303030303,1211.5110288153085
Afternoons,CatBoost,4.2660606060606066,1225.813514215107
Afternoons,CatBoost,4.38409090909091,1229.996302468807
Afternoons,CatBoost,4.502121212121212,1227.4980525869871
Afternoons,CatBoost,4.620151515151515,1211.997202414878
Afternoons,CatBoost,4.738181818181818,1212.2287414789382
Afternoons,CatBoost,4.856212121212121,1210.924778369715
Afternoons,CatBoost,4.974242424242425,1210.5273573866657
Afternoons,CatBoost,5.092272727272728,1210.1317093670732
Afternoons,CatBoost,5.210303030303031,1212.2962109884143
Afternoons,CatBoost,5.328333333333333,1212.6256081800036
Afternoons,CatBoost,5.446363636363636,1202.9157160506697
Afternoons,CatBoost,5.5643939393939394,1202.2214793358369
Afternoons,CatBoost,5.682424242424243,1201.8307068318115
Afternoons,CatBoost,5.800454545454546,1201.001164650472
Afternoons,CatBoost,5.918484848484849,1198.7388196137806
Afternoons,CatBoost,6.036515151515152,1198.5649449220734
Afternoons,CatBoost,6.154545454545455,1198.4090386797654
Afternoons,CatBoost,6.272575757575758,1195.276062894583
Afternoons,CatBoost,6.390606060606061,1193.7705887253678
Afternoons,CatBoost,6.508636363636364,1193.503000705865
Afternoons,CatBoost,6.626666666666667,1191.6721395761138
Afternoons,CatBoost,6.74469696969697,1193.2063859454179
Afternoons,CatBoost,6.862727272727273,1191.6097155414225
Afternoons,CatBoost,6.980757575757576,1191.8301688500762
Afternoons,CatBoost,7.0987878787878795,1182.7665527289669
Afternoons,CatBoost,7.216818181818182,1182.5230610516544
Afternoons,CatBoost,7.334848484848485,1185.4224589147707
Afternoons,CatBoost,7.452878787878788,1184.1379082961716
Afternoons,CatBoost,7.570909090909091,1178.7200058384985
Afternoons,CatBoost,7.688939393939394,1178.7200058384985
Afternoons,CatBoost,7.806969696969698,1178.9418598985071
Afternoons,CatBoost,7.925000000000001,1183.9020102730144
Afternoons,CatBoost,8.043030303030305,1185.651707727849
Afternoons,CatBoost,8.161060606060607,1184.2077253174743
Afternoons,CatBoost,8.27909090909091,1183.2919262710614
Afternoons,CatBoost,8.397121212121213,1183.2919262710614
Afternoons,CatBoost,8.515151515151516,1183.4693597664789
Afternoons,CatBoost,8.63318181818182,1183.4693597664789
Afternoons,CatBoost,8.751212121212122,1183.4693597664789
Afternoons,CatBoost,8.869242424242424,1183.4693597664789
Afternoons,CatBoost,8.987272727272728,1177.6806154176259
Afternoons,CatBoost,9.10530303030303,1177.6806154176259
Afternoons,CatBoost,9.223333333333334,1187.7982123503325
Afternoons,CatBoost,9.341363636363637,1188.2251256440463
Afternoons,CatBoost,9.45939393939394,1188.2251256440463
Afternoons,CatBoost,9.577424242424243,1188.2251256440463
Afternoons,CatBoost,9.695454545454545,1189.101522173144
Afternoons,CatBoost,9.81348484848485,1189.101522173144
Afternoons,CatBoost,9.931515151515152,1186.0433156755178
Afternoons,CatBoost,10.049545454545456,1186.0433156755178
Afternoons,CatBoost,10.167575757575758,1186.0433156755178
Afternoons,CatBoost,10.285606060606062,1186.0433156755178
Afternoons,CatBoost,10.403636363636364,1186.0433156755178
Afternoons,CatBoost,10.521666666666667,1186.0433156755178
Afternoons,CatBoost,10.63969696969697,1186.0433156755178
Afternoons,CatBoost,10.757727272727273,1186.0433156755178
Afternoons,CatBoost,10.875757575757577,1186.0433156755178
Afternoons,CatBoost,10.993787878787879,1186.0433156755178
Afternoons,CatBoost,11.111818181818183,1186.0433156755178
Afternoons,CatBoost,11.229848484848485,1186.0433156755178
Afternoons,CatBoost,11.34787878787879,1186.0433156755178
Afternoons,CatBoost,11.465909090909092,1186.0433156755178
Afternoons,CatBoost,11.583939393939394,1186.0433156755178
Afternoons,CatBoost,11.701969696969698,1186.0433156755178
Afternoons,CatBoost,11.82,1186.0433156755178
Afternoons,LightGBM,0.135,1257.0182745325258
Afternoons,LightGBM,0.25303030303030305,1257.0182745325258
Afternoons,LightGBM,0.3710606060606061,1257.0182745325258
Afternoons,LightGBM,0.48909090909090913,1257.0182745325258
Afternoons,LightGBM,0.6071212121212122,1256.8220721065568
Afternoons,LightGBM,0.7251515151515152,1255.115741527869
Afternoons,LightGBM,0.8431818181818183,1258.451558308875
Afternoons,LightGBM,0.9612121212121213,1245.785329971396
Afternoons,LightGBM,1.0792424242424243,1238.8463850789165
Afternoons,LightGBM,1.1972727272727275,1233.2722892487625
Afternoons,LightGBM,1.3153030303030304,1249.4486301488514
Afternoons,LightGBM,1.4333333333333333,1246.5826468669889
Afternoons,LightGBM,1.5513636363636365,1257.0033684902287
Afternoons,LightGBM,1.6693939393939397,1257.2833881844217
Afternoons,LightGBM,1.7874242424242426,1264.5701194978321
Afternoons,LightGBM,1.9054545454545455,1227.0934566606759
Afternoons,LightGBM,2.0234848484848484,1236.512057659103
Afternoons,LightGBM,2.1415151515151516,1235.7580449562827
Afternoons,LightGBM,2.2595454545454547,1234.3175848555388
Afternoons,LightGBM,2.377575757575758,1231.0049509613639
Afternoons,LightGBM,2.495606060606061,1227.7603744486437
Afternoons,LightGBM,2.613636363636364,1226.9878586568834
Afternoons,LightGBM,2.7316666666666665,1226.4178821667049
Afternoons,LightGBM,2.8496969696969696,1225.6992968925476
Afternoons,LightGBM,2.9677272727272728,1227.1521704960626
Afternoons,LightGBM,3.085757575757576,1229.754678656767
Afternoons,LightGBM,3.203787878787879,1227.5341580086726
Afternoons,LightGBM,3.3218181818181822,1227.0192830443957
Afternoons,LightGBM,3.4398484848484854,1227.9973103730654
Afternoons,LightGBM,3.5578787878787885,1227.9911551711216
Afternoons,LightGBM,3.675909090909091,1218.7891429569713
Afternoons,LightGBM,3.793939393939394,1213.174643868965
Afternoons,LightGBM,3.911969696969697,1210.7282082166307
Afternoons,LightGBM,4.03,1212.224292578416
Afternoons,LightGBM,4.148030303030303,1209.6679319299824
Afternoons,LightGBM,4.2660606060606066,1216.670383256634
Afternoons,LightGBM,4.38409090909091,1215.6467450792718
Afternoons,LightGBM,4.502121212121212,1214.2875651688134
Afternoons,LightGBM,4.620151515151515,1207.1100362010861
Afternoons,LightGBM,4.738181818181818,1204.8361687655624
Afternoons,LightGBM,4.856212121212121,1205.3476330661674
Afternoons,LightGBM,4.974242424242425,1206.1291658519951
Afternoons,LightGBM,5.092272727272728,1204.0543077147136
Afternoons,LightGBM,5.210303030303031,1205.3117525573527
Afternoons,LightGBM,5.328333333333333,1240.0863862200317
Afternoons,LightGBM,5.446363636363636,1198.8536055432137
Afternoons,LightGBM,5.5643939393939394,1189.5082889819485
Afternoons,LightGBM,5.682424242424243,1192.0207446268248
Afternoons,LightGBM,5.800454545454546,1191.4296111515587
Afternoons,LightGBM,5.918484848484849,1189.731410728707
Afternoons,LightGBM,6.036515151515152,1189.6943968860326
Afternoons,LightGBM,6.154545454545455,1189.4541765685722
Afternoons,LightGBM,6.272575757575758,1189.5016484858834
Afternoons,LightGBM,6.390606060606061,1189.0297026819037
Afternoons,LightGBM,6.508636363636364,1189.6515458158642
Afternoons,LightGBM,6.626666666666667,1190.3987769596288
Afternoons,LightGBM,6.74469696969697,1195.9853826509832
Afternoons,LightGBM,6.862727272727273,1192.5244220750844
Afternoons,LightGBM,6.980757575757576,1191.7522270023542
Afternoons,LightGBM,7.0987878787878795,1177.025631736413
Afternoons,LightGBM,7.216818181818182,1176.8694174320524
Afternoons,LightGBM,7.334848484848485,1176.9693024159358
Afternoons,LightGBM,7.452878787878788,1175.9871988913246
Afternoons,LightGBM,7.570909090909091,1169.5768917155515
Afternoons,LightGBM,7.688939393939394,1168.8203502041356
Afternoons,LightGBM,7.806969696969698,1168.8203502041356
Afternoons,LightGBM,7.925000000000001,1171.4312301674236
Afternoons,LightGBM,8.043030303030305,1172.0085629211897
Afternoons,LightGBM,8.161060606060607,1172.3631665617345
Afternoons,LightGBM,8.27909090909091,1187.0665835495654
Afternoons,LightGBM,8.397121212121213,1158.0342144280655
Afternoons,LightGBM,8.515151515151516,1175.7947193758514
Afternoons,LightGBM,8.63318181818182,1184.688106560659
Afternoons,LightGBM,8.751212121212122,1183.8723897006344
Afternoons,LightGBM,8.869242424242424,1183.8723897006344
Afternoons,LightGBM,8.987272727272728,1183.8723897006344
Afternoons,LightGBM,9.10530303030303,1183.8723897006344
Afternoons,LightGBM,9.223333333333334,1158.1655383494203
Afternoons,LightGBM,9.341363636363637,1199.8631447673733
Afternoons,LightGBM,9.45939393939394,1199.8631447673733
Afternoons,LightGBM,9.577424242424243,1199.8631447673733
Afternoons,LightGBM,9.695454545454545,1196.5002532465994
Afternoons,LightGBM,9.81348484848485,1196.5002532465994
Afternoons,LightGBM,9.931515151515152,1195.8272847659998
Afternoons,LightGBM,10.049545454545456,1164.893788458155
Afternoons,LightGBM,10.167575757575758,1164.893788458155
Afternoons,LightGBM,10.285606060606062,1164.893788458155
Afternoons,LightGBM,10.403636363636364,1164.893788458155
Afternoons,LightGBM,10.521666666666667,1164.893788458155
Afternoons,LightGBM,10.63969696969697,1164.893788458155
Afternoons,LightGBM,10.757727272727273,1164.893788458155
Afternoons,LightGBM,10.875757575757577,1164.893788458155
Afternoons,LightGBM,10.993787878787879,1164.893788458155
Afternoons,LightGBM,11.111818181818183,1164.893788458155
Afternoons,LightGBM,11.229848484848485,1164.893788458155
Afternoons,LightGBM,11.34787878787879,1164.893788458155
Afternoons,LightGBM,11.465909090909092,1164.893788458155
Afternoons,LightGBM,11.583939393939394,1164.893788458155
Afternoons,LightGBM,11.701969696969698,1164.893788458155
Afternoons,LightGBM,11.82,1164.893788458155
Afternoons,XGBoost,0.135,1242.458740234375
Afternoons,XGBoost,0.25303030303030305,1242.458740234375
Afternoons,XGBoost,0.3710606060606061,1242.458740234375
Afternoons,XGBoost,0.48909090909090913,1242.458740234375
Afternoons,XGBoost,0.6071212121212122,1257.076416015625
Afternoons,XGBoost,0.7251515151515152,1244.6142578125
Afternoons,XGBoost,0.8431818181818183,1253.668701171875
Afternoons,XGBoost,0.9612121212121213,1238.294189453125
Afternoons,XGBoost,1.0792424242424243,1221.28955078125
Afternoons,XGBoost,1.1972727272727275,1230.230712890625
Afternoons,XGBoost,1.3153030303030304,1248.863525390625
Afternoons,XGBoost,1.4333333333333333,1245.3248291015625
Afternoons,XGBoost,1.5513636363636365,1255.1795654296875
Afternoons,XGBoost,1.6693939393939397,1255.5152587890625
Afternoons,XGBoost,1.7874242424242426,1257.3748779296875
Afternoons,XGBoost,1.9054545454545455,1227.36279296875
Afternoons,XGBoost,2.0234848484848484,1235.5181884765625
Afternoons,XGBoost,2.1415151515151516,1230.0029296875
Afternoons,XGBoost,2.2595454545454547,1230.35302734375
Afternoons,XGBoost,2.377575757575758,1232.800537109375
Afternoons,XGBoost,2.495606060606061,1224.2347412109375
Afternoons,XGBoost,2.613636363636364,1210.647216796875
Afternoons,XGBoost,2.7316666666666665,1224.297607421875
Afternoons,XGBoost,2.8496969696969696,1219.0316162109375
Afternoons,XGBoost,2.9677272727272728,1230.1126708984375
Afternoons,XGBoost,3.085757575757576,1227.8857421875
Afternoons,XGBoost,3.203787878787879,1225.8997802734375
Afternoons,XGBoost,3.3218181818181822,1223.48876953125
Afternoons,XGBoost,3.4398484848484854,1229.5526123046875
Afternoons,XGBoost,3.5578787878787885,1234.9112548828125
Afternoons,XGBoost,3.675909090909091,1218.3955078125
Afternoons,XGBoost,3.793939393939394,1210.4569091796875
Afternoons,XGBoost,3.911969696969697,1220.8067626953125
Afternoons,XGBoost,4.03,1208.711669921875
Afternoons,XGBoost,4.148030303030303,1206.6707763671875
Afternoons,XGBoost,4.2660606060606066,1222.042236328125
Afternoons,XGBoost,4.38409090909091,1222.0982666015625
Afternoons,XGBoost,4.502121212121212,1228.416259765625
Afternoons,XGBoost,4.620151515151515,1218.267822265625
Afternoons,XGBoost,4.738181818181818,1216.9537353515625
Afternoons,XGBoost,4.856212121212121,1213.310302734375
Afternoons,XGBoost,4.974242424242425,1213.5423583984375
Afternoons,XGBoost,5.092272727272728,1210.9549560546875
Afternoons,XGBoost,5.210303030303031,1210.89404296875
Afternoons,XGBoost,5.328333333333333,1200.4873046875
Afternoons,XGBoost,5.446363636363636,1206.6644287109375
Afternoons,XGBoost,5.5643939393939394,1203.272705078125
Afternoons,XGBoost,5.682424242424243,1204.2550048828125
Afternoons,XGBoost,5.800454545454546,1204.208984375
Afternoons,XGBoost,5.918484848484849,1203.4027099609375
Afternoons,XGBoost,6.036515151515152,1205.884521484375
Afternoons,XGBoost,6.154545454545455,1205.987060546875
Afternoons,XGBoost,6.272575757575758,1205.7867431640625
Afternoons,XGBoost,6.390606060606061,1199.3167724609375
Afternoons,XGBoost,6.508636363636364,1196.2060546875
Afternoons,XGBoost,6.626666666666667,1194.34033203125
Afternoons,XGBoost,6.74469696969697,1193.7301025390625
Afternoons,XGBoost,6.862727272727273,1209.302001953125
Afternoons,XGBoost,6.980757575757576,1200.55517578125
Afternoons,XGBoost,7.0987878787878795,1190.7568359375
Afternoons,XGBoost,7.216818181818182,1189.9349365234375
Afternoons,XGBoost,7.334848484848485,1189.3243408203125
Afternoons,XGBoost,7.452878787878788,1190.014404296875
Afternoons,XGBoost,7.570909090909091,1180.664794921875
Afternoons,XGBoost,7.688939393939394,1177.3416748046875
Afternoons,XGBoost,7.806969696969698,1183.738037109375
Afternoons,XGBoost,7.925000000000001,1189.1337890625
Afternoons,XGBoost,8.043030303030305,1189.0684814453125
Afternoons,XGBoost,8.161060606060607,1193.8223876953125
Afternoons,XGBoost,8.27909090909091,1194.4425048828125
Afternoons,XGBoost,8.397121212121213,1193.5302734375
Afternoons,XGBoost,8.515151515151516,1193.5302734375
Afternoons,XGBoost,8.63318181818182,1193.5302734375
Afternoons,XGBoost,8.751212121212122,1205.3712158203125
Afternoons,XGBoost,8.869242424242424,1205.3712158203125
Afternoons,XGBoost,8.987272727272728,1206.9375
Afternoons,XGBoost,9.10530303030303,1206.9375
Afternoons,XGBoost,9.223333333333334,1209.0296630859375
Afternoons,XGBoost,9.341363636363637,1210.366455078125
Afternoons,XGBoost,9.45939393939394,1210.366455078125
Afternoons,XGBoost,9.577424242424243,1210.366455078125
Afternoons,XGBoost,9.695454545454545,1209.7960205078125
Afternoons,XGBoost,9.81348484848485,1209.7960205078125
Afternoons,XGBoost,9.931515151515152,1209.962158203125
Afternoons,XGBoost,10.049545454545456,1209.962158203125
Afternoons,XGBoost,10.167575757575758,1209.9169921875
Afternoons,XGBoost,10.285606060606062,1209.9169921875
Afternoons,XGBoost,10.403636363636364,1209.9169921875
Afternoons,XGBoost,10.521666666666667,1209.9169921875
Afternoons,XGBoost,10.63969696969697,1209.9169921875
Afternoons,XGBoost,10.757727272727273,1209.9169921875
Afternoons,XGBoost,10.875757575757577,1209.9169921875
Afternoons,XGBoost,10.993787878787879,1209.9169921875
Afternoons,XGBoost,11.111818181818183,1209.9169921875
Afternoons,XGBoost,11.229848484848485,1209.9169921875
Afternoons,XGBoost,11.34787878787879,1209.9169921875
Afternoons,XGBoost,11.465909090909092,1209.9169921875
Afternoons,XGBoost,11.583939393939394,1209.9169921875
Afternoons,XGBoost,11.701969696969698,1209.9169921875
Afternoons,XGBoost,11.82,1209.9169921875
Evenings,CatBoost,0.25,550.4905668574792
Evenings,CatBoost,0.3688888888888889,550.4905668574792
Evenings,CatBoost,0.48777777777777775,550.4905668574792
Evenings,CatBoost,0.6066666666666667,577.2704048747397
Evenings,CatBoost,0.7255555555555555,564.2671442937315
Evenings,CatBoost,0.8444444444444444,517.4024733549089
Evenings,CatBoost,0.9633333333333334,519.3759864950168
Evenings,CatBoost,1.0822222222222222,571.49573859541
Evenings,CatBoost,1.201111111111111,574.4700961824248
Evenings,CatBoost,1.32,559.7276948997999
Evenings,CatBoost,1.4388888888888889,528.0946067471532
Evenings,CatBoost,1.5577777777777777,549.4991407529119
Evenings,CatBoost,1.6766666666666667,549.4796894559007
Evenings,CatBoost,1.7955555555555556,597.6631656533676
Evenings,CatBoost,1.9144444444444444,554.0492844270376
Evenings,CatBoost,2.033333333333333,558.3919950622783
Evenings,CatBoost,2.152222222222222,550.2849890736899
Evenings,CatBoost,2.2711111111111113,557.6949650962907
Evenings,CatBoost,2.39,555.2062122232952
Evenings,CatBoost,2.508888888888889,551.8573676030704
Evenings,CatBoost,2.6277777777777778,548.4463511007926
Evenings,CatBoost,2.7466666666666666,584.0322732184152
Evenings,CatBoost,2.8655555555555554,535.1006080853268
Evenings,CatBoost,2.9844444444444447,530.7922340091397
Evenings,CatBoost,3.1033333333333335,530.0278645825391
Evenings,CatBoost,3.2222222222222223,530.67466162019
Evenings,CatBoost,3.341111111111111,557.5454906131931
Evenings,CatBoost,3.46,540.4074648512626
Evenings,CatBoost,3.578888888888889,525.3119299428951
Evenings,CatBoost,3.697777777777778,536.0703605773115
Evenings,CatBoost,3.816666666666667,510.74591430182784
Evenings,CatBoost,3.9355555555555557,528.1345416965019
Evenings,CatBoost,4.054444444444444,526.8546148695897
Evenings,CatBoost,4.173333333333334,524.9283765013478
Evenings,CatBoost,4.292222222222223,525.9147528267965
Evenings,CatBoost,4.411111111111111,525.7124759980219
Evenings,CatBoost,4.53,538.1253175399967
Evenings,CatBoost,4.648888888888889,525.9182528389256
Evenings,CatBoost,4.767777777777778,526.5470602680306
Evenings,CatBoost,4.886666666666667,524.359942347566
Evenings,CatBoost,5.0055555555555555,525.2890108073078
Evenings,CatBoost,5.124444444444444,547.2957514698999
Evenings,CatBoost,5.243333333333333,547.6621034909374
Evenings,CatBoost,5.362222222222222,527.2320999497266
Evenings,CatBoost,5.481111111111111,521.2280056427501
Evenings,CatBoost,5.6000000000000005,548.5251649764898
Evenings,CatBoost,5.718888888888889,528.612858534651
Evenings,CatBoost,5.837777777777778,524.5445937257779
Evenings,CatBoost,5.956666666666667,522.8190531722779
Evenings,CatBoost,6.075555555555556,539.5832254805496
Evenings,CatBoost,6.194444444444445,512.4625192304002
Evenings,CatBoost,6.3133333333333335,504.1366141109271
Evenings,CatBoost,6.432222222222222,504.84296421908795
Evenings,CatBoost,6.551111111111111,518.42469401687
Evenings,CatBoost,6.67,515.759306955457
Evenings,CatBoost,6.788888888888889,543.3630199409472
Evenings,CatBoost,6.907777777777778,549.2985382515857
Evenings,CatBoost,7.026666666666666,550.6221361488872
Evenings,CatBoost,7.145555555555556,551.308294255206
Evenings,CatBoost,7.264444444444445,520.3222748038419
Evenings,CatBoost,7.383333333333334,520.2613356316933
Evenings,CatBoost,7.502222222222223,518.6058846882776
Evenings,CatBoost,7.621111111111111,518.5148971196046
Evenings,CatBoost,7.74,550.2000656214599
Evenings,CatBoost,7.858888888888889,524.9460803935361
Evenings,CatBoost,7.977777777777778,542.6368673285732
Evenings,CatBoost,8.096666666666668,546.6961295520078
Evenings,CatBoost,8.215555555555556,526.9065983615747
Evenings,CatBoost,8.334444444444445,525.841593807022
Evenings,CatBoost,8.453333333333333,525.4408693260509
Evenings,CatBoost,8.572222222222223,524.2942471447448
Evenings,CatBoost,8.69111111111111,523.2058167689332
Evenings,CatBoost,8.81,520.088457558299
Evenings,CatBoost,8.928888888888888,520.088457558299
Evenings,CatBoost,9.047777777777778,522.0722718170765
Evenings,CatBoost,9.166666666666666,522.0722718170765
Evenings,CatBoost,9.285555555555556,518.4171913380849
Evenings,CatBoost,9.404444444444445,518.4171913380849
Evenings,CatBoost,9.523333333333333,518.4171913380849
Evenings,CatBoost,9.642222222222223,517.4910654162435
Evenings,CatBoost,9.761111111111111,517.4910654162435
Evenings,CatBoost,9.88,517.4910654162435
Evenings,CatBoost,9.998888888888889,517.4910654162435
Evenings,CatBoost,10.117777777777778,517.4910654162435
Evenings,CatBoost,10.236666666666666,517.4910654162435
Evenings,CatBoost,10.355555555555556,517.4910654162435
Evenings,CatBoost,10.474444444444444,530.8234235964123
Evenings,CatBoost,10.593333333333334,530.8234235964123
Evenings,CatBoost,10.712222222222222,530.8234235964123
Evenings,CatBoost,10.831111111111111,530.8234235964123
Evenings,CatBoost,10.950000000000001,530.8234235964123
Evenings,CatBoost,11.068888888888889,530.8234235964123
Evenings,CatBoost,11.187777777777779,530.8234235964123
Evenings,CatBoost,11.306666666666667,530.8234235964123
Evenings,CatBoost,11.425555555555556,530.8234235964123
Evenings,CatBoost,11.544444444444444,530.8234235964123
Evenings,CatBoost,11.663333333333334,530.8234235964123
Evenings,CatBoost,11.782222222222222,530.8234235964123
Evenings,CatBoost,11.901111111111112,530.8234235964123
Evenings,CatBoost,12.02,530.8234235964123
Evenings,LightGBM,0.25,560.1158054541381
Evenings,LightGBM,0.3688888888888889,560.1158054541381
Evenings,LightGBM,0.48777777777777775,560.1158054541381
Evenings,LightGBM,0.6066666666666667,592.784825518879
Evenings,LightGBM,0.7255555555555555,560.2109550943796
Evenings,LightGBM,0.8444444444444444,534.9446376420003
Evenings,LightGBM,0.9633333333333334,537.5559916041487
Evenings,LightGBM,1.0822222222222222,560.4355614285598
Evenings,LightGBM,1.201111111111111,565.5225843958964
Evenings,LightGBM,1.32,542.9375027160053
Evenings,LightGBM,1.4388888888888889,539.2491853594936
Evenings,LightGBM,1.5577777777777777,551.2477236309534
Evenings,LightGBM,1.6766666666666667,550.2347591824935
Evenings,LightGBM,1.7955555555555556,583.0112067365983
Evenings,LightGBM,1.9144444444444444,560.3549666497812
Evenings,LightGBM,2.033333333333333,553.9747557019668
Evenings,LightGBM,2.152222222222222,547.9341490199089
Evenings,LightGBM,2.2711111111111113,549.1635343422748
Evenings,LightGBM,2.39,550.5282723332568
Evenings,LightGBM,2.508888888888889,546.7902361197844
Evenings,LightGBM,2.6277777777777778,545.6067094554244
Evenings,LightGBM,2.7466666666666666,538.4580085622352
Evenings,LightGBM,2.8655555555555554,537.5694459976252
Evenings,LightGBM,2.9844444444444447,539.3201848421112
Evenings,LightGBM,3.1033333333333335,538.0535720427722
Evenings,LightGBM,3.2222222222222223,539.1691297611065
Evenings,LightGBM,3.341111111111111,539.8071652420861
Evenings,LightGBM,3.46,539.0525363381786
Evenings,LightGBM,3.578888888888889,529.4350018856519
Evenings,LightGBM,3.697777777777778,534.4929423680443
Evenings,LightGBM,3.816666666666667,522.7246952227999
Evenings,LightGBM,3.9355555555555557,530.5437093590037
Evenings,LightGBM,4.054444444444444,524.6611739109102
Evenings,LightGBM,4.173333333333334,522.4425844728178
Evenings,LightGBM,4.292222222222223,524.4676019998573
Evenings,LightGBM,4.411111111111111,524.6676210696028
Evenings,LightGBM,4.53,530.4975632570714
Evenings,LightGBM,4.648888888888889,525.9796793508777
Evenings,LightGBM,4.767777777777778,526.796393610903
Evenings,LightGBM,4.886666666666667,528.2234928776505
Evenings,LightGBM,5.0055555555555555,529.6494254065642
Evenings,LightGBM,5.124444444444444,532.293742429382
Evenings,LightGBM,5.243333333333333,531.8126096397849
Evenings,LightGBM,5.362222222222222,527.706524666325
Evenings,LightGBM,5.481111111111111,527.3739420714387
Evenings,LightGBM,5.6000000000000005,544.6077328896267
Evenings,LightGBM,5.718888888888889,540.1218019540008
Evenings,LightGBM,5.837777777777778,521.8756985634586
Evenings,LightGBM,5.956666666666667,522.8987495211996
Evenings,LightGBM,6.075555555555556,519.3853817212997
Evenings,LightGBM,6.194444444444445,518.1899311569601
Evenings,LightGBM,6.3133333333333335,516.4368995718164
Evenings,LightGBM,6.432222222222222,517.6209542384635
Evenings,LightGBM,6.551111111111111,517.4968515646201
Evenings,LightGBM,6.67,517.6037288312036
Evenings,LightGBM,6.788888888888889,536.1416155342184
Evenings,LightGBM,6.907777777777778,541.9046126029414
Evenings,LightGBM,7.026666666666666,538.7111750203326
Evenings,LightGBM,7.145555555555556,526.4476364381703
Evenings,LightGBM,7.264444444444445,521.1837065677063
Evenings,LightGBM,7.383333333333334,521.1562330732694
Evenings,LightGBM,7.502222222222223,521.2254202382162
Evenings,LightGBM,7.621111111111111,520.2547175889566
Evenings,LightGBM,7.74,552.7623047689383
Evenings,LightGBM,7.858888888888889,546.3111525869779
Evenings,LightGBM,7.977777777777778,529.1218761345531
Evenings,LightGBM,8.096666666666668,531.2267505511311
Evenings,LightGBM,8.215555555555556,525.4261809931842
Evenings,LightGBM,8.334444444444445,525.2267532573528
Evenings,LightGBM,8.453333333333333,524.3684294065707
Evenings,LightGBM,8.572222222222223,524.4357881584097
Evenings,LightGBM,8.69111111111111,523.2189046122156
Evenings,LightGBM,8.81,523.2189046122156
Evenings,LightGBM,8.928888888888888,525.3262654238362
Evenings,LightGBM,9.047777777777778,527.8690308094085
Evenings,LightGBM,9.166666666666666,525.2026193762921
Evenings,LightGBM,9.285555555555556,525.2026193762921
Evenings,LightGBM,9.404444444444445,527.5543989226645
Evenings,LightGBM,9.523333333333333,527.5543989226645
Evenings,LightGBM,9.642222222222223,527.5543989226645
Evenings,LightGBM,9.761111111111111,527.7466062597709
Evenings,LightGBM,9.88,527.7466062597709
Evenings,LightGBM,9.998888888888889,527.613492623355
Evenings,LightGBM,10.117777777777778,527.613492623355
Evenings,LightGBM,10.236666666666666,531.614697034799
Evenings,LightGBM,10.355555555555556,531.614697034799
Evenings,LightGBM,10.474444444444444,531.614697034799
Evenings,LightGBM,10.593333333333334,531.614697034799
Evenings,LightGBM,10.712222222222222,531.614697034799
Evenings,LightGBM,10.831111111111111,531.614697034799
Evenings,LightGBM,10.950000000000001,531.614697034799
Evenings,LightGBM,11.068888888888889,531.614697034799
Evenings,LightGBM,11.187777777777779,616.3376164818046
Evenings,LightGBM,11.306666666666667,616.3376164818046
Evenings,LightGBM,11.425555555555556,616.3376164818046
Evenings,LightGBM,11.544444444444444,616.3376164818046
Evenings,LightGBM,11.663333333333334,616.3376164818046
Evenings,LightGBM,11.782222222222222,616.3376164818046
Evenings,LightGBM,11.901111111111112,616.3376164818046
Evenings,LightGBM,12.02,616.3376164818046
Evenings,XGBoost,0.25,583.6475219726562
Evenings,XGBoost,0.3688888888888889,583.6475219726562
Evenings,XGBoost,0.48777777777777775,583.6475219726562
Evenings,XGBoost,0.6066666666666667,586.277099609375
Evenings,XGBoost,0.7255555555555555,560.4583740234375
Evenings,XGBoost,0.8444444444444444,544.1064453125
Evenings,XGBoost,0.9633333333333334,538.930419921875
Evenings,XGBoost,1.0822222222222222,565.0267333984375
Evenings,XGBoost,1.201111111111111,564.4307861328125
Evenings,XGBoost,1.32,564.0687866210938
Evenings,XGBoost,1.4388888888888889,545.3829956054688
Evenings,XGBoost,1.5577777777777777,550.545166015625
Evenings,XGBoost,1.6766666666666667,544.8822631835938
Evenings,XGBoost,1.7955555555555556,602.1166381835938
Evenings,XGBoost,1.9144444444444444,546.6005249023438
Evenings,XGBoost,2.033333333333333,553.2920532226562
Evenings,XGBoost,2.152222222222222,540.8282470703125
Evenings,XGBoost,2.2711111111111113,560.1336059570312
Evenings,XGBoost,2.39,561.00146484375
Evenings,XGBoost,2.508888888888889,546.8104248046875
Evenings,XGBoost,2.6277777777777778,547.2068481445312
Evenings,XGBoost,2.7466666666666666,539.1980590820312
Evenings,XGBoost,2.8655555555555554,539.1017456054688
Evenings,XGBoost,2.9844444444444447,537.6317749023438
Evenings,XGBoost,3.1033333333333335,534.65576171875
Evenings,XGBoost,3.2222222222222223,534.326904296875
Evenings,XGBoost,3.341111111111111,527.23779296875
Evenings,XGBoost,3.46,543.8103637695312
Evenings,XGBoost,3.578888888888889,531.78125
Evenings,XGBoost,3.697777777777778,544.11376953125
Evenings,XGBoost,3.816666666666667,517.0762329101562
Evenings,XGBoost,3.9355555555555557,532.1897583007812
Evenings,XGBoost,4.054444444444444,521.7459106445312
Evenings,XGBoost,4.173333333333334,531.61181640625
Evenings,XGBoost,4.292222222222223,539.8601684570312
Evenings,XGBoost,4.411111111111111,530.0248413085938
Evenings,XGBoost,4.53,540.9375
Evenings,XGBoost,4.648888888888889,530.59130859375
Evenings,XGBoost,4.767777777777778,528.4568481445312
Evenings,XGBoost,4.886666666666667,528.0734252929688
Evenings,XGBoost,5.0055555555555555,527.8945922851562
Evenings,XGBoost,5.124444444444444,528.0913696289062
Evenings,XGBoost,5.243333333333333,525.55078125
Evenings,XGBoost,5.362222222222222,523.6640014648438
Evenings,XGBoost,5.481111111111111,527.4194946289062
Evenings,XGBoost,5.6000000000000005,548.061279296875
Evenings,XGBoost,5.718888888888889,549.3884887695312
Evenings,XGBoost,5.837777777777778,531.9403076171875
Evenings,XGBoost,5.956666666666667,532.0807495117188
Evenings,XGBoost,6.075555555555556,506.2848205566406
Evenings,XGBoost,6.194444444444445,510.7256774902344
Evenings,XGBoost,6.3133333333333335,516.3810424804688
Evenings,XGBoost,6.432222222222222,520.1874389648438
Evenings,XGBoost,6.551111111111111,524.2470703125
Evenings,XGBoost,6.67,526.49462890625
Evenings,XGBoost,6.788888888888889,530.776611328125
Evenings,XGBoost,6.907777777777778,569.5534057617188
Evenings,XGBoost,7.026666666666666,548.3440551757812
Evenings,XGBoost,7.145555555555556,541.776123046875
Evenings,XGBoost,7.264444444444445,523.9917602539062
Evenings,XGBoost,7.383333333333334,524.2560424804688
Evenings,XGBoost,7.502222222222223,518.805419921875
Evenings,XGBoost,7.621111111111111,530.6607055664062
Evenings,XGBoost,7.74,523.5719604492188
Evenings,XGBoost,7.858888888888889,525.382080078125
Evenings,XGBoost,7.977777777777778,531.8968505859375
Evenings,XGBoost,8.096666666666668,537.0684204101562
Evenings,XGBoost,8.215555555555556,533.8511352539062
Evenings,XGBoost,8.334444444444445,531.0513305664062
Evenings,XGBoost,8.453333333333333,529.2007446289062
Evenings,XGBoost,8.572222222222223,529.2644653320312
Evenings,XGBoost,8.69111111111111,525.6918334960938
Evenings,XGBoost,8.81,527.7640380859375
Evenings,XGBoost,8.928888888888888,531.6304321289062
Evenings,XGBoost,9.047777777777778,531.6304321289062
Evenings,XGBoost,9.166666666666666,533.4960327148438
Evenings,XGBoost,9.285555555555556,533.4960327148438
Evenings,XGBoost,9.404444444444445,533.4960327148438
Evenings,XGBoost,9.523333333333333,531.85693359375
Evenings,XGBoost,9.642222222222223,531.85693359375
Evenings,XGBoost,9.761111111111111,531.85693359375
Evenings,XGBoost,9.88,531.85693359375
Evenings,XGBoost,9.998888888888889,531.6444702148438
Evenings,XGBoost,10.117777777777778,531.6444702148438
Evenings,XGBoost,10.236666666666666,548.7562255859375
Evenings,XGBoost,10.355555555555556,548.7562255859375
Evenings,XGBoost,10.474444444444444,548.7562255859375
Evenings,XGBoost,10.593333333333334,548.7562255859375
Evenings,XGBoost,10.712222222222222,548.7562255859375
Evenings,XGBoost,10.831111111111111,548.7562255859375
Evenings,XGBoost,10.950000000000001,548.7562255859375
Evenings,XGBoost,11.068888888888889,548.7562255859375
Evenings,XGBoost,11.187777777777779,548.7562255859375
Evenings,XGBoost,11.306666666666667,548.7562255859375
Evenings,XGBoost,11.425555555555556,548.7562255859375
Evenings,XGBoost,11.544444444444444,548.7562255859375
Evenings,XGBoost,11.663333333333334,548.7562255859375
Evenings,XGBoost,11.782222222222222,548.7562255859375
Evenings,XGBoost,11.901111111111112,548.7562255859375
Evenings,XGBoost,12.02,548.7562255859375
Mornings Special,CatBoost,0.6625,344.787212931654
Mornings Special,CatBoost,0.7616161616161616,344.787212931654
Mornings Special,CatBoost,0.8607323232323232,344.787212931654
Mornings Special,CatBoost,0.9598484848484848,344.787212931654
Mornings Special,CatBoost,1.0589646464646465,306.94588730948436
Mornings Special,CatBoost,1.158080808080808,305.2831002348667
Mornings Special,CatBoost,1.2571969696969698,306.1196735101032
Mornings Special,CatBoost,1.3563131313131311,306.70592501342117
Mornings Special,CatBoost,1.455429292929293,306.70592501342117
Mornings Special,CatBoost,1.5545454545454547,307.1837074577553
Mornings Special,CatBoost,1.653661616161616,289.4770028133225
Mornings Special,CatBoost,1.7527777777777778,289.25189500047384
Mornings Special,CatBoost,1.8518939393939395,287.68773129389166
Mornings Special,CatBoost,1.9510101010101009,298.70952757018387
Mornings Special,CatBoost,2.0501262626262626,295.62860195852875
Mornings Special,CatBoost,2.1492424242424244,298.2544135633918
Mornings Special,CatBoost,2.2483585858585857,298.01700770439965
Mornings Special,CatBoost,2.3474747474747475,297.8429883336963
Mornings Special,CatBoost,2.4465909090909093,296.97892131700496
Mornings Special,CatBoost,2.5457070707070706,298.5807883534773
Mornings Special,CatBoost,2.6448232323232324,309.64264199099375
Mornings Special,CatBoost,2.743939393939394,301.1976215555356
Mornings Special,CatBoost,2.8430555555555554,300.2566197493705
Mornings Special,CatBoost,2.942171717171717,300.80784606410765
Mornings Special,CatBoost,3.041287878787879,300.5533463205855
Mornings Special,CatBoost,3.1404040404040403,299.8400790852331
Mornings Special,CatBoost,3.239520202020202,300.081547829528
Mornings Special,CatBoost,3.338636363636364,300.0745353333248
Mornings Special,CatBoost,3.437752525252525,300.15401215540766
Mornings Special,CatBoost,3.536868686868687,309.3963673556527
Mornings Special,CatBoost,3.6359848484848487,301.4836318924406
Mornings Special,CatBoost,3.73510101010101,301.4836318924406
Mornings Special,CatBoost,3.834217171717172,301.67417463314536
Mornings Special,CatBoost,3.9333333333333336,301.7586599770631
Mornings Special,CatBoost,4.0324494949494945,310.0246858210805
Mornings Special,CatBoost,4.131565656565656,304.7081693500608
Mornings Special,CatBoost,4.230681818181818,297.73544012493807
Mornings Special,CatBoost,4.32979797979798,297.599935707244
Mornings Special,CatBoost,4.4289141414141415,297.48850950440163
Mornings Special,CatBoost,4.528030303030303,295.577131887806
Mornings Special,CatBoost,4.627146464646464,312.4620435747087
Mornings Special,CatBoost,4.726262626262626,308.88627736873093
Mornings Special,CatBoost,4.825378787878788,309.6718862893951
Mornings Special,CatBoost,4.9244949494949495,300.23984628563977
Mornings Special,CatBoost,5.02361111111111,301.9975176369761
Mornings Special,CatBoost,5.122727272727272,301.2205783291525
Mornings Special,CatBoost,5.221843434343434,301.26184244883564
Mornings Special,CatBoost,5.320959595959596,300.9259833069734
Mornings Special,CatBoost,5.420075757575757,297.17249220342893
Mornings Special,CatBoost,5.519191919191919,304.9075764542153
Mornings Special,CatBoost,5.61830808080808,295.51162166504747
Mornings Special,CatBoost,5.717424242424242,295.53542749398844
Mornings Special,CatBoost,5.816540404040404,295.6938559295942
Mornings Special,CatBoost,5.915656565656565,295.71266249385314
Mornings Special,CatBoost,6.014772727272727,303.1208712572787
Mornings Special,CatBoost,6.113888888888889,306.7388330831338
Mornings Special,CatBoost,6.21300505050505,304.92855916033733
Mornings Special,CatBoost,6.312121212121212,301.1787764180698
Mornings Special,CatBoost,6.411237373737373,301.54637090823576
Mornings Special,CatBoost,6.510353535353535,302.76705144382817
Mornings Special,CatBoost,6.609469696969697,300.8849631874365
Mornings Special,CatBoost,6.708585858585859,299.81474115169124
Mornings Special,CatBoost,6.8077020202020195,298.1325445606878
Mornings Special,CatBoost,6.906818181818181,293.4892101483015
Mornings Special,CatBoost,7.005934343434343,289.9286758045131
Mornings Special,CatBoost,7.105050505050505,291.1909205908354
Mornings Special,CatBoost,7.204166666666667,291.15937677281727
Mornings Special,CatBoost,7.3032828282828275,290.0776840975064
Mornings Special,CatBoost,7.402398989898989,290.0776840975064
Mornings Special,CatBoost,7.501515151515151,288.95517245581595
Mornings Special,CatBoost,7.600631313131313,288.95517245581595
Mornings Special,CatBoost,7.699747474747475,288.95517245581595
Mornings Special,CatBoost,7.798863636363636,288.95517245581595
Mornings Special,CatBoost,7.897979797979797,288.95517245581595
Mornings Special,CatBoost,7.997095959595959,288.95517245581595
Mornings Special,CatBoost,8.09621212121212,288.95517245581595
Mornings Special,CatBoost,8.195328282828283,288.95517245581595
Mornings Special,CatBoost,8.294444444444444,286.85192306541603
Mornings Special,CatBoost,8.393560606060607,288.6918836188154
Mornings Special,CatBoost,8.492676767676768,283.63950148762336
Mornings Special,CatBoost,8.591792929292929,283.63950148762336
Mornings Special,CatBoost,8.690909090909091,277.95044881045254
Mornings Special,CatBoost,8.790025252525252,277.95044881045254
Mornings Special,CatBoost,8.889141414141413,277.95044881045254
Mornings Special,CatBoost,8.988257575757576,277.95044881045254
Mornings Special,CatBoost,9.087373737373737,277.95044881045254
Mornings Special,CatBoost,9.1864898989899,277.95044881045254
Mornings Special,CatBoost,9.28560606060606,277.5478103291421
Mornings Special,CatBoost,9.384722222222221,277.5478103291421
Mornings Special,CatBoost,9.483838383838384,277.5478103291421
Mornings Special,CatBoost,9.582954545454545,280.6089977672842
Mornings Special,CatBoost,9.682070707070707,280.6089977672842
Mornings Special,CatBoost,9.781186868686868,280.6089977672842
Mornings Special,CatBoost,9.88030303030303,280.6089977672842
Mornings Special,CatBoost,9.979419191919192,280.6089977672842
Mornings Special,CatBoost,10.078535353535353,280.6089977672842
Mornings Special,CatBoost,10.177651515151515,280.6089977672842
Mornings Special,CatBoost,10.276767676767676,280.6089977672842
Mornings Special,CatBoost,10.375883838383839,280.6089977672842
Mornings Special,CatBoost,10.475,280.6089977672842
Mornings Special,XGBoost,0.6625,345.3268127441406
Mornings Special,XGBoost,0.7616161616161616,345.3268127441406
Mornings Special,XGBoost,0.8607323232323232,345.3268127441406
Mornings Special,XGBoost,0.9598484848484848,345.3268127441406
Mornings Special,XGBoost,1.0589646464646465,308.321044921875
Mornings Special,XGBoost,1.158080808080808,310.12823486328125
Mornings Special,XGBoost,1.2571969696969698,309.47662353515625
Mornings Special,XGBoost,1.3563131313131311,304.7596740722656
Mornings Special,XGBoost,1.455429292929293,304.7596740722656
Mornings Special,XGBoost,1.5545454545454547,301.78326416015625
Mornings Special,XGBoost,1.653661616161616,290.72357177734375
Mornings Special,XGBoost,1.7527777777777778,290.7749328613281
Mornings Special,XGBoost,1.8518939393939395,293.9530334472656
Mornings Special,XGBoost,1.9510101010101009,298.0362548828125
Mornings Special,XGBoost,2.0501262626262626,298.7780456542969
Mornings Special,XGBoost,2.1492424242424244,296.0193786621094
Mornings Special,XGBoost,2.2483585858585857,300.468994140625
Mornings Special,XGBoost,2.3474747474747475,299.6162414550781
Mornings Special,XGBoost,2.4465909090909093,300.55255126953125
Mornings Special,XGBoost,2.5457070707070706,301.6772155761719
Mornings Special,XGBoost,2.6448232323232324,303.30731201171875
Mornings Special,XGBoost,2.743939393939394,299.1900634765625
Mornings Special,XGBoost,2.8430555555555554,303.0758056640625
Mornings Special,XGBoost,2.942171717171717,301.8570251464844
Mornings Special,XGBoost,3.041287878787879,309.4385681152344
Mornings Special,XGBoost,3.1404040404040403,303.8296203613281
Mornings Special,XGBoost,3.239520202020202,302.1976623535156
Mornings Special,XGBoost,3.338636363636364,297.84539794921875
Mornings Special,XGBoost,3.437752525252525,306.88067626953125
Mornings Special,XGBoost,3.536868686868687,305.4781494140625
Mornings Special,XGBoost,3.6359848484848487,299.2727966308594
Mornings Special,XGBoost,3.73510101010101,311.23565673828125
Mornings Special,XGBoost,3.834217171717172,306.7900390625
Mornings Special,XGBoost,3.9333333333333336,305.31414794921875
Mornings Special,XGBoost,4.0324494949494945,308.49127197265625
Mornings Special,XGBoost,4.131565656565656,310.4072570800781
Mornings Special,XGBoost,4.230681818181818,291.5824279785156
Mornings Special,XGBoost,4.32979797979798,293.6965026855469
Mornings Special,XGBoost,4.4289141414141415,299.5292053222656
Mornings Special,XGBoost,4.528030303030303,294.70135498046875
Mornings Special,XGBoost,4.627146464646464,336.20745849609375
Mornings Special,XGBoost,4.726262626262626,310.9008483886719
Mornings Special,XGBoost,4.825378787878788,312.3370361328125
Mornings Special,XGBoost,4.9244949494949495,304.825927734375
Mornings Special,XGBoost,5.02361111111111,302.8411560058594
Mornings Special,XGBoost,5.122727272727272,301.47979736328125
Mornings Special,XGBoost,5.221843434343434,298.84771728515625
Mornings Special,XGBoost,5.320959595959596,303.36956787109375
Mornings Special,XGBoost,5.420075757575757,303.1390686035156
Mornings Special,XGBoost,5.519191919191919,311.658447265625
Mornings Special,XGBoost,5.61830808080808,294.4376220703125
Mornings Special,XGBoost,5.717424242424242,294.6299743652344
Mornings Special,XGBoost,5.816540404040404,295.5071105957031
Mornings Special,XGBoost,5.915656565656565,298.47833251953125
Mornings Special,XGBoost,6.014772727272727,288.240966796875
Mornings Special,XGBoost,6.113888888888889,315.5158386230469
Mornings Special,XGBoost,6.21300505050505,308.0656433105469
Mornings Special,XGBoost,6.312121212121212,295.7965393066406
Mornings Special,XGBoost,6.411237373737373,299.5720520019531
Mornings Special,XGBoost,6.510353535353535,299.1689758300781
Mornings Special,XGBoost,6.609469696969697,298.6058349609375
Mornings Special,XGBoost,6.708585858585859,296.4521484375
Mornings Special,XGBoost,6.8077020202020195,294.18304443359375
Mornings Special,XGBoost,6.906818181818181,290.771484375
Mornings Special,XGBoost,7.005934343434343,291.26300048828125
Mornings Special,XGBoost,7.105050505050505,291.96746826171875
Mornings Special,XGBoost,7.204166666666667,290.5561828613281
Mornings Special,XGBoost,7.3032828282828275,291.0048522949219
Mornings Special,XGBoost,7.402398989898989,296.7520446777344
Mornings Special,XGBoost,7.501515151515151,286.9854736328125
Mornings Special,XGBoost,7.600631313131313,286.9854736328125
Mornings Special,XGBoost,7.699747474747475,287.09307861328125
Mornings Special,XGBoost,7.798863636363636,276.95660400390625
Mornings Special,XGBoost,7.897979797979797,286.0403137207031
Mornings Special,XGBoost,7.997095959595959,286.0403137207031
Mornings Special,XGBoost,8.09621212121212,285.68951416015625
Mornings Special,XGBoost,8.195328282828283,285.68951416015625
Mornings Special,XGBoost,8.294444444444444,290.03204345703125
Mornings Special,XGBoost,8.393560606060607,292.4972839355469
Mornings Special,XGBoost,8.492676767676768,292.4107360839844
Mornings Special,XGBoost,8.591792929292929,292.4107360839844
Mornings Special,XGBoost,8.690909090909091,293.4250793457031
Mornings Special,XGBoost,8.790025252525252,292.5627746582031
Mornings Special,XGBoost,8.889141414141413,292.5627746582031
Mornings Special,XGBoost,8.988257575757576,287.1986389160156
Mornings Special,XGBoost,9.087373737373737,287.1331481933594
Mornings Special,XGBoost,9.1864898989899,287.1331481933594
Mornings Special,XGBoost,9.28560606060606,287.0768127441406
Mornings Special,XGBoost,9.384722222222221,287.0768127441406
Mornings Special,XGBoost,9.483838383838384,287.0768127441406
Mornings Special,XGBoost,9.582954545454545,293.2973937988281
Mornings Special,XGBoost,9.682070707070707,293.2973937988281
Mornings Special,XGBoost,9.781186868686868,293.2973937988281
Mornings Special,XGBoost,9.88030303030303,293.2973937988281
Mornings Special,XGBoost,9.979419191919192,293.2973937988281
Mornings Special,XGBoost,10.078535353535353,293.2973937988281
Mornings Special,XGBoost,10.177651515151515,293.2973937988281
Mornings Special,XGBoost,10.276767676767676,293.2973937988281
Mornings Special,XGBoost,10.375883838383839,293.2973937988281
Mornings Special,XGBoost,10.475,293.2973937988281
Afternoons Special,CatBoost,0.295,1015.9090389502514
Afternoons Special,CatBoost,0.4143181818181818,1015.9090389502514
Afternoons Special,CatBoost,0.5336363636363637,971.3299728612626
Afternoons Special,CatBoost,0.6529545454545455,974.9145034835024
Afternoons Special,CatBoost,0.7722727272727272,981.995466475361
Afternoons Special,CatBoost,0.8915909090909091,1006.3126705755486
Afternoons Special,CatBoost,1.010909090909091,986.4102642196085
Afternoons Special,CatBoost,1.1302272727272726,940.2298984386036
Afternoons Special,CatBoost,1.2495454545454545,969.6519988663821
Afternoons Special,CatBoost,1.3688636363636364,967.9221669242488
Afternoons Special,CatBoost,1.4881818181818183,940.8027672170895
Afternoons Special,CatBoost,1.6075,1051.270652050367
Afternoons Special,CatBoost,1.7268181818181818,1011.1063471282846
Afternoons Special,CatBoost,1.8461363636363637,967.9868942402943
Afternoons Special,CatBoost,1.9654545454545453,945.3104762169102
Afternoons Special,CatBoost,2.0847727272727274,958.7775189270816
Afternoons Special,CatBoost,2.204090909090909,1016.1434513124908
Afternoons Special,CatBoost,2.3234090909090908,981.8574211108124
Afternoons Special,CatBoost,2.442727272727273,993.3450518781414
Afternoons Special,CatBoost,2.5620454545454545,979.042399589502
Afternoons Special,CatBoost,2.6813636363636366,967.5722701167617
Afternoons Special,CatBoost,2.8006818181818183,943.8093172580383
Afternoons Special,CatBoost,2.92,982.7926026189316
Afternoons Special,CatBoost,3.039318181818182,1007.9784536203993
Afternoons Special,CatBoost,3.1586363636363637,977.0019793854096
Afternoons Special,CatBoost,3.2779545454545453,971.2214485314661
Afternoons Special,CatBoost,3.3972727272727274,946.8658309531303
Afternoons Special,CatBoost,3.516590909090909,957.495947897732
Afternoons Special,CatBoost,3.6359090909090908,962.4523783139911
Afternoons Special,CatBoost,3.755227272727273,991.1681679853887
Afternoons Special,CatBoost,3.8745454545454545,965.8256131075159
Afternoons Special,CatBoost,3.9938636363636366,1014.3157977207991
Afternoons Special,CatBoost,4.113181818181818,982.1793374051862
Afternoons Special,CatBoost,4.2325,921.568839298827
Afternoons Special,CatBoost,4.351818181818182,936.250362462909
Afternoons Special,CatBoost,4.471136363636364,947.6058798653494
Afternoons Special,CatBoost,4.590454545454546,951.3078988562226
Afternoons Special,CatBoost,4.709772727272727,964.3769436467995
Afternoons Special,CatBoost,4.829090909090909,908.4636998918735
Afternoons Special,CatBoost,4.948409090909091,906.4020068126592
Afternoons Special,CatBoost,5.067727272727273,889.2194087172201
Afternoons Special,CatBoost,5.187045454545455,923.6260079937131
Afternoons Special,CatBoost,5.306363636363637,923.7564119039191
Afternoons Special,CatBoost,5.425681818181818,919.4172329339978
Afternoons Special,CatBoost,5.545,936.8080648129502
Afternoons Special,CatBoost,5.664318181818182,959.984972672918
Afternoons Special,CatBoost,5.783636363636364,922.1507280712614
Afternoons Special,CatBoost,5.902954545454546,874.2508380329292
Afternoons Special,CatBoost,6.022272727272727,868.7779019676568
Afternoons Special,CatBoost,6.141590909090909,927.632389371002
Afternoons Special,CatBoost,6.260909090909091,870.916245834368
Afternoons Special,CatBoost,6.380227272727273,933.721661048705
Afternoons Special,CatBoost,6.499545454545455,893.9146637835144
Afternoons Special,CatBoost,6.618863636363637,925.9551802094761
Afternoons Special,CatBoost,6.738181818181818,971.8208801327891
Afternoons Special,CatBoost,6.8575,1001.9957827240966
Afternoons Special,CatBoost,6.976818181818182,909.6799264633923
Afternoons Special,CatBoost,7.096136363636364,904.5806829137599
Afternoons Special,CatBoost,7.215454545454546,874.781750446108
Afternoons Special,CatBoost,7.334772727272727,1029.1402912917977
Afternoons Special,CatBoost,7.454090909090909,881.6342089835193
Afternoons Special,CatBoost,7.573409090909091,869.0717465299577
Afternoons Special,CatBoost,7.692727272727273,871.6202509159544
Afternoons Special,CatBoost,7.812045454545455,863.8429741216912
Afternoons Special,CatBoost,7.931363636363637,864.0020377451336
Afternoons Special,CatBoost,8.050681818181818,876.4589506557745
Afternoons Special,CatBoost,8.17,879.3563838614095
Afternoons Special,CatBoost,8.289318181818183,902.07757737555
Afternoons Special,CatBoost,8.408636363636363,887.7265578669819
Afternoons Special,CatBoost,8.527954545454545,887.7265578669819
Afternoons Special,CatBoost,8.647272727272728,890.9924996939843
Afternoons Special,CatBoost,8.76659090909091,720.7073353388477
Afternoons Special,CatBoost,8.885909090909092,720.7073353388477
Afternoons Special,CatBoost,9.005227272727273,817.2171312618102
Afternoons Special,CatBoost,9.124545454545455,817.2171312618102
Afternoons Special,CatBoost,9.243863636363637,796.3293652769244
Afternoons Special,CatBoost,9.363181818181818,796.3293652769244
Afternoons Special,CatBoost,9.4825,796.3293652769244
Afternoons Special,CatBoost,9.601818181818182,796.3293652769244
Afternoons Special,CatBoost,9.721136363636363,788.4014299952498
Afternoons Special,CatBoost,9.840454545454547,788.4014299952498
Afternoons Special,CatBoost,9.959772727272728,788.4014299952498
Afternoons Special,CatBoost,10.07909090909091,788.4014299952498
Afternoons Special,CatBoost,10.198409090909092,788.4014299952498
Afternoons Special,CatBoost,10.317727272727273,930.6647101982136
Afternoons Special,CatBoost,10.437045454545455,930.6647101982136
Afternoons Special,CatBoost,10.556363636363637,930.6647101982136
Afternoons Special,CatBoost,10.675681818181818,930.6647101982136
Afternoons Special,CatBoost,10.795,930.6647101982136
Afternoons Special,CatBoost,10.914318181818182,930.6647101982136
Afternoons Special,CatBoost,11.033636363636363,930.6647101982136
Afternoons Special,CatBoost,11.152954545454547,930.6647101982136
Afternoons Special,CatBoost,11.272272727272728,930.6647101982136
Afternoons Special,CatBoost,11.39159090909091,930.6647101982136
Afternoons Special,CatBoost,11.510909090909092,930.6647101982136
Afternoons Special,CatBoost,11.630227272727273,930.6647101982136
Afternoons Special,CatBoost,11.749545454545455,930.6647101982136
Afternoons Special,CatBoost,11.868863636363637,930.6647101982136
Afternoons Special,CatBoost,11.988181818181818,930.6647101982136
Afternoons Special,CatBoost,12.1075,930.6647101982136
Afternoons Special,LightGBM,0.295,1008.8442397682801
Afternoons Special,LightGBM,0.4143181818181818,1008.8442397682801
Afternoons Special,LightGBM,0.5336363636363637,949.6303976222533
Afternoons Special,LightGBM,0.6529545454545455,1008.2311449651388
Afternoons Special,LightGBM,0.7722727272727272,981.782178271377
Afternoons Special,LightGBM,0.8915909090909091,976.680225337627
Afternoons Special,LightGBM,1.010909090909091,991.8942984576582
Afternoons Special,LightGBM,1.1302272727272726,931.062532111152
Afternoons Special,LightGBM,1.2495454545454545,965.8738642930384
Afternoons Special,LightGBM,1.3688636363636364,963.3358187913626
Afternoons Special,LightGBM,1.4881818181818183,959.098699553949
Afternoons Special,LightGBM,1.6075,1071.514113228677
Afternoons Special,LightGBM,1.7268181818181818,1013.2717530284676
Afternoons Special,LightGBM,1.8461363636363637,975.5532401035081
Afternoons Special,LightGBM,1.9654545454545453,959.100403941123
Afternoons Special,LightGBM,2.0847727272727274,948.8788776260726
Afternoons Special,LightGBM,2.204090909090909,1027.8691685954493
Afternoons Special,LightGBM,2.3234090909090908,1000.1702353039817
Afternoons Special,LightGBM,2.442727272727273,986.3317070193586
Afternoons Special,LightGBM,2.5620454545454545,974.0784159164884
Afternoons Special,LightGBM,2.6813636363636366,972.0087155464804
Afternoons Special,LightGBM,2.8006818181818183,941.0821653133108
Afternoons Special,LightGBM,2.92,961.694836969184
Afternoons Special,LightGBM,3.039318181818182,964.4563087221892
Afternoons Special,LightGBM,3.1586363636363637,974.6092826700586
Afternoons Special,LightGBM,3.2779545454545453,965.296327647574
Afternoons Special,LightGBM,3.3972727272727274,949.4631147652863
Afternoons Special,LightGBM,3.516590909090909,959.1980929026915
Afternoons Special,LightGBM,3.6359090909090908,967.5745663943336
Afternoons Special,LightGBM,3.755227272727273,994.7267997574444
Afternoons Special,LightGBM,3.8745454545454545,973.6237776129652
Afternoons Special,LightGBM,3.9938636363636366,936.5499363396067
Afternoons Special,LightGBM,4.113181818181818,992.1540765292121
Afternoons Special,LightGBM,4.2325,912.1164492568212
Afternoons Special,LightGBM,4.351818181818182,942.7886983140735
Afternoons Special,LightGBM,4.471136363636364,946.1136814087614
Afternoons Special,LightGBM,4.590454545454546,951.9905907036052
Afternoons Special,LightGBM,4.709772727272727,969.7798612030869
Afternoons Special,LightGBM,4.829090909090909,924.0427815721514
Afternoons Special,LightGBM,4.948409090909091,940.6980743462267
Afternoons Special,LightGBM,5.067727272727273,904.4991809763941
Afternoons Special,LightGBM,5.187045454545455,930.5654700668034
Afternoons Special,LightGBM,5.306363636363637,933.4102480318518
Afternoons Special,LightGBM,5.425681818181818,932.4340911120619
Afternoons Special,LightGBM,5.545,933.4616678693294
Afternoons Special,LightGBM,5.664318181818182,944.2746163211754
Afternoons Special,LightGBM,5.783636363636364,908.1467285224644
Afternoons Special,LightGBM,5.902954545454546,889.548814614301
Afternoons Special,LightGBM,6.022272727272727,866.4963697378766
Afternoons Special,LightGBM,6.141590909090909,927.0769285084001
Afternoons Special,LightGBM,6.260909090909091,879.1169606582662
Afternoons Special,LightGBM,6.380227272727273,920.9514617013956
Afternoons Special,LightGBM,6.499545454545455,908.5257884260242
Afternoons Special,LightGBM,6.618863636363637,937.0261586921631
Afternoons Special,LightGBM,6.738181818181818,955.9656474334971
Afternoons Special,LightGBM,6.8575,970.5034681107306
Afternoons Special,LightGBM,6.976818181818182,915.095016775929
Afternoons Special,LightGBM,7.096136363636364,911.4780748069084
Afternoons Special,LightGBM,7.215454545454546,875.5128384902491
Afternoons Special,LightGBM,7.334772727272727,981.4120817248829
Afternoons Special,LightGBM,7.454090909090909,864.6806996154047
Afternoons Special,LightGBM,7.573409090909091,904.2174324948669
Afternoons Special,LightGBM,7.692727272727273,912.3392869999678
Afternoons Special,LightGBM,7.812045454545455,891.9406575735333
Afternoons Special,LightGBM,7.931363636363637,889.7737374233511
Afternoons Special,LightGBM,8.050681818181818,894.4436568455038
Afternoons Special,LightGBM,8.17,927.8627917214474
Afternoons Special,LightGBM,8.289318181818183,929.273624858784
Afternoons Special,LightGBM,8.408636363636363,928.5267367671568
Afternoons Special,LightGBM,8.527954545454545,926.4676668487106
Afternoons Special,LightGBM,8.647272727272728,872.0633167459697
Afternoons Special,LightGBM,8.76659090909091,753.2718413939381
Afternoons Special,LightGBM,8.885909090909092,753.2718413939381
Afternoons Special,LightGBM,9.005227272727273,840.1541152616825
Afternoons Special,LightGBM,9.124545454545455,840.1541152616825
Afternoons Special,LightGBM,9.243863636363637,807.7823151340663
Afternoons Special,LightGBM,9.363181818181818,781.3335983046152
Afternoons Special,LightGBM,9.4825,781.3335983046152
Afternoons Special,LightGBM,9.601818181818182,781.3335983046152
Afternoons Special,LightGBM,9.721136363636363,781.3335983046152
Afternoons Special,LightGBM,9.840454545454547,753.3603614419062
Afternoons Special,LightGBM,9.959772727272728,753.3603614419062
Afternoons Special,LightGBM,10.07909090909091,753.3603614419062
Afternoons Special,LightGBM,10.198409090909092,753.3603614419062
Afternoons Special,LightGBM,10.317727272727273,889.5938483346848
Afternoons Special,LightGBM,10.437045454545455,889.5938483346848
Afternoons Special,LightGBM,10.556363636363637,888.8342896935377
Afternoons Special,LightGBM,10.675681818181818,888.8342896935377
Afternoons Special,LightGBM,10.795,888.8342896935377
Afternoons Special,LightGBM,10.914318181818182,888.8342896935377
Afternoons Special,LightGBM,11.033636363636363,888.8342896935377
Afternoons Special,LightGBM,11.152954545454547,888.8342896935377
Afternoons Special,LightGBM,11.272272727272728,888.8342896935377
Afternoons Special,LightGBM,11.39159090909091,888.8342896935377
Afternoons Special,LightGBM,11.510909090909092,888.8342896935377
Afternoons Special,LightGBM,11.630227272727273,888.8342896935377
Afternoons Special,LightGBM,11.749545454545455,888.8342896935377
Afternoons Special,LightGBM,11.868863636363637,888.8342896935377
Afternoons Special,LightGBM,11.988181818181818,888.8342896935377
Afternoons Special,LightGBM,12.1075,888.8342896935377
Afternoons Special,XGBoost,0.295,1014.8067016601562
Afternoons Special,XGBoost,0.4143181818181818,1014.8067016601562
Afternoons Special,XGBoost,0.5336363636363637,980.4266967773438
Afternoons Special,XGBoost,0.6529545454545455,995.5882568359375
Afternoons Special,XGBoost,0.7722727272727272,985.5260620117188
Afternoons Special,XGBoost,0.8915909090909091,978.733642578125
Afternoons Special,XGBoost,1.010909090909091,974.5571899414062
Afternoons Special,XGBoost,1.1302272727272726,934.1381225585938
Afternoons Special,XGBoost,1.2495454545454545,977.9288330078125
Afternoons Special,XGBoost,1.3688636363636364,939.6031494140625
Afternoons Special,XGBoost,1.4881818181818183,964.7071533203125
Afternoons Special,XGBoost,1.6075,1017.1192626953125
Afternoons Special,XGBoost,1.7268181818181818,1004.7592163085938
Afternoons Special,XGBoost,1.8461363636363637,983.4305419921875
Afternoons Special,XGBoost,1.9654545454545453,955.7340087890625
Afternoons Special,XGBoost,2.0847727272727274,958.780517578125
Afternoons Special,XGBoost,2.204090909090909,1037.312255859375
Afternoons Special,XGBoost,2.3234090909090908,964.4635620117188
Afternoons Special,XGBoost,2.442727272727273,1001.9793090820312
Afternoons Special,XGBoost,2.5620454545454545,990.7489624023438
Afternoons Special,XGBoost,2.6813636363636366,932.552978515625
Afternoons Special,XGBoost,2.8006818181818183,923.1009521484375
Afternoons Special,XGBoost,2.92,918.4229736328125
Afternoons Special,XGBoost,3.039318181818182,949.6775512695312
Afternoons Special,XGBoost,3.1586363636363637,994.3341064453125
Afternoons Special,XGBoost,3.2779545454545453,962.74755859375
Afternoons Special,XGBoost,3.3972727272727274,954.3402709960938
Afternoons Special,XGBoost,3.516590909090909,946.43896484375
Afternoons Special,XGBoost,3.6359090909090908,930.875732421875
Afternoons Special,XGBoost,3.755227272727273,991.718505859375
Afternoons Special,XGBoost,3.8745454545454545,980.7319946289062
Afternoons Special,XGBoost,3.9938636363636366,985.5035400390625
Afternoons Special,XGBoost,4.113181818181818,986.0593872070312
Afternoons Special,XGBoost,4.2325,904.19287109375
Afternoons Special,XGBoost,4.351818181818182,937.1661376953125
Afternoons Special,XGBoost,4.471136363636364,958.7947387695312
Afternoons Special,XGBoost,4.590454545454546,963.16552734375
Afternoons Special,XGBoost,4.709772727272727,999.7720947265625
Afternoons Special,XGBoost,4.829090909090909,899.9228515625
Afternoons Special,XGBoost,4.948409090909091,907.6458740234375
Afternoons Special,XGBoost,5.067727272727273,897.04541015625
Afternoons Special,XGBoost,5.187045454545455,916.138427734375
Afternoons Special,XGBoost,5.306363636363637,926.7116088867188
Afternoons Special,XGBoost,5.425681818181818,910.0687866210938
Afternoons Special,XGBoost,5.545,963.0744018554688
Afternoons Special,XGBoost,5.664318181818182,929.62744140625
Afternoons Special,XGBoost,5.783636363636364,887.7407836914062
Afternoons Special,XGBoost,5.902954545454546,889.4993286132812
Afternoons Special,XGBoost,6.022272727272727,856.0799560546875
Afternoons Special,XGBoost,6.141590909090909,910.5186157226562
Afternoons Special,XGBoost,6.260909090909091,888.570556640625
Afternoons Special,XGBoost,6.380227272727273,941.630859375
Afternoons Special,XGBoost,6.499545454545455,918.2361450195312
Afternoons Special,XGBoost,6.618863636363637,923.4876098632812
Afternoons Special,XGBoost,6.738181818181818,992.1659545898438
Afternoons Special,XGBoost,6.8575,1053.2080078125
Afternoons Special,XGBoost,6.976818181818182,911.3782958984375
Afternoons Special,XGBoost,7.096136363636364,911.3782958984375
Afternoons Special,XGBoost,7.215454545454546,888.4097900390625
Afternoons Special,XGBoost,7.334772727272727,921.94384765625
Afternoons Special,XGBoost,7.454090909090909,831.8148803710938
Afternoons Special,XGBoost,7.573409090909091,907.556884765625
Afternoons Special,XGBoost,7.692727272727273,907.556884765625
Afternoons Special,XGBoost,7.812045454545455,894.8084716796875
Afternoons Special,XGBoost,7.931363636363637,880.6903076171875
Afternoons Special,XGBoost,8.050681818181818,902.177490234375
Afternoons Special,XGBoost,8.17,916.633544921875
Afternoons Special,XGBoost,8.289318181818183,902.5076293945312
Afternoons Special,XGBoost,8.408636363636363,902.5076293945312
Afternoons Special,XGBoost,8.527954545454545,902.5076293945312
Afternoons Special,XGBoost,8.647272727272728,890.4378662109375
Afternoons Special,XGBoost,8.76659090909091,810.0390625
Afternoons Special,XGBoost,8.885909090909092,826.6384887695312
Afternoons Special,XGBoost,9.005227272727273,826.6384887695312
Afternoons Special,XGBoost,9.124545454545455,826.6384887695312
Afternoons Special,XGBoost,9.243863636363637,809.815185546875
Afternoons Special,XGBoost,9.363181818181818,809.815185546875
Afternoons Special,XGBoost,9.4825,809.815185546875
Afternoons Special,XGBoost,9.601818181818182,849.2025146484375
Afternoons Special,XGBoost,9.721136363636363,849.2025146484375
Afternoons Special,XGBoost,9.840454545454547,849.2025146484375
Afternoons Special,XGBoost,9.959772727272728,849.2025146484375
Afternoons Special,XGBoost,10.07909090909091,849.2025146484375
Afternoons Special,XGBoost,10.198409090909092,826.1378173828125
Afternoons Special,XGBoost,10.317727272727273,826.1378173828125
Afternoons Special,XGBoost,10.437045454545455,826.1378173828125
Afternoons Special,XGBoost,10.556363636363637,826.1378173828125
Afternoons Special,XGBoost,10.675681818181818,826.1378173828125
Afternoons Special,XGBoost,10.795,826.1378173828125
Afternoons Special,XGBoost,10.914318181818182,826.1378173828125
Afternoons Special,XGBoost,11.033636363636363,826.1378173828125
Afternoons Special,XGBoost,11.152954545454547,826.1378173828125
Afternoons Special,XGBoost,11.272272727272728,826.1378173828125
Afternoons Special,XGBoost,11.39159090909091,826.1378173828125
Afternoons Special,XGBoost,11.510909090909092,826.1378173828125
Afternoons Special,XGBoost,11.630227272727273,826.1378173828125
Afternoons Special,XGBoost,11.749545454545455,826.1378173828125
Afternoons Special,XGBoost,11.868863636363637,826.1378173828125
Afternoons Special,XGBoost,11.988181818181818,826.1378173828125
Afternoons Special,XGBoost,12.1075,826.1378173828125
Evenings Special,LightGBM,0.3175,712.0845033972802
Evenings Special,LightGBM,0.44646464646464645,712.0845033972802
Evenings Special,LightGBM,0.575429292929293,712.0845033972802
Evenings Special,LightGBM,0.7043939393939395,650.7451410082873
Evenings Special,LightGBM,0.8333585858585859,607.6301403766277
Evenings Special,LightGBM,0.9623232323232324,527.8113630826077
Evenings Special,LightGBM,1.0912878787878788,512.7887434921295
Evenings Special,LightGBM,1.2202525252525254,498.4729254101131
Evenings Special,LightGBM,1.349217171717172,657.6351049570325
Evenings Special,LightGBM,1.4781818181818185,575.5800789543416
Evenings Special,LightGBM,1.6071464646464646,565.8480120169618
Evenings Special,LightGBM,1.7361111111111112,573.3046981314831
Evenings Special,LightGBM,1.8650757575757577,582.60479024667
Evenings Special,LightGBM,1.9940404040404043,545.2873977598852
Evenings Special,LightGBM,2.123005050505051,623.8842942546116
Evenings Special,LightGBM,2.251969696969697,601.7553169195647
Evenings Special,LightGBM,2.3809343434343435,610.2469005992386
Evenings Special,LightGBM,2.50989898989899,624.2602175478906
Evenings Special,LightGBM,2.6388636363636366,607.805830453129
Evenings Special,LightGBM,2.7678282828282827,547.0877006290996
Evenings Special,LightGBM,2.8967929292929293,566.4613126595668
Evenings Special,LightGBM,3.025757575757576,544.7400848777529
Evenings Special,LightGBM,3.1547222222222224,560.6031819401014
Evenings Special,LightGBM,3.283686868686869,560.1218051424762
Evenings Special,LightGBM,3.4126515151515155,569.3582956574945
Evenings Special,LightGBM,3.5416161616161617,567.2665906463493
Evenings Special,LightGBM,3.670580808080808,512.9295349310894
Evenings Special,LightGBM,3.799545454545455,525.4316161930283
Evenings Special,LightGBM,3.9285101010101013,546.3563901921186
Evenings Special,LightGBM,4.057474747474748,552.6556682008522
Evenings Special,LightGBM,4.186439393939394,564.5596810289178
Evenings Special,LightGBM,4.315404040404041,604.1568979707586
Evenings Special,LightGBM,4.444368686868687,554.3972341822973
Evenings Special,LightGBM,4.573333333333333,544.6788649279649
Evenings Special,LightGBM,4.70229797979798,547.2967371590759
Evenings Special,LightGBM,4.831262626262626,548.4337841932468
Evenings Special,LightGBM,4.960227272727273,552.0589547953999
Evenings Special,LightGBM,5.0891919191919195,563.0369398311974
Evenings Special,LightGBM,5.218156565656566,619.2477379194789
Evenings Special,LightGBM,5.347121212121213,532.2541025928857
Evenings Special,LightGBM,5.476085858585859,611.793399210675
Evenings Special,LightGBM,5.605050505050506,594.1222403163669
Evenings Special,LightGBM,5.734015151515152,535.1557040954881
Evenings Special,LightGBM,5.862979797979798,562.8071662109144
Evenings Special,LightGBM,5.991944444444445,510.7132022452672
Evenings Special,LightGBM,6.120909090909091,490.33445422929077
Evenings Special,LightGBM,6.249873737373738,521.9240528631506
Evenings Special,LightGBM,6.378838383838384,532.5760890747663
Evenings Special,LightGBM,6.507803030303031,487.81636741448574
Evenings Special,LightGBM,6.636767676767677,518.8437922735743
Evenings Special,LightGBM,6.765732323232323,507.37322166297736
Evenings Special,LightGBM,6.89469696969697,540.4460892449232
Evenings Special,LightGBM,7.0236616161616165,510.92065736839317
Evenings Special,LightGBM,7.1526262626262636,510.695887046419
Evenings Special,LightGBM,7.28159090909091,520.2795234055255
Evenings Special,LightGBM,7.410555555555556,520.0730958746518
Evenings Special,LightGBM,7.539520202020203,473.280024864643
Evenings Special,LightGBM,7.668484848484849,497.2987631720614
Evenings Special,LightGBM,7.797449494949496,514.8369876467809
Evenings Special,LightGBM,7.926414141414142,514.1185127357032
Evenings Special,LightGBM,8.055378787878789,520.3676513434353
Evenings Special,LightGBM,8.184343434343436,521.2806348523848
Evenings Special,LightGBM,8.313308080808081,520.5880735100586
Evenings Special,LightGBM,8.442272727272728,520.5880735100586
Evenings Special,LightGBM,8.571237373737375,452.9607153949261
Evenings Special,LightGBM,8.700202020202022,518.9575368785412
Evenings Special,LightGBM,8.829166666666667,479.4297790255427
Evenings Special,LightGBM,8.958131313131314,479.4297790255427
Evenings Special,LightGBM,9.087095959595962,488.3538054938278
Evenings Special,LightGBM,9.216060606060609,545.7506911148937
Evenings Special,LightGBM,9.345025252525254,545.7506911148937
Evenings Special,LightGBM,9.4739898989899,545.7506911148937
Evenings Special,LightGBM,9.602954545454548,567.1512139610801
Evenings Special,LightGBM,9.731919191919193,608.5942059305098
Evenings Special,LightGBM,9.86088383838384,525.8040579468111
Evenings Special,LightGBM,9.989848484848487,525.8040579468111
Evenings Special,LightGBM,10.118813131313132,525.8040579468111
Evenings Special,LightGBM,10.24777777777778,525.8040579468111
Evenings Special,LightGBM,10.376742424242426,388.41296987427353
Evenings Special,LightGBM,10.505707070707073,388.41296987427353
Evenings Special,LightGBM,10.634671717171718,388.41296987427353
Evenings Special,LightGBM,10.763636363636365,388.41296987427353
Evenings Special,LightGBM,10.892601010101012,400.99776840965916
Evenings Special,LightGBM,11.021565656565658,400.99776840965916
Evenings Special,LightGBM,11.150530303030305,400.99776840965916
Evenings Special,LightGBM,11.279494949494952,400.99776840965916
Evenings Special,LightGBM,11.408459595959597,400.99776840965916
Evenings Special,LightGBM,11.537424242424244,400.99776840965916
Evenings Special,LightGBM,11.666388888888891,400.99776840965916
Evenings Special,LightGBM,11.795353535353538,400.99776840965916
Evenings Special,LightGBM,11.924318181818183,400.99776840965916
Evenings Special,LightGBM,12.05328282828283,400.99776840965916
Evenings Special,LightGBM,12.182247474747477,400.99776840965916
Evenings Special,LightGBM,12.311212121212122,400.99776840965916
Evenings Special,LightGBM,12.44017676767677,400.99776840965916
Evenings Special,LightGBM,12.569141414141416,400.99776840965916
Evenings Special,LightGBM,12.698106060606063,400.99776840965916
Evenings Special,LightGBM,12.827070707070709,400.99776840965916
Evenings Special,LightGBM,12.956035353535356,400.99776840965916
Evenings Special,LightGBM,13.085,400.99776840965916
Evenings Special,XGBoost,0.3175,685.7456665039062
Evenings Special,XGBoost,0.44646464646464645,685.7456665039062
Evenings Special,XGBoost,0.575429292929293,607.6805419921875
Evenings Special,XGBoost,0.7043939393939395,592.6111450195312
Evenings Special,XGBoost,0.8333585858585859,608.2322998046875
Evenings Special,XGBoost,0.9623232323232324,516.2830810546875
Evenings Special,XGBoost,1.0912878787878788,516.81396484375
Evenings Special,XGBoost,1.2202525252525254,517.9160766601562
Evenings Special,XGBoost,1.349217171717172,646.1586303710938
Evenings Special,XGBoost,1.4781818181818185,585.7925415039062
Evenings Special,XGBoost,1.6071464646464646,564.395751953125
Evenings Special,XGBoost,1.7361111111111112,572.5830688476562
Evenings Special,XGBoost,1.8650757575757577,585.89453125
Evenings Special,XGBoost,1.9940404040404043,534.181396484375
Evenings Special,XGBoost,2.123005050505051,591.8450317382812
Evenings Special,XGBoost,2.251969696969697,599.5558471679688
Evenings Special,XGBoost,2.3809343434343435,632.2014770507812
Evenings Special,XGBoost,2.50989898989899,618.7063598632812
Evenings Special,XGBoost,2.6388636363636366,597.5776977539062
Evenings Special,XGBoost,2.7678282828282827,550.4880981445312
Evenings Special,XGBoost,2.8967929292929293,539.0521240234375
Evenings Special,XGBoost,3.025757575757576,583.9285888671875
Evenings Special,XGBoost,3.1547222222222224,554.5289916992188
Evenings Special,XGBoost,3.283686868686869,541.392822265625
Evenings Special,XGBoost,3.4126515151515155,569.5740356445312
Evenings Special,XGBoost,3.5416161616161617,551.7266845703125
Evenings Special,XGBoost,3.670580808080808,500.0653991699219
Evenings Special,XGBoost,3.799545454545455,577.1317749023438
Evenings Special,XGBoost,3.9285101010101013,571.8955078125
Evenings Special,XGBoost,4.057474747474748,537.07666015625
Evenings Special,XGBoost,4.186439393939394,589.82470703125
Evenings Special,XGBoost,4.315404040404041,603.3684692382812
Evenings Special,XGBoost,4.444368686868687,540.61474609375
Evenings Special,XGBoost,4.573333333333333,561.2326049804688
Evenings Special,XGBoost,4.70229797979798,539.0818481445312
Evenings Special,XGBoost,4.831262626262626,572.2648315429688
Evenings Special,XGBoost,4.960227272727273,548.4509887695312
Evenings Special,XGBoost,5.0891919191919195,498.187255859375
Evenings Special,XGBoost,5.218156565656566,600.1680297851562
Evenings Special,XGBoost,5.347121212121213,542.2445678710938
Evenings Special,XGBoost,5.476085858585859,547.8593139648438
Evenings Special,XGBoost,5.605050505050506,529.6485595703125
Evenings Special,XGBoost,5.734015151515152,547.7739868164062
Evenings Special,XGBoost,5.862979797979798,578.7760009765625
Evenings Special,XGBoost,5.991944444444445,507.9024658203125
Evenings Special,XGBoost,6.120909090909091,502.9473876953125
Evenings Special,XGBoost,6.249873737373738,524.7681274414062
Evenings Special,XGBoost,6.378838383838384,539.1506958007812
Evenings Special,XGBoost,6.507803030303031,511.35186767578125
Evenings Special,XGBoost,6.636767676767677,511.7707214355469
Evenings Special,XGBoost,6.765732323232323,506.8851013183594
Evenings Special,XGBoost,6.89469696969697,568.27099609375
Evenings Special,XGBoost,7.0236616161616165,508.5834045410156
Evenings Special,XGBoost,7.1526262626262636,505.05718994140625
Evenings Special,XGBoost,7.28159090909091,531.4954223632812
Evenings Special,XGBoost,7.410555555555556,499.26971435546875
Evenings Special,XGBoost,7.539520202020203,505.533203125
Evenings Special,XGBoost,7.668484848484849,505.533203125
Evenings Special,XGBoost,7.797449494949496,525.0093994140625
Evenings Special,XGBoost,7.926414141414142,527.5357055664062
Evenings Special,XGBoost,8.055378787878789,516.0300903320312
Evenings Special,XGBoost,8.184343434343436,505.5797424316406
Evenings Special,XGBoost,8.313308080808081,505.5797424316406
Evenings Special,XGBoost,8.442272727272728,505.5797424316406
Evenings Special,XGBoost,8.571237373737375,456.7215576171875
Evenings Special,XGBoost,8.700202020202022,495.34576416015625
Evenings Special,XGBoost,8.829166666666667,495.5720520019531
Evenings Special,XGBoost,8.958131313131314,452.60711669921875
Evenings Special,XGBoost,9.087095959595962,452.60711669921875
Evenings Special,XGBoost,9.216060606060609,503.1468811035156
Evenings Special,XGBoost,9.345025252525254,503.1468811035156
Evenings Special,XGBoost,9.4739898989899,544.1869506835938
Evenings Special,XGBoost,9.602954545454548,544.1869506835938
Evenings Special,XGBoost,9.731919191919193,537.1965942382812
Evenings Special,XGBoost,9.86088383838384,537.1965942382812
Evenings Special,XGBoost,9.989848484848487,537.1965942382812
Evenings Special,XGBoost,10.118813131313132,537.1965942382812
Evenings Special,XGBoost,10.24777777777778,537.1965942382812
Evenings Special,XGBoost,10.376742424242426,537.1965942382812
Evenings Special,XGBoost,10.505707070707073,537.1965942382812
Evenings Special,XGBoost,10.634671717171718,435.3348693847656
Evenings Special,XGBoost,10.763636363636365,435.3348693847656
Evenings Special,XGBoost,10.892601010101012,435.3348693847656
Evenings Special,XGBoost,11.021565656565658,435.3348693847656
Evenings Special,XGBoost,11.150530303030305,435.3348693847656
Evenings Special,XGBoost,11.279494949494952,435.3348693847656
Evenings Special,XGBoost,11.408459595959597,435.3348693847656
Evenings Special,XGBoost,11.537424242424244,435.3348693847656
Evenings Special,XGBoost,11.666388888888891,435.3348693847656
Evenings Special,XGBoost,11.795353535353538,435.3348693847656
Evenings Special,XGBoost,11.924318181818183,435.3348693847656
Evenings Special,XGBoost,12.05328282828283,435.3348693847656
Evenings Special,XGBoost,12.182247474747477,435.3348693847656
Evenings Special,XGBoost,12.311212121212122,435.3348693847656
Evenings Special,XGBoost,12.44017676767677,435.3348693847656
Evenings Special,XGBoost,12.569141414141416,435.3348693847656
Evenings Special,XGBoost,12.698106060606063,435.3348693847656
Evenings Special,XGBoost,12.827070707070709,435.3348693847656
Evenings Special,XGBoost,12.956035353535356,435.3348693847656
Evenings Special,XGBoost,13.085,435.3348693847656
