Location_ID,Sensor_Description,Sensor_Name,Installation_Date,Note,Location_Type,Status,Direction_1,Direction_2,Latitude,Longitude,Location,node_id,osmid,x,y,Node Density,Street Length,Degree,Clustering,Clustering (Weighted),Closeness Centrality,Betweenness Centrality,Eigenvector Centrality,Katz Centrality,PageRank,Footprint Proportion,Footprint Mean,Footprint Stdev,Perimeter Total,Perimeter Mean,Perimeter Stdev,Complexity Mean,Complexity Stdev,Building Count,PopSum,Men,Women,Elderly,Youth,Children,Civic,Commercial,Entertainment,Food,Healthcare,Institutional,Recreational,Social,Green View Mean,Green View Stdev,Sky View Mean,Sky View Stdev,Building View Mean,Building View Stdev,Road View Mean,Road View Stdev,Visual Complexity Mean,Visual Complexity Stdev,n,distance,feature_x,feature_y,nearest_x,nearest_y
"2",Bourke Street Mall (South),Bou283_T,2009/03/30,,Outdoor,A,East,West,-37.81380668,144.96516718,"-37.81380668, 144.96516718","8902","1327098191",144.9654002,-37.8139393,"3",758.813,"1",0,0,0.014,0.001,false,0.004,false,0.592,823.615,1224.667,4684.542,108.943,79.98,21.267,8.213,"43","132","64","67","6","49","2","0","37","2","13","1","0","1",false,0.17925,0.0899964285005641,0.05225,0.0438169895295029,0.210875,0.0583938291749589,0.23625,0.160054231880501,1.92022480157035,0.165914709903952,true,0.000268116364287499,144.96516718,-37.81380668,144.9654002,-37.8139393
"4",Town Hall (West),Swa123_T,2009/03/23,,Outdoor,A,North,South,-37.81487988,144.9660878,"-37.81487988, 144.9660878","56975","2187874238",144.9662658,-37.8148797,"1",201.053,"3",0,0,0.01,0,false,0.003,false,0.578,824.486,912.453,4748.143,115.808,66.038,22.385,6.616,"41","238","123","114","16","50","1","0","22","3","20","0","0","1",false,0.213625,0.0623284789298944,0.063375,0.0522300884821876,0.200375,0.0338945317966525,0.276625,0.124818654169044,1.91317552244389,0.115402356772013,true,0.000178000091016554,144.9660878,-37.81487988,144.9662658,-37.8148797
"6",Flinders Street Station Underpass,FliS_T,2009/03/25,Upgraded on 8/09/21,Outdoor,A,North,South,-37.81911705,144.96558255,"-37.81911705, 144.96558255","67344","5402983335",144.9651789,-37.8191281,"15",1807.452,"1",0,0,0.008,0,false,0.002,false,0.082,1049.94,1269.965,2495.637,311.955,180.433,55.764,22.007,"8","96","47","49","0","45","3","0","1","0","3","0","0","0",false,0.169333333333333,0.104715089648054,0.164,0.077783352974785,0.0637777777777778,0.0510802745141845,0.0276666666666667,0.083,1.65892523499261,0.159390244897248,true,0.000403801219642627,144.96558255,-37.81911705,144.9651789,-37.8191281
"8",Webb Bridge,WebBN_T,2009/03/24,,Outdoor,A,North,South,-37.82293543,144.9471751,"-37.82293543, 144.9471751","40386","589814363",144.9475061,-37.8224038,"12",1996.103,"3",0,0,0.011,0,false,0.004,false,0.143,4028.362,5760.405,1135.233,227.047,292.781,26.578,25.58,"5","133","71","61","8","26","4","0","0","2","1","0","0","5",false,0.127583333333333,0.0378428769167109,0.245,0.165735276323967,0.129166666666667,0.0239348864187568,0.15225,0.108668072588042,1.78946369762686,0.135107895247114,true,0.000626251911691592,144.9471751,-37.82293543,144.9475061,-37.8224038
"10",Victoria Point,BouHbr_T,2009/04/23,,Outdoor,A,East,West,-37.81876474,144.94710545,"-37.81876474, 144.94710545","6392","92141618",144.9471781,-37.8189026,"7",1307.591,"3",0,0,0.014,0.002,false,0.005,false,0.363,5585.093,8989.012,3462.531,494.647,738.133,51.588,53.095,"7","88","46","41","4","17","2","0","1","5","6","0","0","1",false,0.1685,0.218278873615077,0.14275,0.099881179408335,0.1385,0.112108578321792,0.095,0.0724890796373265,1.81447166937696,0.166072205780421,true,0.000155831325796862,144.94710545,-37.81876474,144.9471781,-37.8189026
"11",Waterfront City,WatCit_T,2009/01/20,,Outdoor,A,East,West,-37.81564989,144.93970694,"-37.81564989, 144.93970694","67277","8945440902",144.9389381,-37.8155132,"11",1640.451,"1",0,0,0.008,0,false,0.002,false,0.404,2276.478,2020.022,1671.18,208.897,149.427,30.003,14.128,"8","6","3","2","0","1","0","0","0","1","1","0","0","1",false,0.125789420142421,0.122157019792945,0.305325534079349,0.190267209008608,0.150821973550356,0.143093071578534,0.185407934893184,0.0958048626577349,1.72552022923133,0.260566999639051,true,0.000780896345049136,144.93970694,-37.81564989,144.9389381,-37.8155132
"14",Sandridge Bridge,SanBri_T,2009/03/24,Sensor relocated to sensor ID 25 on 2/10/2019,Outdoor,A,North,South,-37.82011242,144.96291897,"-37.82011242, 144.96291897","67343","5402983339",144.9630178,-37.819553,"14",2012.465,"1",0,0,0.008,0,false,0.002,false,0.044,411.499,261.748,567.38,113.476,67.089,24.84,10.472,"5","118","57","60","0","55","3","0","2","1","0","0","0","2",false,0.275125,0.117480013497737,0.068625,0.0542426756082594,0.229,0.0584734371928216,0.19425,0.194565266317354,1.84866019140506,0.14113651713206,true,0.000568082833131804,144.96291897,-37.82011242,144.9630178,-37.819553
"27",QV Market-Peel St,Vic_T,2013/08/16,,Outdoor,A,East,West,-37.80606888,144.95644692,"-37.80606888, 144.95644692","57582","777700831",144.9560839,-37.8059582,"4",508.992,"4",0,0,0.01,0,false,0.003,false,0.42,275.473,547.697,5319.795,68.203,72.714,16.961,8.739,"78","423","212","210","21","165","8","0","4","0","11","0","0","1",false,0.105518518518519,0.101292913708586,0.267203703703704,0.0920371909302193,0.189148148148148,0.0759193731726035,0.165240740740741,0.0717647980099102,1.94683607795254,0.115376872210229,true,0.000379517565845829,144.95644692,-37.80606888,144.9560839,-37.8059582
"29",St Kilda Rd-Alexandra Gardens,AG_T,2013/10/11,sensor upgraded from laser to 3D on 19/12/2019,Outdoor,A,North,South,-37.81965809,144.96863453,"-37.81965809, 144.96863453","78845","10219154153",144.9681685,-37.8197216,"7",907.149,"1",0,0,0.005,0,false,0.001,false,0.101,1428.099,1535.993,374.718,124.906,79.15,21.413,6.426,"3","53","27","26","16","10","0","0","2","2","3","0","0","1",false,0.183981969486824,0.124898316267595,0.153417475728155,0.121625678803497,0.239201109570042,0.144292701411209,0.178064724919094,0.122097140885638,1.78789675148199,0.213449764606488,true,0.000470337624491384,144.96863453,-37.81965809,144.9681685,-37.8197216
"31",Lygon St (West),Lyg161_T,2013/10/10,,Outdoor,A,North,South,-37.80169681,144.96658911,"-37.80169681, 144.96658911","39635","472236190",144.9663514,-37.8015308,"17",2135.505,"3",0,0,0.011,0,false,0.004,false,0.394,226.16,236.472,4233.998,65.138,29.073,17.256,4.163,"65","218","109","108","6","78","9","0","8","0","18","0","0","2",false,0.2074,0.0931922743579102,0.1602,0.10579792058448,0.0784,0.0144499134945508,0.3984,0.0237023205614978,1.67558706071673,0.0689247910026045,true,0.000289940276948752,144.96658911,-37.80169681,144.9663514,-37.8015308
"35",Southbank,SouthB_T,2016/04/11,Device replaced with two new sensors on 15-4-21,Outdoor,A,East,West,-37.82017828,144.96508877,"-37.82017828, 144.96508877","11254","164102362",144.9651785,-37.8204388,"1",199.859,"1",0,0,0.014,0.001,false,0.004,false,0.359,1832.53,1762.295,1814.363,201.596,139.194,30.984,13.432,"9","325","172","153","60","57","8","0","3","0","5","0","0","2",false,0.183981969486824,0.124898316267595,0.153417475728155,0.121625678803497,0.239201109570042,0.144292701411209,0.178064724919094,0.122097140885638,1.78789675148199,0.213449764606488,true,0.00027553973089406,144.96508877,-37.82017828,144.9651785,-37.8204388
"39",Alfred Place,AlfPl_T,2019/12/04,In 4/12/2019 sensor upgraded,Outdoor,A,North,South,-37.81379749,144.96995745,"-37.81379749, 144.96995745","12109","247022892",144.9703941,-37.813653,"11",1486.674,"1",0,0,0.014,0.001,false,0.004,false,0.504,1743.237,1767.166,3275.506,172.395,107.005,26.899,10.033,"19","72","38","33","5","8","1","0","6","0","4","0","0","1",false,0.300625,0.100843496142715,0.0385,0.0247097435958253,0.230875,0.0965763021804891,0.17,0.1266750623784,1.80146883860678,0.0774026088797442,true,0.000459935411318204,144.96995745,-37.81379749,144.9703941,-37.813653
"43",Monash Rd-Swanston St (West),UM2_T,2015/04/15,,Outdoor,A,North,South,-37.79844526,144.96411782,"-37.79844526, 144.96411782","49472","1492169323",144.9642037,-37.7985159,"5",1061.515,"3",0,0,0.01,0,false,0.004,false,0.391,1384.825,1436,2967.957,164.887,101.506,27.32,10.026,"18","289","119","169","1","255","1","0","1","2","10","0","0","8",false,0.104,0.126213340936908,0.219,0.120001416679328,0.28,0.10004359107469,0.112,0.154496105951945,2.12675495575707,0.190920284511256,true,0.0001111997481995,144.96411782,-37.79844526,144.9642037,-37.7985159
"45",Little Collins St-Swanston St (East),Swa148_T,2017/06/29,,Outdoor,A,North,South,-37.81414075,144.96609379,"-37.81414075, 144.96609379","9116","176718238",144.9663061,-37.8139601,"11",1548.333,"1",0,0,0.014,0.001,false,0.004,false,0.548,901.5,1285.692,3788.078,108.231,73.533,20.877,6.655,"35","131","64","67","7","45","2","0","37","3","25","0","0","1",false,0.17925,0.0899964285005641,0.05225,0.0438169895295029,0.210875,0.0583938291749589,0.23625,0.160054231880501,1.92022480157035,0.165914709903952,true,0.000278765059856553,144.96609379,-37.81414075,144.9663061,-37.8139601
"47",Melbourne Central-Elizabeth St (East),Eli250_T,2017/08/24,,Outdoor,A,North,South,-37.81160332,144.96220077,"-37.81160332, 144.96220077","73874","8633692031",144.9621736,-37.8113552,"8",1393.417,"1",0,0,0.007,0,false,0.001,false,0.83,3415.602,6180.204,4205.514,233.64,200.859,32.033,14.037,"18","401","203","198","15","175","11","0","9","0","8","0","0","3",false,0.0612222222222222,0.0460754212617144,0.0656666666666667,0.0273906918496047,0.302111111111111,0.0657788804337009,0.304333333333333,0.100812945597279,1.85073770566951,0.14589950427982,true,0.00024960317165755,144.96220077,-37.81160332,144.9621736,-37.8113552
"48",QVM-Queen St (East),QVMQ_T,2017/10/02,,Outdoor,A,East,West,-37.80631581,144.95866697,"-37.80631581, 144.95866697","45682","775933327",144.9585153,-37.8061015,"20",2579.319,"3",0.333,0.004,0.011,0,false,0.004,false,0.413,779.412,787.341,3595.678,123.989,93.579,23.251,10.924,"29","233","119","114","6","111","2","0","2","0","7","0","0","4",false,0.138446428571429,0.132880249526729,0.215071428571429,0.140446800946493,0.217482142857143,0.116563208146938,0.160285714285714,0.0737528339759261,1.91280727780803,0.26031063796498,true,0.000262550119032934,144.95866697,-37.80631581,144.9585153,-37.8061015
"49",QVM-Therry St (South),Eli501_T,2017/11/29,,Outdoor,A,East,West,-37.80730068,144.95956055,"-37.80730068, 144.95956055","2495","3327893028",144.9594694,-37.8072356,"10",1414.952,"3",0.333,0.005,0.015,0.008,false,0.005,false,0.451,702.552,588.518,3159.632,108.953,54.408,21.504,6.333,"29","283","140","142","10","164","3","0","5","0","22","0","0","7",false,0.137,0.133081929652376,0.190833333333333,0.134853129984686,0.151666666666667,0.0476179237962625,0.187333333333333,0.0758674282328502,2.03836304226021,0.132463839043711,true,0.000111998789727305,144.95956055,-37.80730068,144.9594694,-37.8072356
"52",Elizabeth St-Lonsdale St (South),Eli263_T,2017/07/31,,Outdoor,A,East,West,-37.81252157,144.9619401,"-37.81252157, 144.9619401","65549","4544037561",144.9620705,-37.8123833,"3",387.478,"3",0,0,0.009,0,false,0.002,false,0.466,805.983,1809.722,4607.371,107.148,87.103,21.437,8.548,"43","249","131","118","9","59","14","1","9","0","15","0","0","1",false,0.193083333333333,0.187124877279772,0.11475,0.086686609010955,0.29325,0.114467244222965,0.182083333333333,0.140870319690476,1.75275619855985,0.165530596485861,true,0.000190059866633601,144.9619401,-37.81252157,144.9620705,-37.8123833
"53",Collins Street (North),Col254_T,2015/09/23,,Outdoor,A,East,West,-37.81564191,144.965499,"-37.81564191, 144.965499","57090","2193369802",144.9657789,-37.8157621,"18",1652.499,"3",0,0,0.01,0,false,0.003,false,0.64,1032.002,1284.282,4573.304,130.666,65.141,24.126,5.516,"35","280","148","131","16","58","1","1","31","4","19","1","0","1",false,0.237333333333333,0.0724258241237198,0.0482222222222222,0.0571090574641575,0.282333333333333,0.0775596544602927,0.158666666666667,0.139169860242798,1.84670493458366,0.104725720965056,true,0.00030461392959995,144.965499,-37.81564191,144.9657789,-37.8157621
"54",Lincoln-Swanston (West),Swa607_T,2018/06/26,,Outdoor,A,North,South,-37.804024,144.96308399,"-37.804024, 144.96308399","28801","1492383934",144.9633072,-37.8038968,"18",2286.546,"3",0,0,0.012,0,false,0.004,false,0.501,657.524,585.203,3596.061,102.745,45.928,20.864,4.68,"35","474","226","248","6","306","1","1","1","0","6","0","0","6",false,0.168583333333333,0.111295232547844,0.189916666666667,0.0845011654931278,0.348416666666667,0.116304817639084,0.100166666666667,0.0782964452151778,1.72255334609566,0.117039705184523,true,0.000256909602975488,144.96308399,-37.804024,144.9633072,-37.8038968
"58",Bourke St - Spencer St (North),Bou688_T,2018/09/27,,Outdoor,A,East,West,-37.81686075,144.95358075,"-37.81686075, 144.95358075","56820","2174963245",144.9533067,-37.8170198,"8",1350.466,"4",0,0,0.01,0,false,0.003,false,0.769,6570.646,11401.688,4199.479,279.965,256.575,32.712,14.927,"15","233","122","110","1","85","4","0","10","0","17","0","0","1",false,0.0640967741935484,0.0671169898206158,0.123709677419355,0.0651251070624262,0.405741935483871,0.147531006400222,0.151903225806452,0.0699096344522507,1.75938185070887,0.355565601577454,true,0.000316860071617552,144.95358075,-37.81686075,144.9533067,-37.8170198
"59",Building 80 RMIT,RMIT_T,2019/02/13,,Outdoor,A,North,South,-37.80825648,144.96304859,"-37.80825648, 144.96304859","56966","2187770699",144.9632838,-37.8085307,"8",1349.093,"1",0,0,0.01,0,false,0.003,false,0.491,877.297,874.281,2803.556,121.894,64.673,22.792,6.445,"23","133","65","68","2","72","1","1","3","3","10","0","1","8",false,0.183981969486824,0.124898316267595,0.153417475728155,0.121625678803497,0.239201109570042,0.144292701411209,0.178064724919094,0.122097140885638,1.78789675148199,0.213449764606488,true,0.000361276005985171,144.96304859,-37.80825648,144.9632838,-37.8085307
"64",Royal Pde - Grattan St,Grat292_T,2020/01/16,,Outdoor,A,North,South,-37.79949545,144.95792282,"-37.79949545, 144.95792282","79023","10285692532",144.9578242,-37.7990233,"6",1056.969,"3",0.333,0.005,0.005,0,false,0.001,false,0.338,1920.131,1121.829,2749.764,229.147,97.107,34.698,10.74,"12","98","45","53","9","58","2","0","0","0","1","0","0","3",false,0.205032850241546,0.126213340936908,0.183072463768116,0.120001416679328,0.139512077294686,0.10004359107469,0.232519806763285,0.154496105951945,1.82632909329764,0.190920284511256,true,0.000482339638530743,144.95792282,-37.79949545,144.9578242,-37.7990233
"72",Flinders St- ACMI,ACMI_T,2020/11/30,,Outdoor,A,East,West,-37.81726338,144.96872809,"-37.81726338, 144.96872809","7004","2774214269",144.9682058,-37.8171622,"13",2376.26,"3",0,0,0.014,0.002,false,0.005,false,0.391,802.606,897.471,2131.441,118.413,72.755,22.701,7.952,"18","133","71","61","4","51","1","0","3","5","3","0","1","1",false,0.0663157894736842,0.0366364309148072,0.260210526315789,0.0770170103486297,0.342421052631579,0.102471305354488,0.114631578947368,0.155613199428125,1.69525579937585,0.0882203600600613,true,0.000532000222294871,144.96872809,-37.81726338,144.9682058,-37.8171622
"73",Bourke St - Spencer St (South),Bou655_T,,,Outdoor,A,East,West,-37.81695684,144.95415373,"-37.81695684, 144.95415373","59097","2469456589",144.9540169,-37.8174002,"8",1367.997,"1",0,0,0.009,0,false,0.003,false,0.542,5086.519,10144.587,4628.073,231.404,238.109,28.998,14.677,"20","319","171","147","0","108","5","0","3","0","16","0","0","0",false,0.0741071428571429,0.0668992273031357,0.111821428571429,0.0623859276460162,0.410928571428571,0.167726392846036,0.140464285714286,0.0626320720959035,1.76837341769873,0.370257348776115,true,0.000463994114724839,144.95415373,-37.81695684,144.9540169,-37.8174002
"76",Macaulay Rd- Bellair St,KenMac_T,2021/02/20,,Outdoor,A,East,West,-37.79453803,144.93036194,"-37.79453803, 144.93036194","47067","67754307",144.9304357,-37.7944508,"29",2429.555,"3",0,0,0.011,0,false,0.004,false,0.293,127.723,158.762,4674.216,50.807,23.89,15.398,4.37,"92","120","59","60","15","11","8","1","12","0","16","4","0","4",false,0.15,0.143243382627843,0.1875,0.136387927129445,0.1225,0.070694177035076,0.113,0.0120554275466834,2.07228137815152,0.302555720748384,true,0.000114234891773779,144.93036194,-37.79453803,144.9304357,-37.7944508
"79",Flinders St (South),FliSS_T,2021/09/10,,Outdoor,A,East,West,-37.81794046,144.96616678,"-37.81794046, 144.96616678","65497","591372303",144.9662578,-37.8174039,"5",1015.145,"1",0,0,0.009,0,false,0.002,false,0.522,1234.487,1384.745,4850.918,173.247,130.559,29.777,16.994,"28","869","478","390","11","379","9","1","23","2","31","0","1","2",false,0.0501,0.0767759366236873,0.1621,0.085452325889937,0.2614,0.112157825307812,0.2814,0.166560766355372,1.75798710148798,0.198096900062526,true,0.000544225388968374,144.96616678,-37.81794046,144.9662578,-37.8174039
"82",510 Elizabeth Street - Main Entry,Eli510_T,2021/11/05,,Indoor,A,In,Out,-37.80680012,144.96001735,"-37.80680012, 144.96001735","29250","2190483578",144.9599614,-37.8070873,"12",1883.233,"4",0,0,0.012,0,false,0.004,false,0.438,921.058,943.595,3074.011,118.231,60.484,21.92,6.366,"26","188","93","94","7","109","2","0","5","0","21","1","1","8",false,0.08475,0.0736640149379206,0.22196875,0.123542988306409,0.29040625,0.13413254383078,0.13596875,0.0628359278649179,1.82690427187382,0.187096880298219,true,0.000292579484754656,144.96001735,-37.80680012,144.9599614,-37.8070873
"86",Queensberry St - Errol St (South),574Qub_T,2021/12/21,,Outdoor,A,East,West,-37.80309992,144.94908064,"-37.80309992, 144.94908064","19114","781093347",144.9491709,-37.8030584,"24",2504.393,"3",0,0,0.013,0,false,0.004,false,0.436,160.735,272.742,5663.913,55.529,39.407,15.8,5.155,"102","245","126","119","21","42","8","2","12","1","11","5","0","8",false,0.170117647058824,0.113120445959683,0.240117647058824,0.149695892709579,0.162823529411765,0.0696556129236166,0.138647058823529,0.0693532093493792,1.8764322978852,0.123440206523712,true,9.93517891214425e-05,144.94908064,-37.80309992,144.9491709,-37.8030584
"87",Errol St (West),Errol23_T,2022/05/20,,Outdoor,A,North,South,-37.80454949,144.94921863,"-37.80454949, 144.94921863","65850","52599856",144.9492808,-37.8046076,"3",439.838,"3",0,0,0.009,0,false,0.002,false,0.495,257.285,370.527,5609.71,70.121,48.534,17.986,6.116,"80","153","78","75","17","24","3","0","13","2","22","1","0","15",false,0.1435,0.0106066017177982,0.273,0.0311126983722081,0.092,0.0197989898732233,0.2435,0.0459619407771256,2.08529792968112,0.219003040143894,true,8.50992420681154e-05,144.94921863,-37.80454949,144.9492808,-37.8046076
"89",City Library,CityLi_T,2013/12/11,,Indoor,A,In,Out,-37.81685964,144.96586575,"-37.81685964, 144.96586575","42411","594192913",144.965937,-37.8167802,"8",2048.424,"3",0,0,0.011,0,false,0.004,false,0.714,992.482,1031.87,4096.492,132.145,49.821,24.106,4.24,"31","807","443","363","18","312","6","3","30","4","36","0","1","3",false,0.194,0.124898316267595,0.059,0.121625678803497,0.171,0.144292701411209,0.01,0.122097140885638,2.01615619546529,0.213449764606488,true,0.00010671118075781,144.96586575,-37.81685964,144.965937,-37.8167802
"94",Fitzroy Garden- The Conservatory,FitConVis_T,2015/03/02,,Indoor,A,In,Out,-37.81303095,144.98124662,"-37.81303095, 144.98124662","37094","241807184",144.9829198,-37.8137676,"6",1462.577,"3",0,0,0.011,0,false,0.004,false,0.082,370.926,241.043,899.651,81.786,35.16,18.785,4.975,"11","93","43","50","21","6","2","0","0","0","0","0","0","0",false,0.459,0.162634559672906,0.256,0.114551298552221,0.0385,0.0487903679018718,0.056,0.0240416305603426,1.55918779293423,0.221441556971841,true,0.00182816425269837,144.98124662,-37.81303095,144.9829198,-37.8137676
"96",Fitzroy Garden Visitor Centre Internal,FitGarVisIInt_T,2015/03/02,,Indoor,A,In,Out,-37.81499687,144.97925064,"-37.81499687, 144.97925064","49162","1449295066",144.9791875,-37.8156386,"27",2174.904,"3",0,0,0.011,0,false,0.004,false,0.064,188.863,142.422,641.444,58.313,23.623,15.97,3.453,"11","43","20","22","9","3","1","0","0","0","1","0","0","0",false,0.354756097560976,0.113950379658824,0.171,0.105511373794487,0.0373170731707317,0.0342625444358634,0.179658536585366,0.0729851388147264,1.81536190657321,0.190858426703855,true,0.000644828700120197,144.97925064,-37.81499687,144.9791875,-37.8156386
"99",Town Hall Visitor Centre,TownVis_T,2020/02/02,,Indoor,A,In,Out,-37.81462143,144.96623279,"-37.81462143, 144.96623279","126","2187874242",144.9660978,-37.8145129,"13",1584.643,"4",0,0,0.017,0.071,false,0.006,false,0.662,714.26,874.454,4292.299,104.69,62.939,21.101,6.352,"41","183","93","90","13","45","1","0","26","2","27","0","0","1",false,0.231571428571429,0.0340874226211426,0.0351428571428571,0.0234480174814316,0.190285714285714,0.0198805959477601,0.303857142857143,0.0837743567993384,1.90767616247865,0.106672927796366,true,0.000173208143570518,144.96623279,-37.81462143,144.9660978,-37.8145129
"104",Kathleen Syme Library Main,KatLib1_T,2018/02/02,,Indoor,A,In,Out,-37.79863553,144.96548206,"-37.79863553, 144.96548206","11753","324235285",144.9656742,-37.798565,"3",774.635,"3",0,0,0.014,0.001,false,0.004,false,0.38,384.679,809.575,4130.412,73.757,64.988,17.478,7.175,"56","460","186","274","8","350","5","0","2","0","3","0","0","3",false,0.388,0.0609179776420721,0.127,0.0175214154679352,0.133333333333333,0.0463177431804846,0.128666666666667,0.021594752448994,1.95528688854812,0.181730102364113,true,0.000204675989059974,144.96548206,-37.79863553,144.9656742,-37.798565
"111",Harbour Esplanade,HarbBlix_T,2021/03/25,,Outdoor Blix,A,,,-37.81442577,144.94436558,"-37.81442577, 144.94436558","2651","6207106576",144.944511,-37.8137936,"3",1050.449,"3",0,0,0.015,0.007,false,0.005,false,0.244,1894.945,1158.831,1084.812,180.802,54.18,27.625,4.389,"6","152","78","73","11","31","4","0","0","1","2","0","0","1",false,0.125789420142421,0.122157019792945,0.305325534079349,0.190267209008608,0.150821973550356,0.143093071578534,0.185407934893184,0.0958048626577349,1.72552022923133,0.260566999639051,true,0.000648680110148599,144.94436558,-37.81442577,144.944511,-37.8137936
"115",Shrine of rememberance-North-East,ShrinNE_T,2022/10/14,,Outdoor Blix,A,,,-37.82999797,144.97376842,"-37.82999797, 144.97376842","16490","247129001",144.9745798,-37.8302108,"1",599.575,"3",0,0,0.013,0,false,0.004,false,0.027,299.513,385.107,490.869,70.124,56.939,17.097,8.418,"7","0","0","0","0","0","0","0","0","1","0","0","0","1",false,0.4496,0.109424860063881,0.2626,0.101438651410594,0.0084,0.00378153408023781,0.099,0.0163859696081739,1.52019384446631,0.0739022274445476,true,0.000838829013137292,144.97376842,-37.82999797,144.9745798,-37.8302108
"119",Pop Up Library - Crossbar - Federation Square,PopLibFed_T,2022/01/25,,Indoor,A,In,Out,-37.81788176,144.96944609,"-37.81788176, 144.96944609","52769","247417082",144.9703981,-37.8176636,"19",2604.479,"3",0,0,0.01,0,false,0.004,false,0.364,2108.321,1912.335,1628.091,203.511,111.344,30.476,9.182,"8","9","4","4","1","0","0","0","1","2","2","0","0","2",false,0.183981969486824,0.124898316267595,0.153417475728155,0.121625678803497,0.239201109570042,0.144292701411209,0.178064724919094,0.122097140885638,1.78789675148199,0.213449764606488,true,0.000976686656884706,144.96944609,-37.81788176,144.9703981,-37.8176636
"121",Royal Park BBQ near the playground and public toilet facility - Gatehouse Street,RoyBlix_T,2023/01/18,"Royal Park BBQ near the playground and public toilet facility, cnr Flemington Road and Gatehouse Street",Outdoor Blix,A,,,-37.79505209,144.95104583,"-37.79505209, 144.95104583","39039","445393655",144.951871,-37.7960511,"13",1575.561,"3",0,0,0.011,0,false,0.004,false,0.078,119.696,66.512,1044.917,49.758,16.886,15.105,3.373,"21","88","41","46","12","26","3","0","0","0","1","0","0","2",false,0.2830625,0.182385477766186,0.3570625,0.174250573887147,0.039125,0.0504775527668818,0.09075,0.0406160887662348,1.66789433762453,0.234151404788761,true,0.00129573396537389,144.95104583,-37.79505209,144.951871,-37.7960511
"122",Birrarung Marr,FedCycle_T,2022/08/23,,Outdoor,A,East,West,-37.81862929,144.97169395,"-37.81862929, 144.97169395","74318","41675719",144.9718373,-37.8196406,"15",1718.162,"1",0,0,0.007,0,false,0.001,false,0.07,569.658,33.494,392.798,98.2,4.495,20.099,0.656,"4","0","0","0","0","0","0","0","0","0","0","0","0","0",false,0.183981969486824,0.124898316267595,0.153417475728155,0.121625678803497,0.239201109570042,0.144292701411209,0.178064724919094,0.122097140885638,1.78789675148199,0.213449764606488,true,0.00102141917869497,144.97169395,-37.81862929,144.9718373,-37.8196406
"5",Princes Bridge,PriNW_T,2009/03/26,,Outdoor,A,North,South,-37.81874249,144.96787656,"-37.81874249, 144.96787656","78845","10219154153",144.9681685,-37.8197216,"7",907.149,"1",0,0,0.005,0,false,0.001,false,0.101,1428.099,1535.993,374.718,124.906,79.15,21.413,6.426,"3","53","27","26","16","10","0","0","2","2","3","0","0","1",false,0.183981969486824,0.124898316267595,0.153417475728155,0.121625678803497,0.239201109570042,0.144292701411209,0.178064724919094,0.122097140885638,1.78789675148199,0.213449764606488,true,0.00102170707920401,144.96787656,-37.81874249,144.9681685,-37.8197216
"19",Chinatown-Swanston St (North),LtB210_T,2013/09/02,,Outdoor,A,East,West,-37.81237202,144.96550671,"-37.81237202, 144.96550671","11756","245531231",144.9656085,-37.8124213,"4",1065.82,"3",0,0,0.014,0.001,false,0.004,false,0.667,819.528,1912.981,4666.261,99.282,81.342,20.231,6.785,"47","132","64","67","6","49","2","0","23","3","42","0","0","1",false,0.183981969486824,0.124898316267595,0.153417475728155,0.121625678803497,0.239201109570042,0.144292701411209,0.178064724919094,0.122097140885638,1.78789675148199,0.213449764606488,true,0.000113091655308182,144.96550671,-37.81237202,144.9656085,-37.8124213
"24",Spencer St-Collins St (North),Col620_T,2013/09/02,,Outdoor,A,East,West,-37.81887963,144.95449198,"-37.81887963, 144.95449198","56892","2174950794",144.9542254,-37.8189774,"31",2831.224,"4",0,0,0.01,0,false,0.003,false,0.578,2856.749,7995.488,3959.215,172.14,177.94,26.117,15.022,"23","108","58","50","2","34","1","0","10","0","18","0","1","2",false,0.139567567567568,0.089704310728991,0.107783783783784,0.0747838125440166,0.382027027027027,0.136477406857628,0.114081081081081,0.0713669618468045,1.82657057722017,0.262985615006575,true,0.000283943426220813,144.95449198,-37.81887963,144.9542254,-37.8189774
"25",Melbourne Convention Exhibition Centre,MCEC_T,2013/08/28,,Outdoor,A,East,West,-37.82401776,144.95604426,"-37.82401776, 144.95604426","40415","591274706",144.9562884,-37.8239191,"21",2289.043,"3",0.333,0.005,0.011,0,false,0.004,false,0.472,18563.377,20793.155,4817.885,688.269,515.768,60.821,34.183,"7","8","3","4","0","1","0","0","0","0","3","0","0","2",false,0.0514791666666667,0.0640149548961382,0.270958333333333,0.120256279233292,0.249145833333333,0.104926517262428,0.180520833333333,0.119942714976302,1.82977920913242,0.158043408610138,true,0.000263321353488538,144.95604426,-37.82401776,144.9562884,-37.8239191
"26",QV Market-Elizabeth St (West),Eli483_T,2013/09/28,,Outdoor,A,North,South,-37.80869543,144.96049403,"-37.80869543, 144.96049403","31520","316414093",144.9602316,-37.8089108,"4",1407.07,"1",0,0,0.012,0,false,0.004,false,0.52,546.524,553.276,4089.334,90.874,47.327,19.414,5.176,"45","130","63","67","4","63","1","0","6","0","9","1","1","0",false,0.163875,0.101848171313971,0.0559375,0.0554418238636982,0.237875,0.0884758912548121,0.32,0.108479798426558,1.71011362881272,0.137727998276118,true,0.000339490414902381,144.96049403,-37.80869543,144.9602316,-37.8089108
"30",Lonsdale St (South),Lon189_T,2013/10/14,,Outdoor,A,East,West,-37.8112185,144.96656806,"-37.8112185, 144.96656806","11768","595594354",144.9664363,-37.8111151,"6",1882.889,"3",0,0,0.014,0.001,false,0.004,false,0.469,403.059,603.312,4442.574,77.94,54.609,18.135,6.073,"57","276","134","141","8","118","6","0","8","1","37","0","0","1",false,0.147285714285714,0.0851815987282744,0.0424285714285714,0.0419120394113559,0.212571428571429,0.077508832062024,0.278428571428571,0.169830167268026,1.68438136083552,0.176794499439962,true,0.000167488081954829,144.96656806,-37.8112185,144.9664363,-37.8111151
"41",Flinders La-Swanston St (West),Swa31,2017/06/29,,Outdoor,A,North,South,-37.81668634,144.96689733,"-37.81668634, 144.96689733","151","1838361782",144.966998,-37.8164706,"8",2297.76,"4",0,0,0.017,0.067,false,0.006,false,0.466,900.225,743.884,3304.646,127.102,66.423,23.335,7.43,"26","327","179","147","8","128","2","1","17","3","18","0","1","2",false,0.167,0.0291890390386529,0.0936,0.043638285942507,0.1914,0.0302125801612507,0.2156,0.189070886177645,1.94534019577964,0.0677887064696795,true,0.000238071830539793,144.96689733,-37.81668634,144.966998,-37.8164706
"44",Tin Alley-Swanston St (West),UM3_T,2015/04/15,,Outdoor,A,North,South,-37.79690473,144.96440378,"-37.79690473, 144.96440378","48113","10208744379",144.9645209,-37.7968046,"16",1137.722,"4",0,0,0.011,0,false,0.004,false,0.404,561.653,1104.109,3556.19,93.584,104.724,19.789,11.313,"38","322","138","183","7","242","3","0","0","0","6","0","0","5",false,0.20385,0.171198338346584,0.19675,0.093501407250879,0.16845,0.0795086721519635,0.17255,0.0391508217296299,1.99736855734467,0.121831226654559,true,0.000154087998558227,144.96440378,-37.79690473,144.9645209,-37.7968046
"46",Pelham St (South),Pel147_T,2017/07/10,,Outdoor,A,East,West,-37.80240719,144.9615673,"-37.80240719, 144.9615673","29219","312718310",144.9613528,-37.8025993,"22",2036.996,"1",0,0,0.012,0,false,0.004,false,0.396,759.959,809.774,3137.738,112.062,68.385,21.49,7.175,"28","103","53","50","1","64","0","0","0","0","3","0","0","7",false,0.205032850241546,0.126213340936908,0.183072463768116,0.120001416679328,0.139512077294686,0.10004359107469,0.232519806763285,0.154496105951945,1.82632909329764,0.190920284511256,true,0.000287952256653229,144.9615673,-37.80240719,144.9613528,-37.8025993
"50",Faraday St-Lygon St (West),Lyg309_T,2017/11/30,,Outdoor,A,North,South,-37.79808192,144.96721013,"-37.79808192, 144.96721013","29077","1287222218",144.9673499,-37.7979868,"4",1544.123,"4",0,0,0.012,0,false,0.004,false,0.482,205.878,607.827,4928.648,54.763,37.748,15.42,4.135,"90","256","129","127","24","59","10","0","9","1","20","1","0","1",false,0.0824444444444444,0.126006062464382,0.223555555555556,0.112999016711553,0.174,0.100442769774633,0.277777777777778,0.169269591021082,1.73600584037623,0.195941562793362,true,0.000169066458217073,144.96721013,-37.79808192,144.9673499,-37.7979868
"51",QVM-Franklin St (North),Fra118_T,2017/11/30,,Outdoor,A,East,West,-37.80841815,144.95906316,"-37.80841815, 144.95906316","32336","2325395493",144.9589648,-37.8085186,"6",1137.196,"3",0,0,0.012,0,false,0.004,false,0.547,584.425,629.932,3683.437,96.933,52.08,20.33,5.603,"38","204","101","102","7","118","2","0","4","0","3","0","0","0",false,0.181588235294118,0.0967025457417806,0.0702941176470588,0.0640632155627182,0.203,0.075429602942081,0.313588235294118,0.0979285829211328,1.7609963608606,0.163325729540044,true,0.000140587666960858,144.95906316,-37.80841815,144.9589648,-37.8085186
"56",Lonsdale St - Elizabeth St (North),Lon364_T,2018/07/25,,Outdoor,A,East,West,-37.81234775,144.96153311,"-37.81234775, 144.96153311","8781","168408553",144.961804,-37.8123517,"3",678.89,"3",0,0,0.014,0.001,false,0.004,false,0.519,491.158,602.595,4098.936,93.158,65.665,20.238,7.753,"44","297","157","139","10","57","18","1","9","0","13","0","0","0",false,0.1628,0.189532641574538,0.1364,0.0778348679363347,0.3002,0.119383415933705,0.1695,0.141790338175773,1.78654378668758,0.159161881516649,true,0.000270918797055108,144.96153311,-37.81234775,144.961804,-37.8123517
"65",Swanston St - City Square,SwaCs_T,2020/03/12,,Outdoor,A,North,South,-37.81569416,144.9668064,"-37.81569416, 144.9668064","56974","2187874241",144.9665599,-37.8155186,"6",656.625,"4",0,0,0.01,0,false,0.003,false,0.521,980.822,797.987,3589.185,132.933,56.412,24.161,5.509,"27","131","68","63","10","23","0","0","18","5","14","0","0","1",false,0.214125,0.0653199542909472,0.0625,0.0552630075185924,0.23925,0.0871333132947111,0.18925,0.158093778679437,1.87325915442872,0.119854966435802,true,0.000302627764096896,144.9668064,-37.81569416,144.9665599,-37.8155186
"66",State Library - New,QVN_T,2020/04/06,,Outdoor,A,North,South,-37.81057846,144.96444294,"-37.81057846, 144.96444294","56999","2187770698",144.9642815,-37.810571,"15",2252.68,"4",0,0,0.01,0,false,0.003,false,0.724,3110.354,6224.01,4218.465,183.412,208.809,25.692,14.39,"23","643","310","332","17","338","8","0","18","7","26","0","0","9",false,0.183981969486824,0.124898316267595,0.153417475728155,0.121625678803497,0.239201109570042,0.144292701411209,0.178064724919094,0.122097140885638,1.78789675148199,0.213449764606488,true,0.000161612268098041,144.96444294,-37.81057846,144.9642815,-37.810571
"67",Flinders Ln -Degraves St (South),FLDegS_T,2020/06/03,,Outdoor,A,East,West,-37.81688755,144.96562569,"-37.81688755, 144.96562569","72568","126919692",144.9656426,-37.8168653,"24",1326.083,"3",0,0,0.007,0,false,0.001,false,0.774,1044.387,1047.168,3965.97,136.758,47.918,24.631,3.802,"29","895","492","402","20","351","7","3","27","4","38","1","1","4",false,0.183981969486824,0.124898316267595,0.153417475728155,0.121625678803497,0.239201109570042,0.144292701411209,0.178064724919094,0.122097140885638,1.78789675148199,0.213449764606488,true,2.7946566867725e-05,144.96562569,-37.81688755,144.9656426,-37.8168653
"68",Flinders Ln -Degraves St (North),FLDegN_T,2020/06/03,,Outdoor,A,East,West,-37.8168479,144.96559789,"-37.8168479, 144.96559789","72568","126919692",144.9656426,-37.8168653,"24",1326.083,"3",0,0,0.007,0,false,0.001,false,0.774,1044.387,1047.168,3965.97,136.758,47.918,24.631,3.802,"29","895","492","402","20","351","7","3","27","4","38","1","1","4",false,0.183981969486824,0.124898316267595,0.153417475728155,0.121625678803497,0.239201109570042,0.144292701411209,0.178064724919094,0.122097140885638,1.78789675148199,0.213449764606488,true,4.79764952859172e-05,144.96559789,-37.8168479,144.9656426,-37.8168653
"70",Errol Street (East),Errol20_T,2020/10/12,,Outdoor,A,North,South,-37.80456984,144.94946228,"-37.80456984, 144.94946228","65850","52599856",144.9492808,-37.8046076,"3",439.838,"3",0,0,0.009,0,false,0.002,false,0.495,257.285,370.527,5609.71,70.121,48.534,17.986,6.116,"80","153","78","75","17","24","3","0","13","2","22","1","0","15",false,0.1435,0.0106066017177982,0.273,0.0311126983722081,0.092,0.0197989898732233,0.2435,0.0459619407771256,2.08529792968112,0.219003040143894,true,0.000185366685256895,144.94946228,-37.80456984,144.9492808,-37.8046076
"75",Spring St- Flinders st (West),SprFli_T,2020/12/18,,Outdoor,A,North,South,-37.81515276,144.97467661,"-37.81515276, 144.97467661","49189","1449431504",144.9747855,-37.8152391,"14",1125.133,"4",0,0,0.011,0,false,0.004,false,0.142,947.878,553.517,730.049,121.675,56.012,21.935,7.008,"6","38","19","19","9","4","0","0","0","1","2","0","0","0",false,0.235875,0.0462398637541245,0.27525,0.0698953299073489,0.155875,0.0705153225496822,0.073375,0.0333892091208265,1.93954035718367,0.106209747027107,true,0.000138966282608485,144.97467661,-37.81515276,144.9747855,-37.8152391
"77",Harbour Esplanade (West) - Pedestrian path,HarEsP_T,2021/03/25,,Outdoor,A,North,South,-37.81441438,144.94433026,"-37.81441438, 144.94433026","2651","6207106576",144.944511,-37.8137936,"3",1050.449,"3",0,0,0.015,0.007,false,0.005,false,0.244,1894.945,1158.831,1084.812,180.802,54.18,27.625,4.389,"6","152","78","73","11","31","4","0","0","1","2","0","0","1",false,0.125789420142421,0.122157019792945,0.305325534079349,0.190267209008608,0.150821973550356,0.143093071578534,0.185407934893184,0.0958048626577349,1.72552022923133,0.260566999639051,true,0.000646556073371601,144.94433026,-37.81441438,144.944511,-37.8137936
"81",Boyd Commuinty - Front door,BoCoF_T,2021/03/30,,Indoor,A,In,Out,-37.82579138,144.96084343,"-37.82579138, 144.96084343","20551","8911224479",144.9605972,-37.8258447,"6",1030.774,"3",0,0,0.013,0,false,0.004,false,0.124,915.815,1105.142,1267.771,115.252,72.329,21.565,7.164,"11","4","1","2","0","0","0","1","0","0","2","0","0","1",false,0.107355555555556,0.0805326459934545,0.145288888888889,0.100044222545065,0.239533333333333,0.0941716517854497,0.254955555555556,0.0708856170677149,1.88193805532582,0.191208667156955,true,0.000251936966933902,144.96084343,-37.82579138,144.9605972,-37.8258447
"88",Micro-Labs,MicLab_T,2022/07/28,,Indoor,A,In,Out,-37.81330972,144.96687704,"-37.81330972, 144.96687704","9119","2188404539",144.9670666,-37.8130849,"2",1210.647,"3",0,0,0.014,0.001,false,0.004,false,0.647,1466.981,1332.037,3321.219,158.153,66.517,26.107,5.773,"21","198","96","101","10","74","3","0","26","2","32","0","0","1",false,0.106,0.0014142135623731,0.057,0.0806101730552664,0.2395,0.0318198051533946,0.154,0.00282842712474619,1.78543962591879,0.152378812179648,true,0.000294069763828489,144.96687704,-37.81330972,144.9670666,-37.8130849
"102",North Melbourne Library,NtMelLib_T,2018/02/02,,Indoor,A,In,Out,-37.80340543,144.94977011,"-37.80340543, 144.94977011","65840","781023109",144.9496075,-37.8034834,"20",1443.519,"3",0,0,0.009,0,false,0.002,false,0.522,224.1,335.171,5817.665,66.11,46.069,17.399,5.966,"88","171","87","84","16","28","5","2","14","2","14","6","0","9",false,0.170833333333333,0.12230054882307,0.177166666666667,0.112547229143497,0.15725,0.0654913248939402,0.14975,0.0863008743240236,1.91425406656572,0.10733388127055,true,0.000180336721153942,144.94977011,-37.80340543,144.9496075,-37.8034834
"105",Kathleen Syme Library Lib,KatLib2_T,2018/02/02,,Indoor,A,In,Out,-37.79861828,144.9652825,"-37.79861828, 144.9652825","36798","369297705",144.9650677,-37.7983813,"15",2026.91,"3",0,0,0.011,0,false,0.004,false,0.383,839.336,1259.786,3106.685,115.062,91.075,22.06,8.984,"27","390","152","238","2","332","2","0","1","0","6","0","0","4",false,0.317,0.150459296821433,0.15,0.0481732982747358,0.17,0.0825106053789451,0.1245,0.0195021366350801,1.99815390535036,0.171369613958467,true,0.00031984146135608,144.9652825,-37.79861828,144.9650677,-37.7983813
"106",Kathleen Syme Library Cafe,KatLib3_T,2018/02/02,,Indoor,A,In,Out,-37.79859459,144.96510921,"-37.79859459, 144.96510921","36798","369297705",144.9650677,-37.7983813,"15",2026.91,"3",0,0,0.011,0,false,0.004,false,0.383,839.336,1259.786,3106.685,115.062,91.075,22.06,8.984,"27","390","152","238","2","332","2","0","1","0","6","0","0","4",false,0.317,0.150459296821433,0.15,0.0481732982747358,0.17,0.0825106053789451,0.1245,0.0195021366350801,1.99815390535036,0.171369613958467,true,0.000217291749039086,144.96510921,-37.79859459,144.9650677,-37.7983813
"107",Flagstaff station (East),280Will_T,2022/10/08,,Outdoor,A,North,South,-37.81246271,144.95690188,"-37.81246271, 144.95690188","58618","6167489361",144.9568675,-37.8125156,"7",1390.818,"3",0,0,0.009,0,false,0.003,false,0.428,1232.027,1925.779,2118.316,124.607,93.98,22.286,8.022,"17","327","160","166","20","138","5","2","3","1","7","0","0","0",false,0.249,0.0480832611206852,0.128,0.151320851173921,0.264,0.0113137084989848,0.0765,0.021920310216783,1.91912786939296,0.202301905480262,true,6.30819823805495e-05,144.95690188,-37.81246271,144.9568675,-37.8125156
"109",La Trobe St- William St (South),LatWill_T,2022/10/08,,Outdoor,A,East,West,-37.81193681,144.95621105,"-37.81193681, 144.95621105","58617","2189145385",144.9563588,-37.8118053,"18",2295.985,"4",0,0,0.009,0,false,0.003,false,0.296,971.918,1405.595,1480.383,113.876,83.477,20.841,7.858,"13","247","121","126","13","92","6","1","2","1","6","0","0","4",false,0.1995,0.112162085097119,0.1575,0.077517739905134,0.1865,0.115298164194694,0.063,0.0342052627529741,1.92392684523421,0.146398331875749,true,0.000197800259347182,144.95621105,-37.81193681,144.9563588,-37.8118053
"110",Birrarung Marr East Entry,BirBlix_T,2021/12/07,,Outdoor Blix,A,,,-37.82102867,144.97590204,"-37.82102867, 144.97590204","2481","54562179",144.9761296,-37.8209866,"17",2132.551,"3",0,0,0.015,0.008,false,0.005,false,0.074,3529.684,5796.316,933.484,233.371,226.101,32.207,21.432,"4","4","2","2","0","0","0","0","0","0","0","0","0","2",false,0.362,0.143384855423946,0.161,0.120912676697501,0,0.137811471731697,0.304,0.107992629049077,1.66472270339136,0.217855187970228,true,0.000231416158696741,144.97590204,-37.82102867,144.9761296,-37.8209866
"113",Micro-labs Blix,MicLBlix_T,2022/07/27,,Indoor Blix,A,,,-37.81334479,144.96689264,"-37.81334479, 144.96689264","9119","2188404539",144.9670666,-37.8130849,"2",1210.647,"3",0,0,0.014,0.001,false,0.004,false,0.647,1466.981,1332.037,3321.219,158.153,66.517,26.107,5.773,"21","198","96","101","10","74","3","0","26","2","32","0","0","1",false,0.106,0.0014142135623731,0.057,0.0806101730552664,0.2395,0.0318198051533946,0.154,0.00282842712474619,1.78543962591879,0.152378812179648,true,0.000312737739496616,144.96689264,-37.81334479,144.9670666,-37.8130849
"116",Fitzroy Garden Visitor Centre Cafe Verandah,FitCafVis_T,2015/03/02,,Indoor,A,In,Out,-37.81493732,144.97932442,"-37.81493732, 144.97932442","49162","1449295066",144.9791875,-37.8156386,"27",2174.904,"3",0,0,0.011,0,false,0.004,false,0.064,188.863,142.422,641.444,58.313,23.623,15.97,3.453,"11","43","20","22","9","3","1","0","0","0","1","0","0","0",false,0.354756097560976,0.113950379658824,0.171,0.105511373794487,0.0373170731707317,0.0342625444358634,0.179658536585366,0.0729851388147264,1.81536190657321,0.190858426703855,true,0.000714521325648435,144.97932442,-37.81493732,144.9791875,-37.8156386
"120",Harbour Esplanade,HarbBlix_T,2021/03/25,,Outdoor Blix,A,,,-37.81442577,144.94436558,"-37.81442577, 144.94436558","2651","6207106576",144.944511,-37.8137936,"3",1050.449,"3",0,0,0.015,0.007,false,0.005,false,0.244,1894.945,1158.831,1084.812,180.802,54.18,27.625,4.389,"6","152","78","73","11","31","4","0","0","1","2","0","0","1",false,0.125789420142421,0.122157019792945,0.305325534079349,0.190267209008608,0.150821973550356,0.143093071578534,0.185407934893184,0.0958048626577349,1.72552022923133,0.260566999639051,true,0.000648680110148599,144.94436558,-37.81442577,144.944511,-37.8137936
"1",Bourke Street Mall (North),Bou292_T,2009/03/24,,Outdoor,A,East,West,-37.81349441,144.96515323,"-37.81349441, 144.96515323","57005","176683334",144.9651209,-37.8133697,"9",1280.84,"1",0,0,0.01,0,false,0.003,false,0.604,1178.402,2221.748,4919.872,119.997,100.388,21.914,9.013,"41","102","50","52","5","38","2","0","33","4","9","1","0","1",false,0.1488,0.10476020236712,0.0694,0.0476791358982102,0.2182,0.0754731740421721,0.2104,0.183346120766162,1.91603587741734,0.179712297460824,true,0.000128832499778864,144.96515323,-37.81349441,144.9651209,-37.8133697
"3",Melbourne Central,Swa295_T,2009/03/25,,Outdoor,A,North,South,-37.81101524,144.96429485,"-37.81101524, 144.96429485","9109","176703266",144.9640807,-37.811156,"8",1789.346,"3",0,0,0.014,0.001,false,0.004,false,0.835,2441.34,5291.105,5014.219,167.141,185.311,25.058,13.778,"30","745","360","385","21","398","9","1","29","1","28","0","0","4",false,0.322,0.124898316267595,0.021,0.121625678803497,0.114,0.144292701411209,0.086,0.122097140885638,1.80377337762247,0.213449764606488,true,0.00025626860925245,144.96429485,-37.81101524,144.9640807,-37.811156
"7",Birrarung Marr,FedPed_T,2014/12/17,,Outdoor,A,East,West,-37.81862929,144.97169395,"-37.81862929, 144.97169395","74318","41675719",144.9718373,-37.8196406,"15",1718.162,"1",0,0,0.007,0,false,0.001,false,0.07,569.658,33.494,392.798,98.2,4.495,20.099,0.656,"4","0","0","0","0","0","0","0","0","0","0","0","0","0",false,0.183981969486824,0.124898316267595,0.153417475728155,0.121625678803497,0.239201109570042,0.144292701411209,0.178064724919094,0.122097140885638,1.78789675148199,0.213449764606488,true,0.00102141917869497,144.97169395,-37.81862929,144.9718373,-37.8196406
"9",Southern Cross Station,Col700_T,2009/03/23,,Outdoor,A,East,West,-37.81982992,144.95102555,"-37.81982992, 144.95102555","46122","827048725",144.9505999,-37.8191543,"6",1171.67,"1",0,0,0.011,0,false,0.004,false,0.605,11355.93,13908.718,2454.443,409.074,239.048,40.923,13.023,"6","112","60","51","3","23","3","0","2","0","3","1","0","0",false,0.042,0.0387169213652119,0.1546,0.0746947119948929,0.3368,0.176814026592915,0.1074,0.11350462545641,1.69583449321035,0.111060354053728,true,0.000798523829890747,144.95102555,-37.81982992,144.9505999,-37.8191543
"12",New Quay,NewQ_T,2009/01/21,,Outdoor,A,East,West,-37.81457988,144.94292398,"-37.81457988, 144.94292398","56811","122751905",144.9427898,-37.8141526,"13",2576.398,"1",0,0,0.01,0,false,0.003,false,0.324,1558.888,1056.866,1583.347,175.927,47.404,28.685,5.494,"9","674","362","310","49","167","27","0","0","0","9","0","0","1",false,0.125789420142421,0.122157019792945,0.305325534079349,0.190267209008608,0.150821973550356,0.143093071578534,0.185407934893184,0.0958048626577349,1.72552022923133,0.260566999639051,true,0.000447853179949044,144.94292398,-37.81457988,144.9427898,-37.8141526
"17",Collins Place (South),Col15_T,2009/03/30,Device is upgraded in 26/02/2020,Outdoor,A,East,West,-37.81362543,144.97323591,"-37.81362543, 144.97323591","42289","1449431206",144.9730847,-37.8136385,"13",2033.696,"3",0,0,0.011,0,false,0.004,false,0.612,737.272,1246.328,4187.157,107.363,88.104,21.241,8.504,"39","134","67","67","31","16","1","1","5","1","9","2","1","3",false,0.136333333333333,0.0301053705064949,0.234,0.0340734500748016,0.273333333333333,0.0376873099774093,0.0763333333333333,0.0234591844132172,1.95191919085083,0.0919494731996125,true,0.000151773808688735,144.97323591,-37.81362543,144.9730847,-37.8136385
"18",Collins Place (North),Col12_T,2009/03/30,,Outdoor,A,East,West,-37.81344862,144.97305353,"-37.81344862, 144.97305353","42289","1449431206",144.9730847,-37.8136385,"13",2033.696,"3",0,0,0.011,0,false,0.004,false,0.612,737.272,1246.328,4187.157,107.363,88.104,21.241,8.504,"39","134","67","67","31","16","1","1","5","1","9","2","1","3",false,0.136333333333333,0.0301053705064949,0.234,0.0340734500748016,0.273333333333333,0.0376873099774093,0.0763333333333333,0.0234591844132172,1.95191919085083,0.0919494731996125,true,0.000192421369136143,144.97305353,-37.81344862,144.9730847,-37.8136385
"20",Chinatown-Lt Bourke St (South),LtB170_T,2013/09/06,,Outdoor,A,East,West,-37.81172914,144.9682466,"-37.81172914, 144.9682466","12082","247012040",144.9682497,-37.8116536,"3",884.202,"3",0,0,0.014,0.001,false,0.004,false,0.623,393.857,525.501,5073.872,76.877,44.027,17.938,4.658,"66","381","201","180","20","120","20","0","8","0","45","0","0","0",false,0.2315,0.00777817459305202,0.0475,0.0106066017177982,0.1725,0.007778174593052,0.457,0.00565685424949239,1.54099734303256,0.00582334123019449,true,7.56035819237713e-05,144.9682466,-37.81172914,144.9682497,-37.8116536
"21",Bourke St-Russell St (West),Rus180_T,2013/09/02,,Outdoor,A,North,South,-37.81244703,144.96778757,"-37.81244703, 144.96778757","42415","245535122",144.9678732,-37.8124836,"22",2166.138,"3",0,0,0.011,0,false,0.004,false,0.551,598.103,769.379,3682.21,94.416,60.643,19.804,6.192,"39","258","130","128","15","77","10","0","15","2","42","0","0","0",false,0.135,0.098226778426252,0.0418,0.0471296085279732,0.264,0.134946285610238,0.2444,0.204030144831591,1.60623145993865,0.192325026113787,true,9.31120926629939e-05,144.96778757,-37.81244703,144.9678732,-37.8124836
"23",Spencer St-Collins St (South),Col623_T,2013/09/02,,Outdoor,A,East,West,-37.81909256,144.95452748,"-37.81909256, 144.95452748","56893","2180491134",144.9542811,-37.8190958,"28",2318.816,"4",0,0,0.01,0,false,0.003,false,0.558,2857.447,7995.345,3996.602,173.765,177.855,26.385,15.042,"23","111","59","52","2","35","1","0","9","0","18","0","1","2",false,0.154307692307692,0.0960271764839609,0.103179487179487,0.0747711849208432,0.376282051282051,0.127714308788662,0.117615384615385,0.0721517462985278,1.81993295702715,0.242936703733005,true,0.000246401302749268,144.95452748,-37.81909256,144.9542811,-37.8190958
"28",The Arts Centre,VAC_T,2013/08/23,,Outdoor,A,North,South,-37.82129925,144.96879309,"-37.82129925, 144.96879309","46356","9107595514",144.9689373,-37.8212399,"18",1220.871,"3",0.333,0.005,0.011,0,false,0.004,false,0.157,4174.9,4539.062,1251.826,312.956,111.146,50.932,32.5,"4","70","36","34","6","19","2","0","1","6","3","0","0","1",false,0.152888888888889,0.131798562629154,0.03,0.0314563189200517,0.111111111111111,0.10776878542097,0.248222222222222,0.0345064406226496,1.67946740182662,0.216877824037577,true,0.000155945332090011,144.96879309,-37.82129925,144.9689373,-37.8212399
"36",Queen St (West),Que85_T,2015/01/20,,Outdoor,A,North,South,-37.81652527,144.96121062,"-37.81652527, 144.96121062","62941","6804242153",144.9613371,-37.8165318,"11",1227.005,"3",0,0,0.009,0,false,0.003,false,0.532,696.02,771.387,4313.622,110.606,64.164,22.084,6.962,"39","214","115","99","9","46","5","0","3","1","8","0","0","2",false,0.220714285714286,0.0671210704267899,0.022,0.0206155281280883,0.214,0.0550666263115268,0.370571428571429,0.09549495125024,1.70153365274061,0.17757595550711,true,0.000126648455582665,144.96121062,-37.81652527,144.9613371,-37.8165318
"37",Lygon St (East),Lyg260_T,2015/02/11,,Outdoor,A,North,South,-37.80310271,144.96671451,"-37.80310271, 144.96671451","54699","3208518282",144.9665909,-37.803143,"8",1372.452,"3",0,0,0.01,0,false,0.003,false,0.28,271.933,270.686,3303.992,68.833,28.647,17.527,3.494,"48","117","59","58","4","38","3","0","3","0","12","0","0","3",false,0.338,0.0212132034355964,0.051,0.00424264068711928,0.043,0.00565685424949238,0.403,0.00282842712474619,1.55347121092564,0.0303538103790085,true,0.000130010446506397,144.96671451,-37.80310271,144.9665909,-37.803143
"40",Lonsdale St-Spring St (West),Spr201_T,2015/01/19,,Outdoor,A,North,South,-37.80999341,144.97227587,"-37.80999341, 144.97227587","11934","246439403",144.9718664,-37.8102032,"11",1329.538,"1",0,0,0.014,0.001,false,0.004,false,0.459,704.779,893.873,3243.478,101.359,54.39,20.424,5.489,"32","491","254","235","39","261","4","0","2","1","14","0","2","2",false,0.236777777777778,0.101402388751175,0.172444444444444,0.0932980588103406,0.136222222222222,0.0935063871852851,0.174333333333333,0.145958041916162,1.88125280732648,0.11622798497685,true,0.000460084258581867,144.97227587,-37.80999341,144.9718664,-37.8102032
"42",Grattan St-Swanston St (West),UM1_T,2015/04/15,,Outdoor,A,North,South,-37.80008566,144.96386412,"-37.80008566, 144.96386412","49476","1492169335",144.9638978,-37.8003733,"3",946.981,"4",0.167,0.001,0.01,0,false,0.004,false,0.41,753.599,876.129,3140.819,120.801,87.517,23.345,10.519,"26","359","163","196","14","253","0","0","4","0","7","1","0","11",false,0.205032850241546,0.126213340936908,0.183072463768116,0.120001416679328,0.139512077294686,0.10004359107469,0.232519806763285,0.154496105951945,1.82632909329764,0.190920284511256,true,0.000289605096636678,144.96386412,-37.80008566,144.9638978,-37.8003733
"55",Elizabeth St-La Trobe St (East),Eli380_T,2018/07/19,,Outdoor,A,North,South,-37.80988941,144.96134331,"-37.80988941, 144.96134331","56968","2190483595",144.9611666,-37.8097289,"8",1881.68,"3",0,0,0.01,0,false,0.003,false,0.529,1599.889,4369.832,5270.806,135.149,150.071,23.031,10.513,"39","275","131","144","15","143","2","0","7","0","12","1","0","2",false,0.1205,0.104034609625836,0.0661875,0.0288125406724225,0.35275,0.0884175698979941,0.235875,0.136068058950904,1.77544621702512,0.18814420122119,true,0.000238725541552856,144.96134331,-37.80988941,144.9611666,-37.8097289
"57",Bourke St Bridge,BouBri_T,2018/08/13,,Outdoor,A,East,West,-37.8176735,144.95025594,"-37.8176735, 144.95025594","69621","60653706",144.9502679,-37.817899,"4",415.888,"4",0.167,0.001,0.008,0,false,0.002,false,0.325,12772.134,14875.831,2325.291,465.058,211.915,45.759,8.764,"5","143","76","66","5","28","4","0","3","0","5","1","0","0",false,0.0462,0.046511169506785,0.1779,0.122857143779993,0.2509,0.165475375811629,0.1233,0.068933220502809,1.73442805356742,0.32267953096291,true,0.000225816942675856,144.95025594,-37.8176735,144.9502679,-37.817899
"61",RMIT Building 14,RMIT14_T,2019/06/28,,Outdoor,A,North,South,-37.80767455,144.96309114,"-37.80767455, 144.96309114","66160","2183273515",144.962747,-37.8074249,"5",921.445,"3",0.333,0.004,0.008,0,false,0.002,false,0.502,1714.219,1118.111,2745.489,171.593,61.872,26.991,5.779,"16","312","153","159","5","156","3","1","5","0","8","0","0","7",false,0.0762432432432432,0.0776614466791619,0.115108108108108,0.0447044515455451,0.410405405405405,0.0973323228998521,0.157027027027027,0.0803279688687731,1.80014939912446,0.188587064551976,true,0.000425155809189525,144.96309114,-37.80767455,144.962747,-37.8074249
"62",La Trobe St (North),Lat224_T,2019/09/25,,Outdoor,A,East,West,-37.80996494,144.96216521,"-37.80996494, 144.96216521","69549","6167279410",144.9621113,-37.8101334,"17",1901.466,"3",0,0,0.008,0,false,0.002,false,0.954,1916.984,5136.962,3972.437,141.873,176.271,23.132,12.342,"28","353","172","180","13","207","2","1","7","2","24","0","0","4",false,0.0501538461538462,0.0788049197995619,0.107115384615385,0.0774861675000523,0.352769230769231,0.103703156246011,0.185153846153846,0.152643556642969,1.76282223634885,0.224129700422896,true,0.0001768758313005,144.96216521,-37.80996494,144.9621113,-37.8101334
"63",231 Bourke St,Bou231_T,2020/01/07,,Outdoor,A,East,West,-37.81333081,144.96675571,"-37.81333081, 144.96675571","9119","2188404539",144.9670666,-37.8130849,"2",1210.647,"3",0,0,0.014,0.001,false,0.004,false,0.647,1466.981,1332.037,3321.219,158.153,66.517,26.107,5.773,"21","198","96","101","10","74","3","0","26","2","32","0","0","1",false,0.106,0.0014142135623731,0.057,0.0806101730552664,0.2395,0.0318198051533946,0.154,0.00282842712474619,1.78543962591879,0.152378812179648,true,0.000396389102024453,144.96675571,-37.81333081,144.9670666,-37.8130849
"69",Flinders Ln -Degraves St (Crossing),FLDegC_T,2020/06/03,,Outdoor,A,North,South,-37.81687226,144.96559144,"-37.81687226, 144.96559144","72568","126919692",144.9656426,-37.8168653,"24",1326.083,"3",0,0,0.007,0,false,0.001,false,0.774,1044.387,1047.168,3965.97,136.758,47.918,24.631,3.802,"29","895","492","402","20","351","7","3","27","4","38","1","1","4",false,0.183981969486824,0.124898316267595,0.153417475728155,0.121625678803497,0.239201109570042,0.144292701411209,0.178064724919094,0.122097140885638,1.78789675148199,0.213449764606488,true,5.16312618451044e-05,144.96559144,-37.81687226,144.9656426,-37.8168653
"71",Westwood Place,WestWP_T,2020/10/16,,Outdoor,A,North,South,-37.81235775,144.97136962,"-37.81235775, 144.97136962","14706","255058365",144.9710567,-37.8122878,"7",1526.252,"1",0,0,0.013,0.001,false,0.004,false,0.546,561.62,904.268,4402.869,89.854,60.591,19.653,5.709,"49","209","105","103","32","31","6","0","12","1","26","0","0","1",false,0.220666666666667,0.12216035164959,0.0464166666666667,0.0553262363101126,0.31325,0.0841082905869246,0.24,0.100904995821903,1.72112253918947,0.0763206200707642,true,0.000320642992904701,144.97136962,-37.81235775,144.9710567,-37.8122878
"78",Harbour Esplanade (West) - Bike Path,HarEsB_T,2021/03/30,,Outdoor,A,North,South,-37.81471642,144.9446508,"-37.81471642, 144.9446508","5868","1131986101",144.9448629,-37.8149911,"15",1424.266,"3",0,0,0.014,0.003,false,0.005,false,0.092,2618.337,1163.687,1215.523,243.105,87.704,33.837,8.507,"5","46","24","21","3","8","1","0","0","1","0","0","0","1",false,0.125789420142421,0.122157019792945,0.305325534079349,0.190267209008608,0.150821973550356,0.143093071578534,0.185407934893184,0.0958048626577349,1.72552022923133,0.260566999639051,true,0.000347038200199602,144.9446508,-37.81471642,144.9448629,-37.8149911
"80",Boyd Commuinty - Rear door,BoCoR_T,2021/03/30,,Indoor,A,In,Out,-37.8254567,144.96131206,"-37.8254567, 144.96131206","20556","298045602",144.9611145,-37.8251813,"8",1155.266,"4",0,0,0.013,0,false,0.004,false,0.346,1359.112,770.405,1796.916,149.743,39.126,24.996,3.389,"12","457","231","226","23","135","12","1","0","0","3","0","0","1",false,0.18934693877551,0.10601091748424,0.104510204081633,0.0691737313005509,0.201836734693878,0.0602703447458392,0.24830612244898,0.0682975121806646,1.89094685437037,0.148995779632127,true,0.000338932314188599,144.96131206,-37.8254567,144.9611145,-37.8251813
"84",Elizabeth St - Flinders St (East) - New footpath,ElFi_T,2021/12/03,,Outdoor,A,North,South,-37.81798049,144.96503383,"-37.81798049, 144.96503383","64848","2165149751",144.9648483,-37.8181412,"11",1519.45,"4",0,0,0.009,0,false,0.002,false,0.423,1040.163,841.087,3625.825,181.291,143.063,31.724,20.012,"20","447","241","205","10","169","4","0","7","0","22","0","1","0",false,0.0330833333333333,0.0340493180637448,0.0948333333333333,0.0161122953239463,0.285083333333333,0.0458881215236546,0.39875,0.0268264625120252,1.69380429491405,0.119545055818812,true,0.000245456890318309,144.96503383,-37.81798049,144.9648483,-37.8181412
"85",Macaulay Rd (North),488Mac_T,2021/12/21,,Outdoor,A,East,West,-37.79432415,144.92973378,"-37.79432415, 144.92973378","7127","123346996",144.9299637,-37.7943969,"23",2415.812,"3",0,0,0.014,0.002,false,0.005,false,0.353,115.375,111.999,5445.289,49.957,24.048,15.358,4.579,"109","132","64","67","16","11","8","1","19","0","18","5","0","2",false,0.150333333333333,0.11097327005485,0.179,0.108870565351706,0.141,0.0626290667342249,0.11,0.010733126291999,2.08637559319365,0.237371522017133,true,0.000241155072317675,144.92973378,-37.79432415,144.9299637,-37.7943969
"90",Boyd Community Hub- Library,BoCoL_T,2015/08/11,,Indoor,A,In,Out,-37.82556207,144.96115421,"-37.82556207, 144.96115421","20556","298045602",144.9611145,-37.8251813,"8",1155.266,"4",0,0,0.013,0,false,0.004,false,0.346,1359.112,770.405,1796.916,149.743,39.126,24.996,3.389,"12","457","231","226","23","135","12","1","0","0","3","0","0","1",false,0.18934693877551,0.10601091748424,0.104510204081633,0.0691737313005509,0.201836734693878,0.0602703447458392,0.24830612244898,0.0682975121806646,1.89094685437037,0.148995779632127,true,0.000382835051945643,144.96115421,-37.82556207,144.9611145,-37.8251813
"91",Library at The Dock-North side,DocLib1_T,2015/06/05,,Indoor,A,In,Out,-37.8200188,144.94029861,"-37.8200188, 144.94029861","70811","6681538751",144.9401135,-37.8200679,"13",2029.862,"1",0,0,0.008,0,false,0.001,false,0.284,1341.01,1766.209,1925.669,160.472,127.477,31.122,19.84,"12","50","26","23","4","9","1","1","0","1","0","0","0","9",false,0.027,0.122157019792945,0,0.190267209008608,0.662,0.143093071578534,0,0.0958048626577349,1.02087027693236,0.260566999639051,true,0.000191511154000291,144.94029861,-37.8200188,144.9401135,-37.8200679
"92",Library at The Dock-South side,DocLib2_T,2015/06/05,,Indoor,A,In,Out,-37.82016286,144.94039584,"-37.82016286, 144.94039584","70811","6681538751",144.9401135,-37.8200679,"13",2029.862,"1",0,0,0.008,0,false,0.001,false,0.284,1341.01,1766.209,1925.669,160.472,127.477,31.122,19.84,"12","50","26","23","4","9","1","1","0","1","0","0","0","9",false,0.027,0.122157019792945,0,0.190267209008608,0.662,0.143093071578534,0,0.0958048626577349,1.02087027693236,0.260566999639051,true,0.000297881313962622,144.94039584,-37.82016286,144.9401135,-37.8200679
"93",East Melbourne Library,EastLib_T,2013/02/02,,Indoor,A,In,Out,-37.81498411,144.98638807,"-37.81498411, 144.98638807","63389","3144992692",144.9862468,-37.8149608,"8",1649.956,"1",0,0,0.009,0,false,0.003,false,0.255,304.08,201.504,2717.694,84.928,32.757,20.513,4.812,"32","119","57","62","39","12","3","1","0","0","1","0","0","0",false,0.320333333333333,0.0806494471979401,0.290333333333333,0.0265015722804013,0.139333333333333,0.0964589722801012,0.0823333333333333,0.0189296944860009,1.74946035720494,0.0406117858709132,true,0.000143180197652816,144.98638807,-37.81498411,144.9862468,-37.8149608
"95",Fitzroy Garden Visitor Centre External,FitGarExtVisExt_T,2015/03/02,,Indoor,A,In,Out,-37.81488315,144.97926569,"-37.81488315, 144.97926569","49162","1449295066",144.9791875,-37.8156386,"27",2174.904,"3",0,0,0.011,0,false,0.004,false,0.064,188.863,142.422,641.444,58.313,23.623,15.97,3.453,"11","43","20","22","9","3","1","0","0","0","1","0","0","0",false,0.354756097560976,0.113950379658824,0.171,0.105511373794487,0.0373170731707317,0.0342625444358634,0.179658536585366,0.0729851388147264,1.81536190657321,0.190858426703855,true,0.0007594856013127,144.97926569,-37.81488315,144.9791875,-37.8156386
"98",Little Collins Pop-up Library,LiCoPop_T,2021/02/02,,Indoor,A,In,Out,-37.81417186,144.96700886,"-37.81417186, 144.96700886","123","176721271",144.9671166,-37.8142113,"36",3662.606,"3",0,0,0.017,0.072,false,0.006,false,0.708,895.206,772.257,3914.77,122.337,57.947,22.916,5.842,"32","147","73","73","12","33","1","0","15","2","26","0","0","1",false,0.243,0.124898316267595,0.007,0.121625678803497,0.186,0.144292701411209,0.125,0.122097140885638,2.13189634029262,0.213449764606488,true,0.000114731953702979,144.96700886,-37.81417186,144.9671166,-37.8142113
"103",Kensington Town Hall,KenTown_T,2018/02/02,,Indoor,A,In,Out,-37.7893527,144.9286055,"-37.7893527, 144.9286055","4721","67760812",144.9284738,-37.7898059,"26",3092.519,"3",0,0,0.015,0.003,false,0.005,false,0.276,115.65,135.557,3758.727,45.838,21.793,14.221,3.586,"82","176","79","97","32","19","13","0","0","0","0","0","0","1",false,0.198616,0.124603485740306,0.32908,0.17364817405724,0.055004,0.0637855655890111,0.115052,0.0328649618724182,1.78304539711929,0.248545243682099,true,0.000471948228087753,144.9286055,-37.7893527,144.9284738,-37.7898059
"108",William St - Little Lonsdale St (West),261Will_T,2022/10/08,,Outdoor,A,North,South,-37.81295822,144.95678789,"-37.81295822, 144.95678789","67862","2189145384",144.9567994,-37.8127588,"19",2133.888,"4",0,0,0.008,0,false,0.002,false,0.532,1298.429,1901.397,2232.71,131.336,90.223,23.137,7.246,"17","378","185","193","23","160","5","2","4","1","6","0","0","0",false,0.108,0.0714469500165449,0.12825,0.0715,0.46575,0.129193330581213,0.06925,0.019989580619246,1.67966348169078,0.256467187328676,true,0.000199751887351985,144.95678789,-37.81295822,144.9567994,-37.8127588
"112",Argyle Sq Park,ArgSqBlix_T,2021/10/07,,Outdoor Blix,A,,,-37.802553,144.96564218,"-37.802553, 144.96564218","51245","6207067488",144.9651758,-37.8025965,"6",799.758,"3",0,0,0.01,0,false,0.004,false,0.234,643.74,590.665,1993.607,99.68,50.808,20.155,5.722,"20","634","296","337","9","390","6","0","0","0","0","0","0","2",false,0.205032850241546,0.126213340936908,0.183072463768116,0.120001416679328,0.139512077294686,0.10004359107469,0.232519806763285,0.154496105951945,1.82632909329764,0.190920284511256,true,0.000468404263863278,144.96564218,-37.802553,144.9651758,-37.8025965
"114",Shrine of rememberance-North-West,ShrinNW_T,2022/10/14,,Outdoor Blix,A,,,-37.83025925,144.97277626,"-37.83025925, 144.97277626","79030","848376249",144.9713927,-37.8298858,"21",1470.781,"1",0,0,0.005,0,false,0.001,false,0.181,893.103,724.903,1229.622,111.784,62.232,20.885,7.287,"11","194","95","98","34","33","3","1","1","0","1","0","1","1",false,0.303318181818182,0.0856522913328699,0.158931818181818,0.0897902977426312,0.0918863636363636,0.096005623844258,0.143909090909091,0.0634880754897082,1.99492666585694,0.175064944862936,true,0.00143307472801692,144.97277626,-37.83025925,144.9713927,-37.8298858
"117",114 Flinders Street Car Park Footpath,Fli114F_T,2022/12/06,,Outdoor,A,East,West,-37.81629332,144.97090877,"-37.81629332, 144.97090877","12117","8582679085",144.9708957,-37.8158273,"10",1408.908,"1",0,0,0.014,0.001,false,0.004,false,0.65,1147.716,1750.958,3186.173,122.545,85.567,22.051,7.248,"26","144","77","67","11","17","3","0","1","3","21","0","0","0",false,0.1685,0.0525651976121083,0.320166666666667,0.0315874447631755,0.256833333333333,0.0378122555088515,0.0986666666666667,0.0385261815739202,1.81980278877622,0.100994009002398,true,0.000466203244623558,144.97090877,-37.81629332,144.9708957,-37.8158273
"118",114 Flinders Street Car Park Crossing,Fli114C_T,2022/12/06,,Outdoor,A,North,South,-37.81632783,144.97090512,"-37.81632783, 144.97090512","12117","8582679085",144.9708957,-37.8158273,"10",1408.908,"1",0,0,0.014,0.001,false,0.004,false,0.65,1147.716,1750.958,3186.173,122.545,85.567,22.051,7.248,"26","144","77","67","11","17","3","0","1","3","21","0","0","0",false,0.1685,0.0525651976121083,0.320166666666667,0.0315874447631755,0.256833333333333,0.0378122555088515,0.0986666666666667,0.0385261815739202,1.81980278877622,0.100994009002398,true,0.000500618634587704,144.97090512,-37.81632783,144.9708957,-37.8158273
